"0";"NAPRAWA";" Przemiany, sztuczka";" 1 minuta";" Dotyk";" W, S, M (dwa magnetyty)";" Natychmiastowy";" Czar naprawia pojedyncze uszkodzenie lub rozdarcie dotkniętego przedmiotu, np.: pęknięte ogniwo łańcucha, złamany na pół klucz, rozdarty płaszcz czy cieknący bukłak. Naprawiasz usterki, nie pozostawiając po nich śladu, o ile żaden z wymiarów uszkodzenia lub rozdarcia nie przekracza 30cm.<br><br>Przy pomocy tego czaru, możesz fizycznie naprawić magiczny przedmiot lub konstrukt, jednak nie przywracasz mu magicznego działania.";"Kleryk"
"0";"ODPORNOŚĆ";" Odpychanie, sztuczka";" 1 akcja";" Dotyk";" W, S, M (miniaturowa peleryna)";" Koncentracja, do 1 minuty";" Dotykasz przychylnej istoty.<br><br>Póki zaklęcie trwa, może ona rzucić jeden raz k4 i dodać otrzymany wynik do wybranego rzutu obronnego. Dodatkową kością można rzucić przed rzutem obronnym lub po nim.<br><br>Zaklęcie kończy się po wykorzystaniu premii.";"Kleryk"
"0";"POWSTRZYMANIE ŚMIERCI";" Wywoływanie, sztuczka";" 1 akcja";" Dotyk";" W, S";" Natychmiastowy";" Dotykasz żywej istoty mającej 0 PW i ją stabilizujesz. Zaklęcie nie działa na konstrukty i nieumarłych.";"Kleryk"
"0";"ŚWIATŁO";" Wywoływanie, sztuczka";" 1 akcja";" Dotyk";" W, M (świetlik lub fosforyzujący mech)";" 1 godzina";" Dotykasz obiektu, którego żaden z wymiarów nie przekracza 3m. Dopóki czar trwa, obiekt świeci światłem w promieniu kolejnych 6m. Czar dobiega końca, gdy rzucisz go ponownie lub zakończysz go w ramach swojej akcji.<br><br>Jeżeli rzucasz ten czar na przedmiot trzymany lub noszony przez wrogą istotę, to musi ona wykonać udany rzut obronny na Zręczność, by uniknąć efektu.";"Kleryk"
"0";"ŚWIĘTY PŁOMIEŃ";" Wywoływanie, sztuczka";" 1 akcja";" 18 metrów";" W, S";" Natychmiastowy";" Na stworzenie, które widzisz w zasięgu czaru, spływa płomienna światłość. Musi ono wykonać rzut obronny na Zręczność. W przypadku niepowodzenia, otrzymuje 1k8 obrażeń od światłości. Do tego rzutu obronnego nie liczą się korzyści z przebywania za osłoną.<br><br>Obrażenia z tego zaklęcia zwiększają się o 1k8, gdy osiągniesz 5. poziom (do 2k8), 11. poziom (do 3k8) i 17. poziom (do 4k8).";"Kleryk"
"0";"TAUMATURGIA";" Przemiany, sztuczka";" 1 akcja";" 9 metrów";" W";" Do 1 minuty";" W zasięgu czaru tworzysz jeden z magicznych efektów:<br>*Na 1 minutę twój głos ulega trzykrotnemu wzmocnieniu.<br>*Przez 1 minutę płomienie migoczą/rozjaśniają<br>się/przygasają/zmieniają kolor.<br>*Podłoże niegroźnie drży przez 1 minutę.<br>*Z wybranego miejsca w zasięgu czaru, dobiega krótki dźwięk, np.: grzmot pioruna, krakanie kruka, upiorne szepty.<br>*Zatrzaskują się lub otwierają na oścież nie zamknięte na klucz drzwi lub okno.<br>*Na 1 minutę zmienia się wygląd twoich oczu.<br><br>Jeśli rzucisz sztuczkę wielokrotnie, aktywne mogą być jednocześnie najwyżej 3 jednominutowe efekty. Każdy z nich możesz zakończyć w ramach swojej akcji.";"Kleryk"
"0";"WSKAZÓWKI";" Wieszczenie, sztuczka";" 1 akcja";" Dotyk";" W, S";" Koncentracja, do 1 minuty";" Dotykasz przychylnej istoty.<br>Przed zakończeniem działania czaru, może ona dodać k4 do wyniku jednego wybranego testu cechy. Może wykonać ten rzut przed testem lub po nim. Kiedy to zrobi, zaklęcie dobiega końca.";"Kleryk"
"1";"BŁOGOSŁAWIEŃSTWO";" Uroki, 1. krąg";" 1 akcja";" 9 metrów";" W, S, M (pokropienie wodą święconą)";" Koncentracja, do 1 minuty";" Wybierasz i błogosławisz do 3 wybranych stworzeń znajdujących się w zasięgu czaru. Podczas trwania zaklęcia pobłogosławieni mogą dodać 1k4 do wyniku testu ataku lub rzutu obronnego.<br><br>Na wyższych kręgach. Jeśli rzucasz ten czar,<br>wykorzystując komórkę co najmniej 2. kręgu, za każdy krąg powyżej 1. możesz pobłogosławić jedną dodatkową osobę.";"Kleryk"
"1";"KOJĄCE SŁOWO";" Wywoływanie, 1. krąg";" 1 akcja dodatkowa";" 18 metrów";" W";" Natychmiastowy";" Wybrana istota, którą widzisz w zasięgu czaru, odzyskuje punkty wytrzymałości w liczbie 1k4 + twój modyfikator z cechy bazowej. Czar nie działa na nieumarłych i kostuchy.<br><br>Na wyższych kręgach. Jeśli rzucasz ten czar,<br>wykorzystując komórkę co najmniej 2. kręgu, za każdy twój krąg powyżej 1. liczba leczonych PW zwiększa się o 1k4.";"Kleryk"
"1";"LECZENIE RAN";" Wywoływanie, 1. krąg";" 1 akcja";" Dotyk";" W, S";" Natychmiastowy";" Istota, której dotykasz, odzyskuje punkty wytrzymałości w liczbie równej 1k8 + twój modyfikator z cechy bazowej. Czar nie działa na nieumarłych i kostuchy.<br><br>Na wyższych kręgach. Jeśli rzucasz ten czar,<br>wykorzystując komórkę co najmniej 2. kręgu, za każdy krąg powyżej 1. przywracasz dodatkowe 1k8 punktów wytrzymałości.";"Kleryk"
"1";"OCHRONA PRZED DOBREM I ZŁEM";" Odpychanie, 1. krąg";" 1 akcja";" Dotyk";" W, S, M (woda święcona albo sproszkowane srebro i żelazo, zużywane przez zaklęcie)";" Koncentracja, do 10 minut";" Podczas trwania czaru jedna przychylna istota jest chroniona przed określonymi rodzajami stworzeń: czartami, fey, niebianami, nieumarłymi, wynaturzeniami i żywiołakami.<br><br>Ochrona zapewnia kilka korzyści. Istoty wymienionych typów mają utrudnienie w testach ataku przeciwko celowi zaklęcia. Jest on również niepodatny na zauroczenie, przerażenie lub opętanie przez te istoty. Jeśli podczas rzucania czaru był zauroczony, przerażony lub opętany przez jedną z takich istot, to ma ułatwienie w kolejnych rzutach obronnych przeciwko odpowiedniemu efektowi.";"Kleryk"
"1";"OCZYSZCZENIE JADŁA I NAPOJU";" Przemiany, 1. krąg";" 1 akcja";" 3 metry";" W, S";" Natychmiastowy";" Wybierasz punkt w zasięgu czaru. Niemagiczne pożywienie i napoje w obrębie sfery o promieniu 1,5m od niego zostają oczyszczone i uwolnione od trucizn i chorób.";"Kleryk"
"1";"POCISK WIODĄCY";" Wywoływanie, 1. krąg";" 1 akcja";" 36 metrów";" W, S";" 1 runda";" Ku wybranej istocie w zasięgu czaru mknie świetlisty pocisk. Wykonaj atak dystansowy czarem. Trafiony cel otrzymuje 4k6 obrażeń od światłości, a następny atak przeciw niemu wykonany przed końcem twojej następnej tury ma ułatwienie, ponieważ cel jest podświetlony słabym, magicznym poblaskiem.<br><br>Na wyższych kręgach. Jeśli rzucasz ten czar,<br>wykorzystując komórkę co najmniej 2. kręgu, za każdy krąg powyżej 1., zwiększasz obrażenia o 1k6.";"Kleryk"
"1";"ROZKAZ";" Uroki, 1. krąg";" 1 akcja";" 18 metrów";" W";" 1 runda";" Istota musi ona wykonać udany rzut obronny na Mądrość albo w swojej następnej turze wypełnić twoje polecenie. Zaklęcie nie działa na nieumarłych oraz istoty nierozumiejące twojego języka. Nie odniesie również skutku, jeśli wykonanie go będzie bezpośrednio zagrażało zauroczonej istocie. Poniżej kilka typowych rozkazów. Możesz wydać inne, wówczas MP określa sposób zachowania istoty. Jeżeli cel nie jest w stanie wykonać rozkazu, to zaklęcie się kończy. Podejdź. Przemieszcza się w twoim kierunku najkrótszą i najbardziej bezpośrednią drogą, a gdy znajdzie się 1,5m od ciebie, jego tura się kończy. Puść. Wypuszcza trzymane rzeczy, a jego tura dobiega końca Uciekaj. Cel zaklęcia przeznacza swoją turę na to, by jak najszybciej oddalić się od ciebie. Padnij. Pada powalony na ziemię, a jego tura się kończy. Zatrzymaj się. Cel zaklęcia nie przemieszcza się i nie wykonuje żadnych akcji... <br>Podręcznik gracza str.259 ";"Kleryk"
"1";"SANKTUARIUM";" Odpychanie, 1 krąg";" 1 akcja dodatkowa";" 9 metrów";" W, S, M (małe srebrne lusterko)";" 1 minuta";" Osłaniasz przed atakiem istotę znajdującą się w zasięgu. Do końca trwania czaru każde stworzenie chcące ją zaatakować lub rzucić na nią wyrządzający krzywdę czar, musi wykonać rzut obronny na Mądrość. W przypadku niepowodzenia musi wybrać inny cel, albo utracić ten atak lub czar. Sanktuarium nie chroni przed efektami obszarowymi, takimi jak eksplozja kuli ognia.<br><br>Czar kończy się, kiedy ochraniająca istota wykona atak, rzuci zaklęcie obejmujące działaniem przeciwnika lub zada obrażenia innemu stworzeniu.";"Kleryk"
"1";"STWORZENIE LUB ZNISZCZENIE WODY";" Przemiany, 1. krąg";" 1 akcja";" 9 metrów";" W, S, M (kropla wody do tworzenia wody lub kilka ziaren piasku do jej zniszczenia)";" Natychmiastowy";" *Stworzenie wody. Tworzysz do 40l czystej wody w otwartym pojemniku w zasięgu czaru. Alternatywnie możesz stworzyć ją jako opad deszczu na obszarze w kształcie sześcianu o boku 9m w zasięgu czaru. Opad ten gasi nieosłonięte płomienie.<br><br>*Zniszczenie wody. Niszczysz do 40l wody w otwartym pojemniku w zasięgu czaru. Możesz zamiast tego usunąć mgłę na obszarze w kształcie sześcianu o boku 9m w zasięgu czaru.<br><br>Na wyższych kręgach. Jeśli rzucasz ten czar,<br>wykorzystując komórkę co najmniej 2. kręgu, za każdy krąg powyżej 1. tworzysz lub niszczysz dodatkowo 40 litrów wody, albo zwiększasz bok sześcianu o 1,5m.";"Kleryk"
"1";"TARCZA WIARY";" Odpychanie, 1. krąg";" 1 akcja dodatkowa";" 18 metrów";" W, S, M (niewielki pergamin z fragmentem świętego tekstu)";" Koncentracja, do 10 minut";" Wybraną przez ciebie istotę w zasięgu czaru, otacza migocząca osłona, która zapewnia jej +2 KP na czas trwania zaklęcia.";"Kleryk"
"1";"WYKRYCIE DOBRA I ZŁA";" Wieszczenie, 1. krąg";" 1 akcja";" Na siebie";" W, S";" Koncentracja, do 10 minut";" Podczas działania czaru potrafisz określić, czy w obrębie 9m od ciebie przebywa czart, fey, niebianin, nieumarły, wynaturzenie lub żywiołak, i poznajesz jego lokalizację. Wiesz także, czy na tym obszarze jest miejsce, które zostało magicznie uświęcone lub splugawione.<br><br>Zaklęcie przenika przez większość barier, ale jest blokowane przez 30cm kamienia, 2,5cm metalu, cienką warstwę ołowiu lub 90cm drewna bądź ziemi.";"Kleryk"
"1";"WYKRYCIE MAGII";" Wieszczenie, 1. krąg rytuał";" 1 akcja";" Na siebie";" W, S, M";" Koncentracja, do 10 min";" Podczas trwania czaru, wyczuwasz magię w obrębie 9m od siebie. Gdy wykryjesz w ten sposób obecność magii w stworzeniu lub obiekcie, możesz wykorzystać swoją akcję, by zobaczyć jego nikłą aurę i dowiedzieć się, z jakiej szkoły pochodzi ta magia (jeśli przynależy do którejś ze szkół). <br><br>Wykrycie magii przenika przez większość barier, ale jest blokowane przez kamień o grubości 30 cm, metal o grubości 2,5cm, drewno lub ziemię o grubości 90 cm lub cienką warstwę ołowiu.";"Kleryk"
"1";"WYKRYCIE TRUCIZNY I CHOROBY";" Wieszczenie, 1. krąg";" 1 akcja";" Na siebie";" W, S, M (liść cisu)";" Koncentracja, do 10 minut";" Podczas trwania czaru wyczuwasz obecność i lokalizację trucizn, jadowitych istot i chorób w obrębie 9m od siebie. W każdym przypadku potrafisz rozpoznać rodzaj wykrytej trucizny, gatunek czy chorobę.<br><br>Zaklęcie przenika przez większość barier, ale jest blokowane przez 30cm kamienia, 2,5cm metalu, cienką warstwę ołowiu lub 90cm drewna bądź zieleni.";"Kleryk"
"1";"ZADAWANIE RAN";" Nekromancja, 1. krąg";" 1 akcja";" Dotyk";" W, S";" Natychmiastowy";" Wykonaj atak wręcz czarem przeciw istocie w twoim zasięgu. Przy trafieniu otrzymuje ona 3k10 obrażeń<br><br>Na wyższych poziomach. Jeśli rzucasz ten czar,<br>wykorzystując komórkę o co najmniej 2. kręgu, za każdy krąg powyżej 1. zwiększasz zadawane obrażenia o 1k10.";"Kleryk"
"1";"ZGUBA";" Uroki, 1. krąg";" 1 akcja";" 9 metrów";" W, S, M (kropla krwi)";" Koncentracja, do 1 minuty";" Maksymalnie trzy osoby, które widzisz w zasięgu czaru, muszą wykonać rzut obronny na Charyzmę. W przypadku niepowodzenia, cel musi rzucić k4 i odjąć wynik od rezultatu testu za każdym razem, gdy atakuje lub wykonuje rzut obronny podczas trwania czaru.<br><br>Na wyższych kręgach. Jeśli rzucasz ten czar,<br>wykorzystując komórkę co najmniej 2. kręgu, za każdy krąg powyżej 1. możesz objąć działaniem czaru dodatkową istotę.";"Kleryk"
"2";"BEZPIECZNY SPOCZYNEK";" Nekromancja, 2. krąg (rytuał)";" 1 akcja";" Dotyk";" W, S, M (szczypta soli i po jednym miedziaku położonym na każdym oku zmarłego, monety muszą tam pozostać przez cały czas trwania czaru)";" 10 dni";" Dotknąwszy zwłok lub innych szczątków zmarłej istoty, chronisz je przed rozkładem i zamianą w nieumarłego przez cały czas trwania czaru.<br><br>Zaklęciem tym wydłużasz również okres. w którym można wskrzesić zmarłego, gdyż czas jego trwania nie liczy się przy rozpatrywaniu wymogów wskrzeszenia i podobnych czarów.";"Kleryk"
"2";"CISZA";" Iluzje, 2. krąg (rytuał)";" 1 akcja";" 36 metrów";" W, S";" Koncentracja, do 10 minut";" Wokół punktu znajdującego się w zasięgu czaru tworzysz sferę o promieniu 6 metrów.<br><br>Podczas trwania zaklęcia, nie może w niej powstać, ani przejść przez nią żaden dźwięk. istoty i obiekty znajdujące się w całości w tym obszarze są niepodatne na obrażenia od dźwięku i traktowane są jako ogłuchłe. <br><br>W obszarze działania czaru nie da się rzucać zaklęć z komponentem werbalnym.";"Kleryk"
"2";"DUCHOWA BROŃ";" Wywoływanie, 2. krąg";" 1 akcja dodatkowa";" 18 metrów";" W, S";" 1 minuta";" Tworzysz unoszącą się w powietrzu widmową broń, która istnieje przez czas działania czaru, lub do chwili, kiedy przywołasz kolejną. Rzuciwszy ten czar, możesz wykonać atak wręcz czarem przeciw istocie w odległości do 1,5 metra od duchowej broni. Jeśli atak trafi, cel otrzyma obrażenia w wysokości 1k8 + modyfikator z twojej cechy bazowej.<br><br>W ramach akcji dodatkowej w swojej turze możesz przemieścić duchową broń na odległość do 6 metrów i ponowić atak na cel znajdujący się nie dalej niż 1,5 metra od niej. Sam określasz formę broni. Klerycy bóstw mających swoje charakterystyczne bronie (np. Św Cuthberta słynącego z walki pałką, albo Thora walczącego młotem) sprawiają, że efekt zaklęcia przypomina odpowiednią broń.<br><br>Na wyższych kręgach. Jeśli rzucasz ten czar,<br>wykorzystując komórkę co najmniej 3. kręgu, za każde dwa kręgi powyżej 2. zwiększasz obrażenia o 1k8.";"Kleryk"
"2";"GŁUCHOTA/ŚLEPOTA";" Nekromancja, 2. krąg";" 1 akcja";" 9 metrów";" W";" 1 minuta";" Możesz pozbawić przeciwnika wzroku lub słuchu. Wybierasz istotę, którą widzisz w zasięgu czaru, musi ona wykonać rzut obronny na Kondycję. W przypadku niepowodzenia staje się oślepiona albo ogłuchła (zgodnie z twoim wyborem), na czas działania zaklęcia. Może ponawiać rzut obronny na Kondycję pod koniec każdy swoje tury, a gdy odniesie sukces, wyzwala się spod działania czaru.<br><br>Na wyższych kręgach. Jeśli rzucasz ten czar,<br>wykorzystując komórkę co najmniej 3. kręgu, za każdy krąg powyżej 2. możesz objąć tym zaklęciem dodatkową istotę.";"Kleryk"
"2";"MNIEJSZE PRZWRÓCENIE";" Odpychanie, 2. krąg";" 1 akcja";" Dotyk";" W, S";" Natychmiastowy";" Dotykasz stworzenia i uwalniasz je od jednej dolegającej mu choroby bądź kończysz jeden ze stanów, w którym się znajduje - głuchoty, oślepienia, paraliżu albo zatrucia.";"Kleryk"
"2";"OCHRONA PRZED TRUCIZNĄ";" Odpychanie, 2. krąg";" 1 akcja";" Dotyk";" W, S";" 1 godzina";" Dotykasz wybranego stworzenia. Jeśli było zatrute, neutralizujesz truciznę. Jeśli działających na stworzenie trucizn jest więcej, neutralizujesz jedną, którą potrafisz zidentyfikować, albo jedną ustaloną losowo.<br><br>Podczas trwania czaru ce| ma ułatwienie w rzutach obronnych przeciw truciznom oaz odporność na obrażenia od trucizny.";"Kleryk"
"2";"OCHRONNA WIĘŹ";" Odpychanie, 2. krąg";" 1 akcja";" Dotyk";" W, S, M (para platynowych pierścieni o wartości co najmniej 50sz każdy, które ty i cel czaru musicie nosić przez czas jego trwania)";" 1 godzina";" To zaklęcie chroni dotkniętą przychylną istotę i tworzy magiczną więź między nią a tobą na czas trwania czaru. Póki istota przebywa w obrębie 18m od ciebie, ma modyfikator +1 do KP i rzutów obronnych oraz odporność na wszystkie rodzaje obrażeń. Ponadto za każdym razem, gdy otrzymuje obrażenia, ty otrzymujesz takie same. <br><br>Gdy twoje punkty wytrzymałości spadną do 0 albo gdy oddalicie się od siebie na więcej niż 18m, zaklęcie wygasa. Zakończy się również wtedy, kiedy rzucisz je ponownie na którąkolwiek z połączonych istot. Możesz także zakończyć działanie czaru w ramach swojej akcji.";"Kleryk"
"2";"ODNALEZIENIE OBIEKTU";" Wieszczenie, 2. krąg";" 1 akcja";" Na siebie";" W, S, M (rozwidlona gałązka)";" Koncentracja, do 10 minut";" Podajesz opis lub nazwę znanego ci obiektu. Wyczuwasz, w jakim kierunku się znajduje, o ile jest oddalony od ciebie nie więcej niż 300m. Jeśli jest w ruchu, dowiadujesz się, w jakim kierunku się przemieszcza.<br><br> Przy pomocy tego zaklęcia możesz odnaleźć konkretny znany ci obiekt, o ile widziałeś go przynajmniej raz z odległości do 9m. W innym wariancie możesz odszukać najbliższy obiekt określonego rodzaju (np. określoną część garderoby, biżuterię, mebel, narzędzie albo broń. <br><br>Czar nie zadziała, jeśli od poszukiwanej rzeczy (patrząc w linii<br>prostej), dzieli cię warstwa ołowiu o jakiejkolwiek grubości, nawet cienka blacha.";"Kleryk"
"2";"POMOC";" Odpychanie, 2. krąg";" 1 akcja";" 9 metrów";" W, S, M (niewielki pasek białego materiału)";" 8 godzin";" Zaklęcie zwiększa wytrzymałość i wytrwałość twoich sojuszników. Wybierz do trzech stworzeń znajdujących się w zasięgu. Ich maksymalne i aktualne punkty wytrzymałości zwiększą się o 5.<br><br>Na wyższych kręgach. Jeśli rzucasz to zaklęcie.<br>wykorzystując komórkę co najmniej 3. kręgu, za każdy krąg powyżej 2. zwiększasz punkty wytrzymałości celu o dodatkowe 5.";"Kleryk"
"2";"STREFA PRAWDY";" Uroki, 2. krąg";" 1 akcja";" 18 metrów";" W, S";" 10 minut";" Tworzysz magiczną strefę chroniącą przed fałszem na obszarze w kształcie sfery o promieniu 4,5 metra, z punktem wyjścia wskazanym w zasięgu czaru. Do końca działania zaklęcia, stworzenie wchodzące w jego obszar po raz pierwszy w swojej turze lub rozpoczynające w nim swoją turę, musi wykonać rzut obronny na Charyzmę. W przypadku niepowodzenia nie może umyślnie skłamać, póki pozostaje w obszarze działania zaklęcia. Zdajesz sobie sprawę, czy stworzenie zdało ten test. czy nie. <br><br>Objęta czarem istota jest świadoma działania tego zaklęcia i może unikać odpowiedzi na pytania, na które normalnie odpowiedziałaby kłamstwem. Może też udzielać wymijających odpowiedzi, jeśli mieszczą się w granicach prawdy.";"Kleryk"
"2";"UNIERUCHOMIENIE OSOBY";" Uroki, 2. krąg";" 1 akcja";" 18 metrów";" W, S, M (prosty kawałek żelaza)";" Koncentracja, do 1 minuty";" Wybierasz humanoida, którego widzisz w zasięgu czaru. Cel musi wykonać rzut obronny na Mądrość. W przypadku niepowodzenia, zostaje sparaliżowany na czas trwania czaru. Pod koniec każdej swojej tury może ponowić rzut obronny<br>na Mądrość. Udany rzut oznacza wyzwolenie się z efektu czaru.<br><br>Na wyższych kręgach. Jeśli rzucasz ten czar,<br>wykorzystując komórkę co najmniej 3. kręgu, za każdy krąg powyżej 2. możesz objąć czarem jednego dodatkowego humanoida. Wszystkie cele zaklęcia muszą znajdować się w obrębie 9m od siebie.<br>";"Kleryk"
"2";"UZDRAWIAJĄCA MODLITWA";" Wywoływanie, 2. krąg";" 10 minut";" 9 metrów";" W";" Natychmiastowy";" Wybierasz do sześciu istot, które widzisz w zasięgu czaru. Odzyskują one punkty wytrzymałości w liczbie 2k8 + twój modyfikator z cechy bazowej.<br><br>Zaklęcie nie działa na nieumarłych i konstrukty";"Kleryk"
"2";"WIECZNY OGIEŃ";" Wywoływanie, 2. krąg";" 1 akcja";" Dotyk";" W, S, M (rubinowy pył o wartości 50sz, zużywany przez zaklęcie)";" Do rozproszenia";" Z dotkniętego przez ciebie obiektu wyskakuje płomień o jasności porównywalnej do pochodni. Wygląda jak zwykły ogień, ale nie wydaje ciepa i nie zużywa tlenu. <br><br>Wieczny ogień można zakryć lub schować, ale nie można go ugasić ani zadusić.";"Kleryk"
"2";"WRÓŻBA";" Wieszczenie, 2. krąg (rytuał)";" 1 minuta";" Na siebie";" W, S, M (specjalnie oznaczone pałeczki, kości lub podobne drobiazgi o wartości co najmniej 25 sz)";" Natychmiastowy";" Rozrzucasz wysadzane klejnotami pałeczki, toczysz smocze kości. wykładasz układ zdobionych kart lub używasz innego wróżbiarskiego narzędzia, po czym otrzymujesz znak od bytu pochodzącego z innego świata, zdradzający ci efekt działań, które planujesz podjąć w ciągu następnych 30 minut. MP wybiera spośród możliwych znaków:<br>*Szczęście dla dobrej wróżby<br>*Nieszczęście dla złej wróżby<br>*Szczęście i nieszczęście dla jednocześnie dobrej i złej wróżby<br>*Nic dla wróżby niebędącej szczególnie złą ani dobrą.<br>Zaklęcie nie uwzględnia żadnych potencjalnych okoliczności mogących wpłynąć na wynik wróżby, takich jak rzucenie dodatkowych zaklęć bądź utrata lub uzyskanie towarzysza. Jeżeli przed zakończeniem długiego odpoczynku rzucisz to<br>zaklęcie więcej niż raz, za każdym kolejnym razem istnieje kumulatywne 25% ryzyka, że otrzymasz losową wróżbę. MP wykonuje len rzut w tajemnicy.";"Kleryk"
"2";"WYCISZENIE EMOCJI";" Uroki, 2. krąg";" 1 akcja";" 18 metrów";" W, S";" Koncentracja, do 1 minuty";" Próbujesz stłumić silne emocje u grupy osób. Każdy humanoid znajdujący się w obszarze sfery o promieniu 6m wokół wybranego przez ciebie punktu w zasięgu czaru musi wykonać rzut obronny na Charyzmę, przy czym może<br>zdecydować się na porażkę w tym rzucie. W przypadku niepowodzenia wybierasz jeden z dwóch poniższych efektów.<br><br>*Możesz stłumić dowolny efekt powodujący zauroczenie lub przerażenie celu. Gdy twoje zaklęcie przestanie działać, wygaszony efekt powraca, o ile w międzyczasie sam nie dobiegł końca.<br>*Drugi efekt czaru sprawia , że jego cel staje się obojętny na wybrane istoty, wobec których był wrogi. Obojętność ta skończy się, gdy cel zaklęcia zostanie zaatakowany, skrzywdzony czarem lub gdy będzie świadkiem krzywdzenia jego przyjaciół. Gdy czar dobiega końca, uspokojona istota ponownie staje się wroga, chyba że MP zdecyduje inaczej.";"Kleryk"
"2";"WYKRYCIE PUŁAPEK";" Wieszczenie, 2. krąg";" 1 akcja";" 36 metrów";" W, S";" Natychmiastowy";" Wyczuwasz obecność wszystkich pułapek znajdujących się na linii wzroku w zasięgu czaru.<br><br>Na potrzeby tego zaklęcia, pułapką jest wszystko, co mogłoby wywołać nagły lub niespodziewany efekt odbierany jako szkodliwy lub niepożądany i zostało przygotowane specjalnie w tym celu. Dlatego przy pomocy tego czaru możesz wykryć obszar objęty alarmem bądź glifem strażniczym, albo mechaniczną zapadnię, ale nie naturalnie występujące słabe punkty, niestabilny sufit czy niewidoczne zapadlisko.<br><br>Zaklęcie jedynie ujawnia obecność pułapek - nie poznajesz położenia każdej pułapki, ale dowiadujesz się o ogólnej naturze stwarzanego przez nią zagrożenia.";"Kleryk"
"2";"WZMOCNIENIE CECHY";" Przemiany, 2. krąg";" 1 akcja";" Dotyk";" W, S, M (zwierzęce pióro lub futro)";" Koncentracja, do 1 godziny";" Wybierz jedną spośród dostępnych możliwości, istota zostanie objęta jej efektem na czas działania czaru. *Bycza siła. Cel ma ułatwienie w testach Siły, a jego udźwig ulega podwojeniu.<br>*Kocia zwinność. Cel ma ułatwienie w testach Zręczności oraz nie otrzymuje obrażeń od upadków z wysokości do 6m, o ile nie jest obezwładniony. <br>*Lisia przebiegłość. Cel ma ułatwienie w testach<br>Inteligencji. <br>*Orli majestat. Cel ma ułatwienie w testach Charyzmy. <br>*Niedźwiedzia wytrzymałość. Cel ma ułatwienie<br>w testach Kondycji i otrzymuje 2k6 tymczasowych PW, które znikają po zakończeniu działania czaru. <br>*Sowia mądrość. Cel ma ułatwienie w testach Mądrości. <br>Na wyższych kręgach. Jeśli rzucasz ten czar,<br>wykorzystując komórkę co najmniej 3. kręgu, zakażcie krąg powyżej 2. możesz objąć czarem dodatkową istotę.";"Kleryk"
"3";"ANIMOWANIE ZMARŁEGO";" Nekromancja, 3. krąg";" 1 minuta";" 3 metry";" W, S, M (kropla krwi, fragment ciała i szczypta kostnego pyłu)";" Natychmiastowy";" Wybierz stertę kości, albo zwłoki Średniego lub Małego humanoida w zasięgu czaru. Z kości powstanie szkielet, a ze zwłok zombi (MP ma ich statystyki). W każdej swojej turze, możesz telepatycznie wydawać polecenia w ramach akcji dodatkowej, o ile znajduje się on nie dalej niż 18m. (Jeśli kontrolujesz grupę istot, polecenie kierujesz do jednej z nich, bądź do całej grupy). Decydujesz o kierunku ruchu i akcji podejmowanej przez sługę w jego następnej turze, albo wydajesz ogólne polecenie. Gdy nie wydasz rozkazu, sługa ograniczy się do obrony własnej. Kontrolujesz stworzoną istotę przez 24h. Po tym czasie przestaje ona wykonywać twoje polecenia. Aby zachować kontrolę przez następne 24h, musisz ponownie rzucić to zaklęcie na tego nieumarłego przed upływem 24h...<br><br>Podręcznik gracza str.212";"Kleryk"
"3";"DUCHOWI STRAŻNICY";" Przywoływanie, 3. krąg";" 1 akcja";" Na siebie (okrąg o promieniu 4,5 metra)";" W, S, M (święty symbol)";" Koncentracja, do 10 minut";" Przyzywasz duchy, aby cię strzegły. W trakcie trwania czaru, przemykają wokół ciebie w promieniu 4,5m. Jeśli masz charakter dobry albo neutralny, ich widmowe postacie przypominają anioły lub fey, a jeśli zły - wyglądają jak czarty. Rzucając ten czar, możesz wskazać dowolną liczbę widocznych istot, które nie zostaną nim objęte. Istoty, na które działa zaklęcie, tracą na jego obszarze połowę szybkości. Gdy istota wejdzie w obszar czaru po raz pierwszy w swojej turze, albo ją tam rozpocznie, musi wykonać rzut<br>obronny na Mądrość. W przypadku niepowodzenia, otrzymuje 3k8 obrażeń od światłości (jeśli masz dobry, albo neutralny charakter), albo 3k8 obrażeń nekrotycznych (jeśli masz zły charakter). Udany rzut zmniejsza obrażenia o połowę.<br><br>Na wyższych kręgach. Jeśli rzucasz ten czar,<br>wykorzystując komórkę co najmniej 4, kręgu, za każdy krąg powyżej 3., zwiększasz obrażenia o 1k8.";"Kleryk"
"3";"GLIF STRAŻNICZY";" Odpychanie, 3. krąg";" 1 godzina";" Dotyk";" W, S, M (kadzidło i diamentowy proszek - co najmniej 200sz)";" Do rozproszenia lub wyzwolenia";" Zapisujesz glif, który później wyzwoli magiczny efekt. Możesz umieścić go na otwartej powierzchni, albo ukryć go wewnątrz zamykanego przedmiotu. Glif może pokryć powierzchnię o średnicy do 3m. Obiekt z glifem musi zostać w jednym miejscu, ponieważ jeśli zostanie przemieszczony dalej niż 3m. glif zostaje złamany i zaklęcie kończy się bez efektu. Odnalezienie glifu wymaga udanego testu Inteligencji (Śledztwo) o ST rzutu obronnego przeciw twoim czarom. Rzucając zaklęcie, określasz, w jakich okolicznościach glif<br>zostanie uruchomiony.<br>Gdy zapisujesz glif, wybierz między wariantem<br>wybuchowych run, albo zaklętego glifu - na stronie 222. <br><br>Na wyższych kręgach. Jeśli rzucasz ten czar, wykorzystując komórkę co najmniej 4. kręgu, za każdy krąg powyżej 3., zwiększasz obrażenia wybuchowych run o 1k8. Jeśli rzucasz czar w wariancie zaklętego glifu, możesz przechować w nim zaklęcie z kręgu odpowiadającego komórce, którą wykorzystujesz do rzucenia glifu strażniczego.";"Kleryk"
"3";"JASNOWIDZENIE";" Wieszczenie, 3. krąg";" 10 minut";" 1,5 kilometra";" W, S, M (fokus o wartości co najmniej 100 sz – wysadzany klejnotami róg do słuchania, albo szklane oko do patrzenia)";" Koncentracja, do 10 minut";" Tworzysz niewidzialny czujnik w zasięgu czaru, w miejscu ci znajomym (odwiedzonym lub widzianym wcześniej), albo nieznanym, ale oczywistym (np. za drzwiami, za rogiem, w zagajniku). Czujnik  pozostanie tam przez czas trwania czaru. Nie można go zaatakować ani poddać żadnemu działaniu. <br>Podczas rzucania zaklęcia, określasz typ zmysłu, jakim ma dysponować czujnik - słuch czy wzrok. Możesz potem używać zmysłu czujnika tak, jakbyś był na jego miejscu. W ramach swojej akcji, możesz przełączać się między słuchaniem a<br>patrzeniem. <br>Istoty potrafiące dostrzec czujnik (np. mające zdolność prawdziwego widzenia lub korzystające z efektów czaru widzenia niewidzialnego), widzą świetlistą, niematerialną kulę wielkości twojej pięści.";"Kleryk"
"3";"JĘZYKI";" Wieszczenie, 3. krąg";" 1 akcja";" Dotyk";" W, M (mała gliniana figurka zigguratu)";" 1 godzina";" Dotykasz wybranej istoty i zapewniasz jej zdolność<br>rozumienia każdego języka. Ponadto, kiedy ona przemawia, rozumie ją każde słyszące ją stworzenie, które zna jakikolwiek język.";"Kleryk"
"3";"KRĄG MAGII";" Odpychanie, 3. krąg";" 1 minuta";" 3 metry";" W, S, M (woda święcona, albo sproszkowane srebro i żelazo o wartości co najmniej 100 sz)";" 1 godzina";" Tworzysz walec magicznej energii o średnicy 3m i wysokości 6m, umiejscowiony na ziemi w punkcie, który widzisz w zasięgu czaru.<br>Wybierz jeden lub więcej typów istot, spośród następujących: czarty, fey, niebianie, nieumarli lub żywiołaki. Krąg będzie na nie wpływał w następujący sposób:<br>*Istota nie może dobrowolnie wejść w obszar walca niemagicznymi sposobami. Jeśli próbuje użyć w tym celu teleportacji lub podróży między astralnej, musi najpierw wykonać udany rzut obronny na Charyzmę.<br>*Istota ma utrudnienie w testach ataku przeciw celom przebywającym wewnątrz walca...<br><br>Podręcznik gracza str.229<br>";"Kleryk"
"3";"MASOWE KOJĄCE SŁOWO";" Wywoływanie, 3. krąg";" 1 akcja dodatkowa";" 18 metrów";" W";" Natychmiastowy";" Gdy wypowiadasz uzdrawiające słowa, do 6 wybranych istot, które widzisz w zasięgu czaru, wracają PW w liczbie 1k4 + twój modyfikator z cechy bazowej. Zaklęcie nie działa na kostuchy i umarłych.<br><br>Na wyższych kręgach. Jeśli rzucasz ten czar,<br>wykorzystując komórkę co najmniej 4. kręgu, za każdy krąg powyżej 3., przywracasz dodatkowo 1k4 PW.";"Kleryk"
"3";"NADANIE WIADOMOŚCI";" Wywoływanie, 3. krąg";" 1 akcja";" Nieograniczony";" W, S, M (krótki kawałek cienkiego, miedzianego drutu)";" 1 runda";" Wysyłasz do znanej ci istoty krótką wiadomość, liczącą maksymalnie 25 słów. Usłyszy ją ona w głowie, a jeśli cię zna, rozpozna ciebie jako nadawcę. Może natychmiast udzielić ci odpowiedzi tą samą drogą. Zaklęcie umożliwia zrozumienie twojej wiadomości istotom o wartości Inteligencji co najmniej 1.<br><br>Wiadomość możesz nadać na dowolną odległość, również do innych sfer egzystencji, jednakże gdy adresat przebywa w innej sferze egzystencji, istnieje 5% ryzyka, że wiadomość nie dotrze.";"Kleryk"
"3";"NAŁOŻENIE KLĄTWY";" Nekromancja, 3. krąg";" 1 akcja";" Dotyk";" W, S";" Koncentracja, do 1 minuty";" Dotykasz stworzenia, które musi wykonać udany rzut obronny na Mądrość, albo zostanie przeklęte na czas trwania zaklęcia. Gdy rzucasz czar, ustalasz naturę klątwy: <br>1.Wybierasz dowolną cechę, w której testach i rzutach obronnych, przeklęta istota będzie miała utrudnienie. <br>2.Istota ma utrudnienie w testach ataku przeciw tobie. <br>3.Przeklęta istota na początku każdej swojej tury, wykonuje rzut obronny na Mądrość. W przypadku niepowodzenia, nie robi nic w ramach swojej akcji w tej turze. <br>4.Twoje ataki i zaklęcia zadają przeklętej istocie dodatkowe 1k8 obrażeń nekrotycznych. Efekt ten można usunąć czarem zdjęcie klątwy. Za zgodą<br>MP, możesz nałożyć klątwę o innym efekcie, przy czym nie powinien być on potężniejszy od tych opisanych powyżej. W kwestii działania takiej klątwy, decyzja należy do MP...<br><br>Podręcznik gracza str.237<br><br>";"Kleryk"
"3";"OCHRONA PRZED ENERGIĄ";" Odpychanie, 3. krąg";" 1 akcja";" Dotyk";" W, S";" Koncentracja, do 1 godziny";" Podczas trwania czaru, przychylne stworzenie jest odporne na obrażenia wybranego przez ciebie typu: od dźwięku, elektryczności, kwasy, ognia, albo zimna.";"Kleryk"
"3";"OŻYWIENIE";" Nekromancja, 3. krąg";" 1 akcja";" Dotyk";" W, S, M (diamenty o wartości 300 sz)";" Natychmiastowy";" Dotykasz istoty, która umarła w ciągu ostatniej minuty. Wraca do życia z 1 PW.<br><br>Przy pomocy tego zaklęcia nie można przywołać istoty zmarłej ze starości ani odtworzyć utraconych części ciała.";"Kleryk"
"3";"POZÓR ŚMIERCI";" Nekromancja, 3. krąg (rytuał)";" 1 akcja";" Dotyk";" W, S, M (szczypta cmentarnej ziemi)";" 1 godzina";" Dotykasz przychylnej istoty i wprowadzasz ją w stan nieodróżnialny od śmierci. <br><br>Przez cały czas trwania czaru, lub do chwili, w której wykorzystasz swoją akcję na dotknięcie celu i zakończenie czaru, istota nim objęta wydaje się martwa, co wykazuje każde zewnętrzne badanie oraz zaklęcie określające stan celu. Istota jest oślepiona i obezwładniona, a jej szybkość spada do 0. Ma odporność na wszelkie obrażenia poza psychicznymi. <br><br>Jeżeli cel był chory lub zatruty podczas rzucania zaklęcia, albo został zarażony lub zatruty w trakcie jego trwania, to działanie choroby bądź trucizny zostaje wstrzymane do zakończenia czaru.";"Kleryk"
"3";"PROMIEŃ NADZIEI";" Odpychanie, 3. krąg";" 1 akcja";" 9 metrów";" W, S";" Koncentracja, do 1 minuty";" Czar napełnia otoczenie nadzieją i żywotnością. Wybierz dowolną liczbę istot znajdujących się w zasięgu. W trakcie działania czaru mają ułatwienie w rzutach obronnych na Mądrość i w rzutach obronnych przeciw śmierci oraz odzyskują maksymalną możliwą liczbę PW zapewniają przez jakiekolwiek leczenie.";"Kleryk"
"3";"ROZMAWIANIE Z UMARŁYMI";" Nekromancja, 3. krąg";" 1 akcja";" 3 metry";" W, S, M (płonące kadzidło)";" 10 minut";" Budzisz namiastkę życia i rozumu w wybranych zwłokach znajdujących się w zasięgu czaru, dzięki czemu mogą odpowiadać na twoje pytania. Zwłoki muszą wciąż posiadać usta i nie mogą być nieumarłymi. Jeżeli zwłoki były celem tego zaklęcia w ciągu ostatnich 10 dni, to czar nie zadziała. <br><br>W czasie trwania czaru, możesz zadać zmarłemu do pięciu pytań. Zmarły wie jedynie to, co wiedział za życia, z uwzględnieniem znanych mu języków. Z reguły udziela odpowiedzi krótkich, zagadkowych lub powtarzających się odpowiedzi. Nie czuje się też zobligowany do mówienia prawdy, jeśli zachowujesz się wrogo, albo jeśli uzna cię za przeciwnika. Zaklęcie to nie  przywraca ciału duszy, lecz tylko je animuje. Z tego powodu, zmarły nie może zdobyć nowych<br>informacji, ani nie kojarzy niczego, co miało miejsce po jego śmierci. Nie może też snuć domysłów dotyczących przyszłości.";"Kleryk"
"3";"ROZPROSZENIE MAGII";" Odpychanie, 3. krąg";" 1 akcja";" 36 metrów";" W, S";" Natychmiastowy";" Wybierz jedną istotę, obiekt lub magiczny efekt w zasięgu czaru. Każde zaklęcie 3. lub niższego kręgu wpływające na nie, dobiega końca. Dla każdego zaklęcia z kręgu 4. lub wyższego, działającego na wybrany cel, wykonaj test swojej cechy bazowej o ST w wysokości 10 + krąg czaru. Po udanym rzucie, to zaklęcie zostaje rozproszone.<br><br>Na wyższych kręgach. Jeśli rzucasz ten czar,<br>wykorzystując komórkę co najmniej 4. kręgu, automatycznie rozpraszasz działające na wybrany cel zaklęcia z kręgu równego, lub mniejszego niż ten, z którego rzucasz<br>rozproszenie magii.";"Kleryk"
"3";"SPACER PO WODZIE";" Przemiany, 3. krąg rytuał";" 1 akcja";" 9 metrów";" W, S, M (kawałek korka)";" 1 godzina";" Ten czar zapewnia zdolność poruszania się po powierzchni cieczy lub podobnej substancji - wody, kwasu, błota, śniegu, ruchomych piasków, a nawet lawy - jakby była bezpiecznym stałym gruntem (choć istota chodząca po lawie wciąż może otrzymać obrażenia od gorąca). Możesz zapewnić tę zdolność na czas trwania czaru maksymalnie 10 przychylnym ci istotom, które widzisz w zasięgu.<br><br>Jeżeli obejmiesz zaklęciem istotę zanurzoną w płynie, to zostanie ona wyniesiona na powierzchnię z prędkością 18 m na rundę.";"Kleryk"
"3";"STWORZENIE JADŁA I WODY";" Przywoływanie, 3. krąg";" 1 akcja";" 9 metrów";" W, S";" Natychmiastowy";" Tworzysz 25 kg żywności oraz 100 l wody, umiejscawiając je na ziemi, albo w pojemnikach w zasięgu czaru. Ilość ta wystarcza, by wyżywić 15 humanoidów lub 5 wierzchowców przez 24h.<br><br>Jedzenie jest mdłe, ale pożywne, a niezjedzone ulega zepsuciu po 24h. Woda jest czysta i się nie psuje.";"Kleryk"
"3";"ŚWIATŁO DNIA";" Wywoływanie, 3. krąg";" 1 akcja";" 18 metrów";" W, S";" 1 godzina";" Z wybranego punktu w zasięgu czaru, wyłania się kula jasnego światła o promieniu 18m.<br><br>Jeśli jako cel zaklęcia wskażesz przedmiot, który trzymasz, albo taki, którego nie trzyma ani nie nosi ktoś inny, to światło dobywa się z tego przedmiotu i przemieszcza się wraz z nim. Można je stłumić, zakrywając całkowicie świecący obiekt czymś nieprzezroczystym, np miską lub hełmem.<br><br>W przypadku nawet częściowego nakładania się obszaru tego czaru na obszar ciemności stworzonej zaklęciem kręgu 3. lub niższego, zaklęcie tworzące ciemność zostaje rozproszone.";"Kleryk"
"3";"WTOPIENIE W KAMIEŃ";" Przemiany, 3. krąg (rytuał)";" 1 akcja";" Dotyk";" W, S";" 8 godzin";" Wkraczasz w kamienny blok lub powierzchnię, o ile są wystarczająco duże, by zmieścić cię w całości, i na czas trwania czaru stapiasz siebie i swoje wyposażenie z kamieniem. Wykorzystując swój ruch, wchodzisz w kamień w miejscu, którego możesz dotknąć. Nic nie zdradza twojej obecności w kamieniu i nie sposób cię wykryć niemagicznymi zmysłami. Gdy jesteś stopiony z kamieniem, nie widzisz, co dzieje się na zewnątrz niego, i masz utrudnienie we wszystkich testach Mądrości (Percepcja) przeprowadzonych, by usłyszeć dźwięki z zewnątrz. Jesteś świadom upływu czasu i możesz rzucać na siebie zaklęcia. Możesz przeznaczyć swój ruch na opuszczenie kamienia w miejscu, w którym do niego wszedłeś, co powoduje, ze czar się kończy. Poza tym, nie możesz się ruszać. Niewielkie uszkodzenia kamienia nie szkodzą ci, ale jego częściowe zniszczenie lub zmiana jego kształtu (powodująca, że przestaniesz się w nim mieścić), wypycha cię z kryjówki, zadając ci 6k6 obrażeń obuchowych. Całkowite zniszczenie kamienia (lub jego przemiana w inną substancję), również cię z niego usuwa i zadaje 50 obrażeń obuchowych. Wyparty z kamienia padasz powalony w wolnym miejscu, najbliższym punktu wejścia do kamienia.";"Kleryk"
"3";"ZDJĘCIE KLĄTWY";" Odpychanie, 3. krąg";" 1 akcja";" Dotyk";" W, S";" Natychmiastowy";" Pod twoim dotknięciem, kończą się wszelkie klątwy nałożonej na istotę lub obiekt.<br><br>Jeżeli tym obiektem jest przeklęty, magiczny przedmiot, to jego klątwa trwa, ale rzucone zaklęcie zrywa jego powiązanie z ofiarą, tak że może go ona zdjąć lub wyrzucić.";"Kleryk"
"4";"KAMIENNY KSZTAŁT";" Przemiany, 4. krąg";" 1 akcja";" Dotyk";" W, S, M (miękka glina ukształtowana z grubsza na podobieństwo żądanego kształtu)";" Natychmiastowy";" Dotykasz kamiennego obiektu rozmiaru Średniego lub mniejszego, albo części kamienia, której żaden wymiar nie przekracza 1,5 metra, po czym dowolnie je formujesz.<br><br>Przykładowo, możesz uformować broń, posążek czy skrzynię z dużego kamienia albo otworzyć niewielkie przejście w murze, o ile nie jest on grubszy niż 1,5 metra.<br><br>Możesz także przekształcić kamienne drzwi lub ich futrynę tak, że nie dadzą się już otworzyć. Stworzony obiekt może mieć do dwóch zawiasów i zasuwę, ale bardziej zaawansowane elementy mechaniczne są niewykonalne.";"Kleryk"
"4";"KONTROLA WODY";" Przemiany, 4. krąg";" 1 akcja";" 90 metrów";" W, S, M (kropla wody, szczypta pyłu)";" Koncentracja, do 10 minut";" Kontrolujesz zbiornik wody mieszczący się w obrębie sześcianu o boku 30m. Wybierasz jeden efekt, w ramach akcji w swojej turze możesz go powtórzyć, albo wybrać inny.<br>*Powódź. <br>*Rozdzielenie wód. <br>*Zawrócenie biegu. <br>*Wir. <br><br>Dokładne działanie tej opcji, opisane na stronie 228.";"Kleryk"
"4";"ODNALEZIENIE ISTOTY";" Wieszczenie, 4. krąg";" 1 akcja";" Na siebie";" W, S, M (odrobina sierści psa gończego)";" Koncentracja, do 1 godziny";" Podajesz opis lub nazwę znanej ci istoty. <br> Wyczuwasz, w jakim kierunku się znajduje, o ile nie jest oddalona od ciebie o więcej niż 300 metrów. Jeśli się porusza, dowiadujesz się, w<br>jakim kierunku. <br><br>Przy pomocy tego czaru, możesz odnaleźć konkretną znaną istotę albo najbliższe stworzenie określonego rodzaju (na przykład człowieka albo jednorożca), o ile widziałeś takie przynajmniej raz z odległości do 9 metrów. Jeśli forma poszukiwanej istoty została zmieniona, na przykład zaklęciem polimorfia, to ten czar jej nie odnajdzie. Czar nie zadziała także, jeśli od poszukiwanej istoty dzieli cię płynąca woda o szerokości co najmniej 3 metrów (patrząc w<br>linii prostej).";"Kleryk"
"4";"OSŁONA PRZED ŚMIERCIĄ";" Odpychanie, 4. krąg";" 1 akcja";" Dotyk";" W, S";" 8 godzin";" Zapewniasz dotkniętej istocie częściową ochronę przed śmiercią.<br><br>Za pierwszym razem, gdy w efekcie otrzymanych obrażeń PW celu miałyby spaść do 0, zamiast tego spadają do 1, a zaklęcie się kończy.<br><br>Gdy w trakcie działania czaru, chroniona istota jest celem efektu, który zabiłby ją natychmiast bez zadawania obrażeń, to ten efekt nie działa na nią, a zaklęcie się kończy.";"Kleryk"
"4";"STRAŻNIK WIARY";" Przywoływanie, 4. krąg";" 1 akcja";" 9 metrów";" W";" 8 godzin";" W wybranym wolnym miejscu, które widzisz w zasięgu, pojawia się Duży widmowy strażnik, unoszący się w powietrzu przez czas trwania czaru i zajmujący to miejsce. Jego postać jest niewyraźna, poza błyszczącym mieczem i tarczą noszącą symbol tego bóstwa.<br><br>Każda wroga istota, która znajdzie się w obrębie 3 metrów od strażnika po raz pierwszy w swojej turze, musi wykonać rzut obronny na Zręczność. W przypadku niepowodzenia, otrzymuje 20 obrażeń od światłości. Udany rzut zmniejsza obrażenia o połowę.<br><br>Strażnik znika po zadaniu łącznie 60 punktów obrażeń.";"Kleryk"
"4";"SWOBODA RUCHU";" Odpychanie, 4. krąg";" 1 akcja";" Dotyk";" W, S, M (rzemień zawiązany wokół ramienia lub podobnej kończyny)";" 1 godzina";" Dotykasz przychylnej ci istoty. Przez czas trwania czaru na jej poruszanie się nie wpływa trudny teren, a zaklęcia i magiczne efekty nie mogą zredukować jej szybkości ani spowodować paraliżu lub unieruchomienia. <br><br>Istota będąca pod wpływem tego zaklęcia, może również zużyć 1.5 metra szybkości, aby automatycznie oswobodzić się z niemagicznych więzów, takich jak kajdany albo bycie pochwyconą.<br><br>Ponadto przebywanie pod wodą nie powoduje u niej kar do ruchu i ataków";"Kleryk"
"4";"WIESZCZENIE";" Wieszczenie, 4. krąg (rytuał)";" 1 akcja";" Na siebie";" W, S, M (kadzidło i zgodna z twoją religią ofiara o wartości co najmniej 25 sz, zużywana przez zaklęcie)";" Natychmiastowy";" Dzięki swojej magi ii złożonej ofierze, wchodzisz w kontakt z bóstwem lub jego sługami. Zadajesz pojedyncze pytanie dotyczące konkretnego celu, wydarzenia lub działania mającego nastąpić w ciągu 7 dni. MP udziela zgodnej z prawdą odpowiedzi, która może być krótkim zdaniem,<br>zagadkowym wierszem lub zesłanym znakiem.<br><br>Zaklęcie nie uwzględnia żadnych potencjalnych okoliczności mogących zmienić wynik wieszczenia, takich jak zrzucenie dodatkowych czarów czy utrata lub zyskanie towarzysza.<br><br>Kiedy rzucasz to zaklęcie dwa lub więcej razy przed ukończeniem najbliższego długiego odpoczynku, każde kolejne rzucenie niesie ze sobą kumulatywne 25% ryzyka, że wieszczenie zaowocuje przypadkową wróżbą. MP sprawdza to w tajemnicy.";"Kleryk"
"4";"WYPĘDZENIE";" Odpychanie, 4. krąg";" 1 akcja";" 18 metrów";" W, S, M (przedmiot obrzydliwy dla celu czaru)";" Koncentracja, do 1 minuty";" Podejmujesz próbę odesłania istoty, którą widzisz w zasięgu czaru, do innej sfery egzystencji. Musi ona wykonać rzut obronny na Charyzmę. W przypadku niepowodzenia, zostaje wygnana. Jeżeli pochodzi ze sfery egzystencji, w której aktualnie przebywasz, to znika i pojawia się obezwładniona w neutralnej demisferze. Pozostaje tam do zakończenia czaru,<br>po czym powraca w miejsce, z którego zniknęła (lub w najbliższe wolne).<br><br>Natomiast jeżeli stworzenie pochodzi z innej sfery egzystencji niż ta, w której rzucasz czar, to zostaje wypędzone i z cichym trzaskiem powraca do swojej rodzimej sfery. Jeżeli zaklęcie skończy się przed upływem 1 minuty, odesłany cel pojawia się z powrotem w miejscu, z którego go wygnałeś, lub w najbliższym wolnym. W przeciwnym przypadku nie wraca. <br><br>Na wyższych kręgach. Jeśli rzucasz ten czar,<br>wykorzystując komórkę co najmniej 5. kręgu, za każdy krąg powyżej 4. możesz objąć czarem dodatkową istotę.";"Kleryk"
"5";"GEAS";" Uroki, 5. krąg";" 1 minuta";" 18 metrów";" W";" 30 dni";" Nakładasz magiczny nakaz na stworzenie. Nakaz ten może dotyczyć wykonanie czegoś albo powstrzymanie się przed wykonaniem czegoś. Jeśli cel zaklęcia cię rozumie, wykonuje rzut obronny na Mądrość. W przypadku niepowodzenia, zostaje zauroczony na czas trwania zaklęcia. Otrzymuje 5k10 obrażeń psychicznych za każdym razem, kiedy działa w<br>sposób przeciwny do twojego polecenia, ale nie częściej niż raz dziennie. Istota, która nie rozumie twojego nakazu, nie zostaje nim objęta.<br><br>Możesz wydać dowolny nakaz z wyjątkiem działań, które prowadziłyby do śmierci zauroczonej istoty. Sformułowanie samobójczego nakazu, kończy działanie czaru. Możesz odwołać ten czar w ramach swojej akcji. Można go rozproszyć również zaklęciem: zdjęcie klątwy, większe przywrócenie lub życzenie.<br><br>Na wyższych kręgach. Jeśli rzucasz ten czar,<br>wykorzystując komórkę 7. lub 8. kręgu, wydłużasz czas trwania do 1 roku. Przy wykorzystaniu komórki 9. kręgu, zaklęcie trwa póki nie zostanie zakończone jednym z wyżej wymienionych czarów.";"Kleryk"
"5";"KONSEKRACJA";" Wywoływanie, 5. krąg";" 24 godziny";" Dotyk";" W, S, M (zioła,olejki i kadzidła o wartości co najmniej 1000sz, zużywane przez zaklęcie)";"Do rozproszenia";" Napełniasz obszar o promieniu do 18m świętą (lub nieświętą) mocą. Nie może pokrywać się z obszarem już konsekrowanym. Konsekrowany obszar podlega zasadom. 1.Nie mogą do niego wejść czarty, fey, niebianie, nieumarli i żywiołaki. Nie mogą oni też zauroczyć, przerazić lub opętać istot znajdujących się w jego obrębie. Istota przez nich zauroczona, przerażona lub opętana przestała taka być po wejściu w konsekrowany obszar. Możesz wyłączyć spod działania tego czaru wybrane typy wymienionych stworzeń. 2.Możesz nałożyć dodatkowy efekt na ten obszar (str. 226).";"Kleryk"
"5";"KONTAKT Z BÓSTWEM";" Wieszczenie, 5. krąg (rytuał)";" 1 minuta";" Na siebie";" W, S, M (kadzidło i fiolka święconej lub przeklętej wody)";" 1 minuta";" Zwracasz się do swego bóstwa lub patrona i zadajesz maksymalnie trzy pytania, na które można odpowiedzieć twierdząco 1ub przecząco. Musisz zdążyć je zadać w czasie trwania czaru. Na każde otrzymasz prawdziwą odpowiedź. <br><br>Boskie byty nie zawsze są wszechwiedzące. Jeśli twoje pytanie wykracza poza wiedzę bóstwa, możesz otrzymać odpowiedź ,,niejasne. Gdyby odpowiedź jednym słowem mogła być myląca lub sprzeczna z interesami bóstwa, MP może zamiast tego odpowiedzieć krótkim zdaniem. <br><br>Jeżeli przed zakończeniem długiego odpoczynku rzucisz to zaklęcie więcej niż raz, za każdym kolejnym razem istnieje kumulatywne 25% ryzyka, że nie otrzymasz odpowiedzi. MP wykonuje ten rzut w tajemnicy.";"Kleryk"
"5";"LEGENDARNA WIEDZA";" Wieszczenie, 5. krąg";" 10 minut";" Na siebie";" W, S, M (kadzidło o wartości co najmniej 250sz, zużywane przez zaklęcie, oraz cztery skrawki kości słoniowej, każdy o wartości co najmniej 50 sz)";" Natychmiastowy";" Nazywasz lub opisujesz istotę, miejsce lub obiekt. Dzięki temu czarowi do twojej głowy napływa krótkie podsumowanie najistotniejszych przekazów na ich temat. Wiedza ta może bazować na krążących obecnie opowieściach, zapomnianych historiach, a nawet sekretach, które nigdy nie były szeroko znane. Jeżeli określona przez ciebie rzecz nie ma legendarnego znaczenia, to nie zdobywasz żadnych informacji. Im więcej już wiesz o celu zaklęcia, tym<br> dokładniejsze i konkretniejsze są uzyskiwane informacje...<br><br>Podręcznik gracza str.232<br>";"Kleryk"
"5";"MASOWE LECZENIE RAN";" Wywoływanie, 5. krąg";" 1 akcja";" 18 metrów";" W, S";" Natychmiastowy";" Wskazujesz punkt w zasięgu czaru, z którego rozchodzi się fala uzdrawiającej energii. Wybierz do 6 istot znajdujących się w sferze o promieniu 9m ze środkiem we wskazanym miejscu. Każda z nich odzyskuje punkty wytrzymałości w liczbie 3k8 + twój modyfikator z cechy bazowej. Zaklęcie nie działa na konstrukty i nieumarłych. <br><br>Na wyższych kręgach. Jeśli rzucasz ten czar,<br>wykorzystując komórkę co najmniej 6. kręgu, za każdy krąg powyżej 5., przywracasz dodatkowo 1k8PW.";"Kleryk"
"5";"PLAGA OWADÓW";" Przywoływanie, 5. krąg";" 1 akcja";" 90 metrów";" W, S, M (kilka kryształków cukru, ziaren zboża,trochę tłuszczu)";" Koncentracja, do 10 minut";" Chmara wygłodniałej szarańczy kotłuje się, wypełniając sferę o promieniu 6m, z punktem wyjścia wskazanym przez ciebie w zasięgu czaru. Sfera rozprzestrzenia się za rogi i załomy. Szarańcza pozostaje w niej przez czas działania czaru, tworząc trudny teren o ograniczonej widoczności.<br><br>W momencie pojawiania się chmary szarańczy, każda znajdująca się w jej obrębie istota, musi wykonać rzut obronny na Kondycję. W przypadku niepowodzenia, otrzymuje 4k10 obrażeń kłutych. Udany rzut obronny zmniejsza obrażenia o połowę. Rzut obronny musi także wykonać każde stworzenie wchodzące w obszar czaru po raz pierwszy w swojej turze lub kończące w nim swoją turę.<br><br>Na wyższych kręgach. Jeśli rzucasz ten czar,<br>wykorzystując komórkę co najmniej 6. kręgu, za każdy krąg<br>powyżej 5. zwiększasz zadawane obrażenia o 1k10.";"Kleryk"
"5";"ROZPROSZENIE DOBRA I ZLA";" Odpychanie, 5. krąg";" 1 akcja";" Na siebie";" W, S, M (woda święcona albo sproszkowane srebro i żelazo)";" Koncentracja, do 1 minuty";" Otaczasz się migoczącą energią, która chroni cię przed fey, nieumarłymi oraz istotami pochodzącymi spoza Sfery Materialnej. Przez czas trwania czaru czarty, fey, niebianie, nieumarli i żywiołaki mają utrudnienie w testach ataku przeciw tobie. Możesz zakończyć czar wcześniej, wykorzystując jeden z poniższych efektów:<br>Przełamanie uroku. W ramach swojej akcji dotykasz istoty, która jest zauroczona, przerażona lub opętana przez czarta, fey, niebianina, nieumarłego lub żywiołaka, i uwalniasz ją z tego stanu. Odesłanie. W ramach swojej akcji wykonaj magiczny atak wręcz przeciwko czartowi, fey, niebianinowi, nieumarłemu lub żywiołakowi, którego możesz dosięgnąć. Jeśli trafisz, podejmujesz próbę wygnania go z powrotem do jego sfery macierzystej. Stworzenie musi wykonać rzut obronny na Charyzmę, a w przypadku niepowodzenia zostanie odesłane do swojej sfery (chyba, że już tam jest(. Przebywający w obcej sferze nieumarli są odsyłani do Shadowfell, a fey do Feywild.";"Kleryk"
"5";"SFERALNE WIĄZANIE";" Odpychanie, 5. krąg";" 1 godzina";" 18 metrów";" W, S, M (klejnot o wartości co najmniej 1000 sz, zużywany przez zaklęcie)";" 24 godziny";" Zmuszasz czarta, fey, niebianina lub żywiołaka, by ci służył. Musi przebywać w zasięgu czaru. Pod koniec rzucania, cel wykonuje rzut obronny na Charyzmę. W przypadku niepowodzenia,zostaje zmuszony,by ci służyć. Jeżeli jest istotą przywołaną lub stworzoną za pomocą innego zaklęcia, to jego działanie zostaje wydłużone o czas sferalnego wiązania. Możesz rozkazać jej towarzyszyć ci, strzec jakiegoś miejsca albo dostarczyć wiadomość. Jest posłuszna twoim rozkazom, ale jeśli jest ci wroga, to będzie próbowała interpretować twoje wytyczne na swoją korzyść. Jeżeli istota ukończy wypełnianie twoich rozkazów przed końcem czaru, to wraca do ciebie powiadomić cię o tym, o ile znajduje się w tej samej sferze egzystencji. Jeżeli znajdujesz się w innej sferze, to istota powraca w miejsce swego magicznego związania i pozostaje tam do zakończenia czaru...<br><br>Podręcznik gracza str.262";"Kleryk"
"5";"SŁUP OGNIA";" Wywoływanie, 5. krąg";" 1 akcja";" 18 metrów";" W, S, M (szczypta siarki)";" Natychmiastowy";" We wskazane przez ciebie miejsce z rykiem uderza z nieba pionowa kolumna boskiego ognia. Każde stworzenie znajdujące się na obszarze w kształcie walca o promieniu 3 metrów i wysokości 12 metrów, z punktem wyjścia we wskazanym miejscu, musi wykonać rzut obronny na Zręczność. W przypadku niepowodzenia. otrzymanie 4k6 obrażeń od ognia i 4k6 obrażeń od światłości. Udany rzut zmniejsza obrażenia o połowę.<br><br>Na wyższych kręgach. Jeśli rzucasz ten czar,<br>wykorzystując komórkę co najmniej 6, kręgu, za każdy krąg powyżej 5. zwiększasz obrażenia od ognia albo światłości (wedle twojego wyboru) o 1k6.";"Kleryk"
"5";"WIĘKSZE PRZYWRÓCENIE";" Odpychanie, 5. krąg";" 1 akcja";" Dotyk";" W, S, M (diamentowy pył o wartości co najmniej 100 sz, zużywany przez zaklęcie)";" Natychmiastowy";" Napełniasz dotkniętą istotę pozytywną energią i odwracasz jeden z osłabiających ją efektów, Możesz zmniejszyć jeden poziom jej zmęczenia albo zakończyć działanie jednego z poniższych efektów:<br><br>*Jednego efektu, który z spowodował jej zauroczenie lub skamienienie,<br><br>*Jednej klątwy, włączając w to połączenie z przeklętym magicznym przedmiotem,<br><br>*Dowolnego zmniejszenia wartości jednej z jej cech,<br><br>*Jednego efektu zmniejszającego jej maksymalne punkty wytrzymałości.";"Kleryk"
"5";"WIZJA";" Wieszczenie, 5. krąg";" 10 minut";" Na siebie";" W, S, M (fokus o wartości co najmniej 1000sz, taki jak kryształowa kula, srebrne lustro, lub misa z wodą święconą)";" Koncentracja, do 10 minut";" Jesteś w stanie zobaczyć i usłyszeć określoną istotę przebywającą w tej samej sferze egzystencji co ty. Cel musi wykonać rzut obronny na Mądrość, modyfikowany stopniem twojej znajomości celu i rodzajem fizycznego powiązania, które z nim posiadasz( str. 278). Jeżeli cel zdaje sobie sprawę, że rzucasz ten czar, może dobrowolnie poddać się obserwacji i ponosi automatyczną porażkę w rzucie obronnym. Udany rzut obronny = wieszczenie się nie udało, a ty nie możesz ponowić go na tej istocie przez najbliższe 24 godziny. W przypadku nieudanego rzutu, czar tworzy niewidzialny czujnik w obrębie 3 metrów od celu. Możesz patrzeć i słuchać za jego pośrednictwem, tak jakbyś tam był...<br><br>Podręcznik gracza str.279";"Kleryk"
"5";"WSKRZESZENIE";" Nekromancja, 5. krąg";" 1 godzina";" Dotyk";" W, S, M (diament o wartości co najmniej 500sz)";" Natychmiastowy";" Dotykasz istotę zmarłą nie dawniej niż 10 dni temu i przywracasz ją do życia. Jeżeli jej dusza jest wolna i chętna powrócić do ciała, to istota wraca do życia z 1 PW. <br>Czar neutralizuje jednocześnie wszelkie trucizny i leczy niemagiczne choroby, które nękały istotę w chwili jej śmierci. Należy jednak pamiętać, że to zaklęcie nie usuwa magicznych chorób, klątw i podobnych efektów, jeżeli nie zostaną usunięte wcześniej, to zaczną działać zaraz po ożywieniu celu. Zaklęcie nie może zwrócić życia nieumarłemu. <br><br>Czarem zamykasz wszystkie śmiertelne rany, ale nie przywracasz utraconych części ciała. Jeżeli wskrzeszona istota nie posiada części ciała lub organów kluczowych dla jej przeżycia, np. głowy, to zaklęcie nie zadziała. <br>Powrót zza grobu to droga przez mękę. Wskrzeszona osoba ma karę -4 do wszystkich testów ataku, rzutów obronnych i testów cech. Po każdym ukończeniu długiego odpoczynku kara zmniejsza się o 1, aż do całkowitego zniknięcia.";"Kleryk"
"5";"ZARAZA";" Nekromancja, 5. krąg";" 1 akcja";" Dotyk";" W, S";" 7 dni";" Wykonaj atak wręcz czarem przeciw stworzeniu w twojej strefie ataku. Przy trafieniu cel zostaje zatruty. Na koniec każdej swojej tury, zatruty cel zaklęcia musi wykonać rzut obronny na Kondycję. Po trzecim sukcesie, przestaje być zatruty, a zaklęcie się kończy. Jeśli cel poniesie trzy porażki, przestaje być zatruty, a ty wybierasz jedną z poniższych chorób. Cel ma ją do końca czasu trwania czaru. Zaklęcie wywołuje naturalnie występującą chorobę, zatem działają na nią zaklęcia i magiczne efekty usuwające choroby lub łagodzące ich przebieg. <br>*Leproza gnilna<br>*Ogień umysłu<br>*Plugawica <br>*Wstrząsówka<br>*Zaćma bolesna <br>*Wybroczność<br><br>Podręcznik gracza str.285";"Kleryk"
"6";"BARIERA OSTRZY";" Wywoływanie, 6. krąg";" 1 akcja";" 27 metrów";" W, S";" Koncentracja, do 10 minut";" Formujesz z magicznej energii pionową ścianę groźnych, wirujących ostrzy, która pojawia się w zasięgu i utrzymuje się do wygaśnięcia czaru. Możesz stworzyć prostą barierę o długości 30 metrów, wysokości 6 metrów i grubości 1,5<br>metra, albo barierę w kształcie pierścienia, mającą średnicę do 18 metrów, wysokość 6 metrów i grubość 1,5 metra. Ściana zapewnia trzy czwarte osłony istotom znajdującym się za nią i stanowi trudny teren.<br><br>Gdy istota wejdzie w obszar bariery po raz pierwszy w swojej turze, albo rozpocznie tam turę, musi wykonać rzut obronny na Zręczność. W przypadku niepowodzenia, otrzymuje 6k10 obrażeń ciętych. Udany rzut zmniejsza obrażenia o połowę.";"Kleryk"
"6";"KRZYWDA";" Nekromancja, 6. krąg";" 1 akcja";" 18 metrów";" W, S";" Natychmiastowy";" Sprowadzasz złośliwą chorobę na stworzenie, które widzisz w zasięgu czaru. Musi ono wykonać rzut obronny na Kondycję.<br><br>W przypadku niepowodzenia, otrzymuje 14k6 obrażeń nekrotycznych. Obrażenia nie mogą sprowadzić PW ofiary poniżej 1. Jeśli rzut obronny się nie powiódł, maksymalne PW celu zostają zmniejszone na 1 godzinę o liczbę równą<br>otrzymanym obrażeniom nekrotycznym.<br><br>Dowolny efekt usuwający choroby przywraca maksymalne PW celu do normalnego poziomu przed upływem tego czasu.";"Kleryk"
"6";"ODNALEZIENIE ŚCIEŻKI";" Wieszczenie, 6. krąg";" 1 minuta";" Na siebie";" W, S, M (zestaw do wróżenia o wartości co najmniej 100sz – np.: kości, pałeczki z kości słoniowej, karty, zęby lub rzeźbione runy oraz przedmiot z miejsca, którego poszukujesz)";" Koncentracja, do 1 dnia";" Ten czar umożliwia ci znalezienie najkrótszej i najprostszej fizycznej drogi do określonej, znanej ci lokacji, położonej w twojej sferze egzystencji. Jeśli jako cel wskażesz miejsce znajdujące się w innej sferze, ruchome (na przykład latającą fortecę) bądź niekonkretne (na przykład ,,leże zielonego smoka), to zaklęcie nie zadziała.<br><br>Póki przebywasz w tej samej sferze egzystencji, co lokacja docelowa, przez cały czas trwania czaru masz świadomość, w jakim kierunku oraz jak daleko leży to miejsce. Gdy w trakcie podroży do niego musisz wybierać drogę, automatyczne wiesz, która jest najkrótsza i najprostsza, choć niekoniecznie najbezpieczniejsza.";"Kleryk"
"6";"PRAWDZIWE WIDZENIE";" Wieszczenie, 6. krąg";" 1 akcja";" Dotyk";" W, S, M (maść na oczy o wartości 25 sz, sporządzona ze sproszkowanych grzybów, szafranu i tłuszczu, zużywana przez zaklęcie)";" 1 godzina";" Tym czarem zapewniasz dotkniętej, przychylnej istocie umiejętność postrzegania rzeczy takimi, jakimi są w rzeczywistości. Podczas działania zaklęcia, jego cel ma zdolność prawdziwego widzenia, dostrzega magicznie ukryte tajne przejścia i ma wgląd w Sferę Eteryczną na odległość 36 metrów";"Kleryk"
"6";"SFERALNY SOJUSZNIK";" Przywoływanie, 6. krąg";" 10 minut";" 18 metrów";" W, S";" Natychmiastowy";" Wezwana istota z innego świata wysyła ci na pomoc czarta, niebianina albo żywiołaka, który pojawia się w zasięgu czaru. Jeśli podasz imię konkretnego stworzenia, możesz poprosić o nie, choć może ci zostać wysłane i tak inne. Możesz poprosić to stworzenie o przysługę w zamian za<br>wynagrodzenie, ale musi się na to zgodzić. Prośba nie może dotyczyć przeniesienia przez przepaść, pomocy w bitwie, szpiegowania przeciwników lub ochrony drużyny). Aby targować się, musisz być w stanie się z nim porozumieć. Wynagrodzenie przyjmuje różne formy – złoto, ofiara, wykonanie określonego zadania. Można przyjąć, że minuta = 100sz. Godzina = 1000sz. Dzień (maksymalnie 10 dni) = 10000sz/dzień. Jeżeli zadanie jest zgodne z etosem przywołanej istoty, może ona zażądać połowę wynagrodzenia lub z niego zrezygnować. MP może modyfikować te stawki. Szczególnie niebezpieczne zadania, mogą wymagać wyjątkowego podarunku. Po ukończeniu zadania, stworzenie wraca do swojej sfery. Jeżeli nie możesz się zgodzić na żądaną cenę, stworzenie<br>natychmiast znika. Stworzenie wcielone do twojej drużyny liczy się jako jej członek i otrzymuje należną mu część zdobytych punktów doświadczenia.";"Kleryk"
"6";"SŁOWO POWROTU";" Przywoływanie, 6. krąg";" 1 akcja";" 1,5 metra";" W";" Natychmiastowy";" Teleportujesz się do uprzednio przygotowanego sanktuarium, zabierając ze sobą do 5 przychylnych ci istot, znajdujących się do 1,5 metra od ciebie. Pojawiacie się w najbliższym wolnym miejscu przy punkcie, który wskazałeś podczas przygotowywania sanktuarium.  Jeżeli rzucasz to zaklęcie bez uprzedniego przygotowania sanktuarium, nie przyniesie ono efektu.<br><br>Sanktuarium musisz wyznaczyć wcześniej, rzucając to samo zaklęcie w miejscu silnie związanym z twoim bóstwem, np. w świątyni. Czar nie zadziała, jeśli spróbujesz go rzucić, by stworzyć sanktuarium w miejscu niepoświęconemu twojemu bóstwu.";"Kleryk"
"6";"STWORZENIE NIEUMARŁEGO";" Nekromancja, 6. krąg";" 1 minuta";" 3 metry";" W, S, M (po jednym glinianym dzbanie z grobową ziemią, jednym glinianym dzbanie ze słonawą wodą oraz jednym czarnym onyksie o wartości 15sz na każde zwłoki";" Natychmiastowy";" Możesz rzucić tylko nocą. Wybierz do trzech zwłok Średnich lub Małych humanoidów. Stają się kontrolowanymi ghulami. W ramach akcji dodatkowej w swojej turze, możesz wydać telepatyczny rozkaz słudze, o ile znajduje się w obrębie 36m. Decydujesz o kierunku ruchu i akcji podejmowanej przez stworzenie w jego następnej turze, albo wydajesz ogólne polecenie – np. strzeżenia komnaty, czy korytarza. Gdy nie wydasz rozkazu, sługa ograniczy się do obrony własnej. Sługa wypełnia polecenie aż do ukończenia zadania. Masz kontrolę przez 24h...<br><br>Podręcznik gracza str.267";"Kleryk"
"6";"UCZTA BOHATERÓW";" Przywoływanie, 6. krąg";" 10 minut";" 9 metrów";" W, S, M (misa wysadzana klejnotami o wartości co najmniej 1000sz, zużywana przez zaklęcie)";" Natychmiastowy";" Urządzasz wspaniały bankiet, pełen doskonałego jadła i napitku. Uczta trwa 1 godzinę, po czym wszystko znika. Korzystne efekty posiłku zaczynają działać dopiero po upływie tej godziny. W uczcie może uczestniczyć 12 istot.<br><br>Uczestnik uczty zyskuje kilka korzyści:<br>*Zostaje uleczony ze wszystkich chorób i trucizn,<br>*Staje się niepodatny na trucizny i przerażenie,<br>*Ma ułatwienie we wszystkich rzutach obronnych na Mądrość.<br><br>Jego maksymalne PW zwiększają się o 2k10, odzyskuje także taką samą liczbę PW.<br><br>Efekty uczty utrzymują się przez 24 godziny.";"Kleryk"
"6";"ULECZENIE";" Wywoływanie, 6. krąg";" 1 akcja";" 18 metrów";" W, S";" Natychmiastowy";" Wybierasz stworzenie, które widzisz w zasięgu czaru. Opływa je strumień pozytywnej energii sprawiający, ze odzyskuje ono 70 PW.<br><br>Oprócz tego, czar usuwa ślepotę, głuchotę i wszystkie choroby leczonej istoty.<br><br>Zaklęcie nie działa na konstrukty i nieumarłych.<br><br>Na wyższych kręgach. Jeśli rzucasz ten czar, wykorzystując komórkę co najmniej 7. kręgu, za każdy krąg powyżej 6. zwiększasz liczbę przywracanych PW o 10.";"Kleryk"
"6";"WYŁĄCZENIE";" Odpychanie, 6. krąg (rytuał)";" 10 minut";" Dotyk";" W, S, M (pokropienie wodą święconą, rzadkie kadzidło i sproszkowany rubin o wartości 1000 sz)";" 1 dzień";" Tworzysz barierę przeciw magicznym sposobom<br>podróżowania. Chroni ona obszar o powierzchni do 3600m kwadratowych i wysokości do 9m. Nikt nie może się teleportować do chronionego obszaru, ani przenieść się tam przy użyciu portali (stworzonych zaklęciem brama). Czar wyłącza możliwość podróży sferalnej. Ponadto, zaklęcie zadaje obrażenia wybranym przez ciebie rodzajom stworzeń – czarty, fey, niebianie, nieumarli, lub żywiołaki. Gdy wybrane stworzenie wkracza w obszar zaklęcia po raz pierwszy w swojej turze, lub rozpoczyna w nim swoją turę, otrzymuje 5k10 obrażeń nekrotycznych lub od<br>światłości (wybierasz rodzaj podczas inkantacji).<br>Gdy rzucasz zaklęcie, możesz również ustalić hasło, którego podanie uchroni istotę wchodzącą na chroniony obszar przed otrzymaniem obrażeń.<br>Obszar zaklęcia nie może nakładać się z obszarem innego wyłączania. Jeśli rzucisz wyłączenie codziennie przez 30 dni w tym samym miejscu, to zaklęcie utrwali się do czasu rozproszenia, a komponenty materialne zostaną zużyte<br>podczas ostatniej inkantacji.";"Kleryk"
"7";"BURZA OGNIA";" Wywoływanie, 7. krąg";" 1 akcja";" 45 metrów";" W, S";" Natychmiastowy";" Burza ryczących płomieni pojawia się we wskazanym przez ciebie miejscu w zasięgu czaru. Obszar działania czaru składa się z maksymalnie dziesięciu 3-metrowych sześcianów, które możesz dowolnie rozmieścić, przy czym każdy sześcian musi stykać się co najmniej z jedną ścianą z innym sześcianem. Istoty na obszarze działania czaru, muszą wykonać rzut obronny na Zręczność. W przypadku niepowodzenia, otrzymują 7k10 obrażeń od ognia. Udany rzut zmniejsza obrażenia o połowę.<br><br>Ogień uszkadza obiekty na obszarze działania czaru i podpala łatwopalne przedmioty, które nie są przez kogoś trzymane lub noszone. Możesz zadecydować, czy na jego działanie będą podatne rośliny.";"Kleryk"
"7";"ETERYCZNOŚĆ";" Przemiany, 7. krąg";" 1 akcja";" Na siebie";" W, S";" Do 8 godzin";" Wkraczasz na Eteryczne Pogranicze w miejscu przenikania się Sfery Eterycznej ze sferą egzystencji, w której przebywasz. Pozostajesz tam do końca trwania czaru lub do jego zakończenia przy użyciu akcji. Możesz się przemieszczać. Ruch w górę kosztuje Cię podwójnie. Widzisz i słyszysz co się dzieje w twojej sferze egzystencji, ale tylko na 18m i szaro. W Sferze Eterycznej możesz wchodzić w interakcje jedynie z innymi stworzeniami tam przebywającymi. Ignorujesz wszystkie obiekty i efekty spoza Sfery Eterycznej, co pozwala ci na przemieszczanie się przez obiekty znajdujące się w sferze, z której przybyłeś. Kiedy czar się kończy, wracasz do swojej sfery, w miejscu, w którym aktualnie się znajdujesz. Jeśli znajduje się tam w tym czasie jakieś stworzenie lub ciało stałe, zostajesz przeniesiony do wolnego miejsca i za każde przebyte 30cm otrzymujesz 2 obrażenia od mocy. Zaklęcie nie przynosi żadnego efektu, jeśli rzucisz je w Sferze Eterycznej albo takiej, która się z nią nie przenika, np. w jednej ze Sfer Zewnętrznych...<br><br>Podręcznik gracza str.221";"Kleryk"
"7";"PRZYWOŁANIE NIEBIANINA";" Przywoływanie, 7. krąg";" 1 minuta";" 27 metrów";" W, S";" Koncentracja, do 1 godziny";" Przywołujesz niebianina o stopniu wyzwania nie większym niż 4, który pojawia się w wolnej przestrzeni, jaką widzisz w zasięgu czaru. Istota znika, kiedy jej PW spadną do 0, lub gdy czar dobiegnie końca.<br><br> Istota jest przyjazna tobie i twoim sprzymierzeńcom. Wykonujesz za nią rzut na inicjatywę, gdy działa w swoich własnych turach. Jest posłuszna twoim słownym poleceniom, dopóki są zgodne z jej charakterem (nie zużywają one twojej akcji). Jeśli nie wydasz polecenia, przywołana istota ogranicza się do obrony przed wrogami, ale nie wykonuje innych akcji. MP dysponuje statystykami przywołanego niebianina.<br><br>Na wyższych kręgach. Jeśli rzucasz ten czar,<br>wykorzystując komórkę 9. kręgu, możesz przywołać niebianina o stopniu wyzwania nie większym niż 5.";"Kleryk"
"7";"REGENERACJA";" Przemiany, 7. krąg";" 1 minuta";" Dotyk";" W, S, M (młynek modlitewny i woda święcona)";" 1 godzina";" Dotykasz wybranej istoty i pobudzasz jej naturalne zdolności regeneracyjne. Cel czaru odzyskuje 4k8 + 15 PW. Przez cały czas działania zaklęcia, na początku każdej swojej tury odzyskuje 1 PW (10 na minutę).<br><br>Utracone części ciała (palce, noga, ogon itp.) odrastają po dwóch minutach. Jeśli posiadasz odciętą część ciała i przyłożysz ją do kikuta, to dzięki zaklęciu, natychmiast przyrośnie z powrotem.";"Kleryk"
"7";"SFERALNY PRZESKOK";" Przywoływanie, 7. krąg";" 1 akcja";" Dotyk";" W, S, M (rozwidlony metalowy pręt o wartości co najmniej 250sz, dostrojony do konkretnej sfery egzystencji)";" Natychmiastowy";" Zostajesz przeniesiony do innej sfery (+max 8 istot – musicie utworzyć krąg, trzymając się za ręce). Możesz ogólnie określić miejsce przeznaczenia (np. Pałac Dispatera w drugim kręgu Dziewięciu Piekieł, albo Mosiężne Miasto w Sferze Ognia) i pojawiasz się w nim albo w jego pobliżu.<br><br>Jeżeli znasz sekwencję pieczęci kręgu teleportacyjnego z innej sfery egzystencji, możesz także rzucić to zaklęcie tak, by przeniosło cię do tego kręgu. Jeśli ów krąg jest za mały, by pomieścić wszystkie przychylne istoty, to pojawiają się one w najbliższym wolnym miejscu w jego pobliżu...<br><br>Podręcznik gracza str.262";"Kleryk"
"7";"SŁOWO BOŻE";" Wywoływanie, 7. krąg";" 1 akcja dodatkowa";" 9 metrów";" W";" Natychmiastowy";" Wymawiasz boskie słowo przesiąknięte mocą, która kształtowała świat u jego zarania. Wybierz dowolną liczbę istot, które widzisz w zasięgu czaru. Każda z nich, jeśli cię słyszy, musi wykonać rzut obronny na Charyzmę. W przypadku niepowodzenia, zostanie objęta efektem czaru,<br>zależnym od jej aktualnego poziomu PW:<br><br>*50 PW lub mniej – ogłuchła na 1 minutę,<br>*40 PW lub mniej – ogłuchła i oślepiona na 10 minut,<br>*30 PW lub mniej – oślepiona, ogłuchła i ogłuszona na 1 h,<br>*20 PW lub mniej – zabita na miejscu.<br><br>Czart, fey, niebianin lub żywiołak, niezależnie od liczby posiadanych PW, po nieudanym rzucie obronnym jest zmuszony do powrotu do swojej sfery macierzystej ( o ile obecnie w niej nie przebywa) i przez kolejne 25 godziny nie<br>może powrócić do twojej obecnej sfery w żaden sposób, z wyjątkiem czaru życzenie.";"Kleryk"
"7";"SYMBOL";" Odpychanie, 7. krąg";" 1 minuta";" Dotyk";" W, S, M (rtęć, fosfor oraz sproszkowany diament i opal o łącznej wartości co najmniej 1000 sz, zużywane)";" Do rozproszenia lub uruchomienia";" Kreślisz glif pokrywający powierzchnię o średnicy do 3m. Obiekt lub przedmiot z glifem nie może być przemieszczony. Wykrycie glifu wymaga udanego testu Inteligencji (Śledztwo) o ST rzutu obronnego przeciw twoim czarom. Określasz, w jakich okolicznościach glif zostaje uruchomiony. Wybierasz jeden z poniższych efektów.<br>Po uruchomieniu glif rozbłyska przez 10 minut, wypełniając słabym światłem sferę o promieniu 18m, po czym działanie czaru się kończy. Jego efekt obejmuje każdą istotę przebywającą w tym obszarze podczas uruchomienia glifu oraz każdą wchodzącą na ten obszar po raz pierwszy w swojej turze, lub kończącą tam swoją turę.<br><br>Dostępne efekty: beznadzieja, ból, konflikt, obłęd, ogłuszenie, strach, śmierć, uśpienie (dokładny opis na str. 267).";"Kleryk"
"7";"ZMARTWYCHWSTANIE";" Nekromancja, 7. krąg";" 1 godzina";" Dotyk";" W, S, M (diament o wartości co najmniej 1000sz, zużywany)";" Natychmiastowy";" Dotykasz istoty zmarłej nie dawniej niż 100 lat temu z powodów innych niż starość i niebędącej nieumarłym. Jeżeli jej dusza jest wolna i chętna, to powraca do ciała, a istota zostaje przywrócona do życia z pełną pulą swoich PW. Zaklęcie neutralizuje wszystkie trucizny i leczy zwykłe choroby, które nękały wskrzeszaną istotę w momencie jej śmierci. Nie usuwa jednak magicznych chorób, klątw i podobnych efektów, jeśli nie zostaną one wcześniej usunięte, zaczynają działać od razu po wskrzeszeniu.<br>Czar zamyka również wszystkie śmiertelne rany i przywraca utracone części ciała.<br><br>Powrót zza grobu to droga przez mękę. Wskrzeszona osoba ma karę -4 do wszystkich testów ataku, rzutów obronnych i testów cech, Po każdym ukończeniu długiego odpoczynku, kara ta zmniejsza się o 1, aż do całkowitego zniknięcia...<br><br>Podręcznik gracz str.286";"Kleryk"
"8";"KONTROLA POGODY";" Przemiany, 8. krąg";" 10 minut";" Na siebie (krąg o promieniu 7,5 kilometra)";" W, S, M (płonące kadzidło i wymieszane z wodą kawałki drewna i ziemi)";" Koncentracja, do 8 godzin";" Aby rzucić to zaklęcie, musisz znajdować się pod otwartym niebem. Jeśli przemieścisz się w miejsce, z którego nie masz widoku na niebo, to zaklęcie zakończy się przedwcześnie. Możesz zmienić temperaturę, wiatr lub występowanie<br>opadów. Na zmianę pogody musisz poczekać 1k4 +10 minut. Po tym czasie możesz ponownie ją zmienić. Gdy zmieniasz warunki pogodowe, odszukaj aktualne warunki w tabelach i zmień je o jeden stopień w górę lub w dół. Możesz nadać też nowy kierunek wiatrowi. OPADY/TEMPERATURA/WIATR:<br>1 : Czyste niebo/Nieznośny upał/Cisza.<br>2: Lekkie Zachmurzenie/Gorąco/Umiarkowany wiatr.<br>3: Całkowite zachmurzenie lub zamglenie/ Ciepło/Silny wiatr.<br>4: Deszcz, grad, śnieg/Chłodno/Wichura.<br>5: Ulewny deszcz, gradobicie, zamieć/<br>Zimno/Huragan.<br>6: Lodowato (temperatura)";"Kleryk"
"8";"POLE ANTYMAGII";" Odpychanie, 8. krąg";" 1 akcja";" Na siebie (sfera o promieniu 3 metrów)";" W, S, M (szczypta sproszkowanego żelaza)";" Koncentracja, do 1 godziny";" Otacza cię niewidzialna sfera antymagii o promieniu 3m. Jest ona odcięta od magicznej energii wypełniającej Wieloświat. W jej obrębie nie da się rzucać czarów, znikają przywołane istoty, a magiczne przedmioty stają się niemagiczne. Obszar antymagii przemieszcza się razem z tobą. Komórka wydana na rzucanie wygaszanego czaru, ulega zużyciu. Wygaszony efekt nie działa, ale czas jego wygaszenia wlicza się do czasu jego trwania.<br>*Zaklęcia ani magiczne efekty nie mają wpływu na swój cel.<br>*Jeżeli pole zaklęcia nakłada się na pole antymagii, to na części wspólnej, magia zostaje wygaszona.<br>*Każde zaklęcie lub efekt działające na istotę lub obiekt znajdujący się w polu antymagii, zostaje wygaszone.<br>*Pole antymagii wygasza magiczne przedmioty.<br>*Nie działają teleportacje ani podróże sferalne. Żadne.<br>*Przywołane stworzenia znikają.<br>*Rozproszenie magii nie działa w polu antymagii.<br>Obszary stworzone przez różne wystąpienia zaklęcia pole antymagii, nie anulują się wzajemnie.";"Kleryk"
"8";"ŚWIĘTA AURA";" Odpychanie, 8. krąg";" 1 akcja";" Na siebie";" W, S, M (malutki relikwiarz o wartości co najmniej 1000sz zawierający relikwię, np. strzęp szaty świętego, albo stronicę religijnego manuskryptu)";" Koncentracja, do 1 minuty";" Boskie światło rozlewa się od ciebie, tworząc łagodny blask w promieniu 9 metrów. Wybrane stworzenia w jego obszarze, zaczynają świecić słabym światłem w promieniu 1,5 metra i mają ułatwienie we wszystkich rzutach obronnych, podczas gdy pozostałe istoty mają utrudnienie w testach ataku przeciw nim, aż do końca trwania czaru. <br><br>Ponadto, gdy promieniująca światłem istota zostanie trafiona atakiem wręcz przez czarta lub nieumarłego, jej aura rozbłyska mocno, a napastnik musi wykonać rzut obronny na Kondycję. W przypadku niepowodzenia, zostaje oślepiony na czas działania czaru.";"Kleryk"
"8";"TRZĘSIENIE ZIEMI";" Wywoływanie, 8. krąg";" 1 akcja";" 150 metrów";" W, S, M (szczypta ziemi, kamień i grudka gliny)";" Koncentracja, do 1 minuty";" Podczas działania tego czaru, obszarem w promieniu 30 metrów od wybranego punktu w zasięgu czaru, targają silne wstrząsy, przenoszące się na istoty i budynki mające kontakt z powierzchnią ziemi.<br><br>Ziemia na czas działania czaru staje się trudnym terenem. Przebywające tam istoty, które koncentrują się na zaklęciach, muszą wykonać rzut obronny na Kondycję. W przypadku niepowodzenia, ich koncentracja zostaje przerwana. <br><br>Kiedy rzucasz to zaklęcie oraz pod koniec każdej tury, w której się na nim koncentrujesz, każda istota w obszarze trzęsienia ziemi musi wykonać rzut obronny na Zręczność. W przypadku niepowodzenia, pada powalona. Zależnie od typu terenu objętego zaklęciem, możesz wywołać dodatkowe efekty określane przez MP.<br>Możesz tworzyć szczeliny oraz oddziaływać na budynki, zgodnie z zasadami na stronie 273.";"Kleryk"
"9";"BRAMA";" Przywoływanie, 9. krąg";" 1 akcja";" 18 metrów";" W, S, M (diament o wartości co najmniej 5000 sz)";" Koncentracja, do 1 minuty";" Przywołujesz portal łączący wolne miejsce, które widzisz w zasięgu czaru, z konkretnym miejscem w innej sferze egzystencji. Portal działa przez cały czas trwania czaru i ma kształt koła. Możesz wybrać jego średnicę – od 1,5m do 6m – i ustawić go w dowolnym kierunku. Końce portalu w obu sferach egzystencji posiadają stronę przednią i tylną. Aby podróżować portalem, należy przekroczyć go od przodu. Wszystko, co w ten sposób przejdzie przez bramę na jednym jej końcu, pojawi się natychmiast w najbliższym wolnym miejscy koło drugiego. Bóstwa i inni władcy sfer, mogą blokować możliwość otwierania portali tworzonych tym zaklęciem bezpośrednio w ich obecności lub gdziekolwiek w ich domenie...<br><br>Podręcznik gracza str.214";"Kleryk"
"9";"MASOWE ULECZENIE";" Wywoływanie, 9. krąg";" 1 akcja";" 18 metrów";" W, S";" Natychmiastowy";" Uzdrawiająca energia rozchodzi się od ciebie potężną falą. <br><br>Przywracasz do 700 PW, dzieląc je wedle uznania między dowolną liczbę istot, które widzisz w zasięgu czaru.<br><br>Uzdrowione tym czarem stworzenia, zostają również uleczone ze wszystkich chorób i pozbywają się efektów powodujących oślepienie lub ogłuchnięcie.<br><br>Zaklęcie nie działa na konstrukty i nieumarłych.";"Kleryk"
"9";"PRAWDZIWE ZMARTWYCHWSTANIE";" Nekromancja, 9. krąg";" 1 godzina";" Dotyk";" W, S, M (skropienie wodą święconą i diamenty o wartości co najmniej25 000 sz, zużywane przez zaklęcie)";" Natychmiastowy";" Dotykasz istoty zmarłej nie dawniej niż 200 lat temu z powodów innych niż starość. Jeżeli jej dusza jest wolna i chętna, to powraca do ciała, a istota zostaje przywrócona do życia z pełną pulą swoich PW.<br><br>Tym zaklęciem zamykasz wszystkie rany, neutralizujesz każdą truciznę, leczysz wszystkie choroby i zdejmujesz wszelkie klątwy, które działały na wskrzeszoną istotę w momencie śmierci. Naprawiasz również uszkodzone<br>organy i kończyny oraz przywracasz utracone. Jeśli stworzenie było nieumarłym, zostaje przywrócone do swojej wcześniejszej, żywej formy...<br>Podręcznik gracza str.251<br>";"Kleryk"
"9";"PROJEKCJA ASTRALNA";" Nekromancja, 9. krąg";" 1 godzina";" 3 metry";" W, S, M (jacynt o wartości co najmniej 1000sz oraz sztabka srebra o wartości co najmniej 100sz – na 1 istotę)";" Specjalny";" Ty i do ośmiu przychylnych ci istot przenosicie swoje ciała astralne do Sfery Astralnej. Zostawiasz swoje ciało fizyczne nieprzytomne, w stanie zawieszonych czynności życiowych. Za twoim ciałem astralnym ciągnie się spomiędzy łopatek srebrzysty sznur, łączący cię z twoim fizycznym ciałem i znikający w przestrzeni za tobą. Dzięki niemu, możesz odnaleźć drogę do domu, jeśli zostanie przerwany-umierasz.<br>Twoja forma astralna może swobodnie przechodzić przez portale do innych sfer. To odrębne wcielenie-obrażenia lub cokolwiek innego, nie mają wpływu na twoją fizyczną formę...<br><br>Podręcznik gracza str.251";"Kleryk"
"1";"CHMURA MGŁY (Burza)";" Przywoływanie, 1. krąg";" 1 akcja";" 36 metrów";" W, S";" Koncentracja, do 1 godziny";" Przywołujesz kulistą chmurę mgły o promieniu 6m, której środek znajduje się w zasięgu zaklęcia. Mgła rozprzestrzenia się wokół rogów i załomów, a jej obszar jest pozbawiony widoczności. Chmura utrzymuje się do wygaśnięcia czaru, choć wcześniej może ją też rozwiać wiatr o umiarkowanej lub większej prędkości (co najmniej 15km/h).<br><br>Na wyższych kręgach. Jeśli rzucasz ten czar,<br>wykorzystując komórkę co najmniej 2. kręgu, za każdy krąg powyżej 1., zwiększasz promień chmury o 6 metrów.";"Kleryk"
"1";"FALA GROMU (Burza)";" Wywoływanie, 1. krąg";" 1 akcja";" Na siebie (sześcian o boku 4,5 metra)";" W, S";" Natychmiastowy";" Uwalniasz falę ogłuszającej mocy.<br><br>W przestrzeni o kształcie wychodzącego od ciebie sześcianu o boku 4,5m, wszystkie istoty muszą wykonać rzut obronny na Kondycję.<br><br>W przypadku niepowodzenia, otrzymują po 2k8 obrażeń od dźwięku i zostają odepchnięte o 3m od ciebie. Po udanym rzucie, otrzymują połowę obrażeń i nie zostają odepchnięte.<br><br>Ponadto, niezabezpieczone przedmioty znajdujące się w całości na obszarze działania czaru zostają automatycznie odepchnięte o 3 metry od ciebie, a zaklęcie wywołuje ogłaszający huk słyszalny z odległości 90 metrów.<br><br>Na wyższych kręgach. Jeśli rzucasz ten czar,<br>wykorzystując komórkę co najmniej 2. kręgu, za każdy krąg powyżej 1. zwiększasz obrażenia o 1k8.";"Kleryk"
"2";"PORYW WIATRU (Burza)";" Wywoływanie, 2. krąg";" 1 akcja";" Na siebie (prosta o długości 18 metrów)";" W, S, M (nasiono ze strąka)";" Koncentracja, do 1 minuty";" Wywołujesz podmuch silnego wiatru, który wieje od ciebie w wybranym kierunku, tworząc prostą o długości 18 metrów i szerokości 3 metrów. Wiatr wieje przez cały czas działania czaru. Każda istota rozpoczynająca swoją turę w jego obszarze, musi wykonać rzut obronny na Siłę, W przypadku niepowodzenia, zostanie odepchnięta od ciebie o 4,5 metra zgodnie z kierunkiem wiatru. Istoty znajdujące się w obszarze czaru i próbujące się do ciebie zbliżyć, muszą zużyć dodatkowy metr szybkości za każdy przebyty metr. Wiatr rozwiewa gaz i opary, a także gasi świece, pochodnie i podobne niechronione płomienie na swoim obszarze. Sprawia, że chroniony płomień (na przykład latarni) pełga niespokojnie i ma 50% szansy na to, że zgaśnie. Podczas trwania czaru w ramach akcji dodatkowej w swojej turze, możesz zmienić kierunek, w którym wieje od ciebie wiatr.";"Kleryk"
"2";"TRZASK (Burza)";" Wywoływanie, 2. krąg";" 1 akcja";" 18 metrów";" W, S, M (odłamek miki)";" Natychmiastowy";" Z punktu, który widzisz w zasięgu czaru, dobywa się nagły, głośny i boleśnie intensywny dźwięk. Każda istota znajdująca się w obrębie strefy o promieniu 3m wokół tego punktu, musi wykonać rzut obronny na Kondycję. W przypadku niepowodzenia otrzymuje 3k8 obrażeń od dźwięku. Udany rzut zmniejsza obrażenia o połowę. Stworzenia z materii nieorganicznej, takiej jak kamień, kryształ lub metal, mają w tym rzucie utrudnienie. Obrażenia otrzymują również znajdujące się w zasięgu czaru niemagiczne obiekty, które ni są noszone lub trzymane. <br><br>Na wyższych kręgach. Jeśli rzucasz ten czar, wykorzystując komórkę co najmniej 3. kręgu, za każdy krąg powyżej 2., zwiększasz zadawane obrażenia o 1k8.";"Kleryk"
"3";"ŚNIEŻYCA (Burza)";" Przywoływanie, 3. krąg";" 1 akcja";" 45 metrów";" W, S, M (szczypta pyłu lub kilka krople wody)";" Koncentracja (do 1 minuty)";" Marznący deszcz ze śniegiem pada podczas działania czaru na obszarze w kształcie cylindra o wysokości 6 metrów i promieniu 12 metrów, z punktem wyjścia we wskazanym miejscu w zasięgu czaru. Tworzy obszar pozbawiony<br>widoczności i gasi nieosłonięte płomienie.<br><br>Ziemia na obszarze czaru pokrywa się mokrym lodem, czyniącym z niej trudny teren. Stworzenie wchodzące w obszar czaru po raz pierwszy w swojej turze, lub rozpoczynające na nim swoją turę, musi wykonać rzut obronny na Zręczność. W przypadku niepowodzenia, zostaje powalone.<br><br>Istota rozpoczynająca swoją turę w obszarze objętym śnieżycą i koncentrująca się na zaklęciu, musi wykonać rzut obronny na Kondycję o ST rzutu obronnego przeciw twoim czarom. W przypadku niepowodzenia traci koncentrację.";"Kleryk"
"3";"WEZWANIE BŁYSKAWICY (Burza)";" Przywoływanie, 3. krąg";" 1 akcja";" 36 metrów";" W, S";" Koncentracja, do 10 minut";" W punkcie, który widzisz w zasięgu czaru bezpośrednio nad sobą, przywołujesz burzową chmurę w kształcie walca o wysokości 3 metrów i promieniu 18 metrów. Zaklęcie nie udaje się, jeżeli nie możesz zobaczyć punktu, w którym powinna pojawić się chmura (np. przebywasz w zbyt małym pomieszczeniu). Gdy rzucasz zaklęcie, wybierasz punkt znajdujący się pod chmurą, który widzisz. Z chmury wylatuje piorun i uderza w wybrane miejsce. Każda istota znajdująca się do 1,5 metra od niego, musi wykonać rzut obronny na Zręczność. W przypadku niepowodzenia, otrzymuje 3k10 obrażeń od elektryczności. Udany rzut zmniejsza obrażenia o połowę. W każdej ze swoich tur do końca działania czaru, możesz wykorzystać swoją akcję, by ponownie wezwać błyskawicę i uderzyć ten sam lub inny punkt. Gdy rzucasz to zaklęcie, przebywając na zewnątrz przy burzowej pogodzie, możesz przejąć kontrolę nad istniejącą burzą, zamiast wywoływać nową. W takim wypadku, obrażenia z tego zaklęcia wzrastają o 1k10. Na wyższych kręgach. Jeśli rzucasz ten czar, wykorzystując komórkę co najmniej 4. kręgu, za każdy krąg powyżej 3. zwiększasz zadawane obrażenia o 1k10.";"Kleryk"
"4";"BURZA LODU (Burza)";" Wywoływanie, 4. krąg";" 1 akcja";" 90 metrów";" W, S, M (szczypta pyłu i kilka kropli wody)";" Natychmiastowy";" W ziemię uderzają twarde jak skała lodowe odłamki. Gradobicie ma kształt walca o promieniu 6 metrów i wysokości 12 metrów, którego punkt wyjścia znajduje się w zasięgu czaru.<br><br>Każde stworzenie w tym obszarze musi wykonać rzut obronny na Zręczność. W przypadku niepowodzenia otrzymuje 2k8 obrażeń obuchowych i 4k6 obrażeń od zimna. Udany rzut zmniejsza obrażenia o połowę.<br><br>Do końca twojej następnej tury, grad zmienia obszar działania czaru w trudny teren.<br><br>Na wyższych kręgach. Jeśli rzucasz ten czar,<br>wykorzystując komórkę co najmniej 5. kręgu, za każdy krąg powyżej 4. zwiększasz obrażenia obuchowe o 1k8.";"Kleryk"
"4";"KONTROLA WODY (Burza)";" Przemiany, 4. krąg";" 1 akcja";" 90 metrów";" W, S, M (kropla wody, szczypta pyłu)";" Koncentracja, do 10 minut";" Kontrolujesz zbiornik wody mieszczący się w obrębie sześcianu o boku 30m. Wybierasz jeden efekt, w ramach akcji w swojej turze możesz go powtórzyć, albo wybrać inny.<br>*Powódź. <br>*Rozdzielenie wód. <br>*Zawrócenie biegu. <br>*Wir. <br><br>Dokładne działanie tej opcji, opisane na stronie 227.";"Kleryk"
"5";"FALA ZNISZCZENIA (Burza)";" Wywoływanie, 5. krąg";" 1 akcja";" Na siebie (okrąg o promieniu 9 metrów)";" W";" Natychmiastowy";" Uderzasz w ziemię, tworząc wybuch boskiej energii rozchodzącej się falą we wszystkich kierunkach.<br><br>Istoty, które wskażesz w obrębie 9 metrów od siebie, muszą wykonać rzut obronny na Kondycję. W przypadku niepowodzenia, otrzymują 5k6 obrażeń nekrotycznych lub od światłości (twój wybór) i zostają powalone. <br><br>Po udanym rzucie, otrzymują połowę obrażeń i pozostają na nogach.";"Kleryk"
"5";"PLAGA OWADÓW (Burza)";" Przywoływanie, 5. krąg";" 1 akcja";" 90 metrów";" W, S, M (kilka kryształków cukru, ziaren zboża,trochę tłuszczu)";" Koncentracja, do 10 minut";" Chmara wygłodniałej szarańczy kotłuje się, wypełniając sferę o promieniu 6m, z punktem wyjścia wskazanym przez ciebie w zasięgu czaru. Sfera rozprzestrzenia się za rogi i załomy. Szarańcza pozostaje w niej przez czas działania czaru, tworząc trudny teren o ograniczonej widoczności.<br><br>W momencie pojawiania się chmary szarańczy, każda znajdująca się w jej obrębie istota, musi wykonać rzut obronny na Kondycję. W przypadku niepowodzenia, otrzymuje 4k10 obrażeń kłutych. Udany rzut obronny zmniejsza obrażenia o połowę. Rzut obronny musi także wykonać każde stworzenie wchodzące w obszar czaru po raz pierwszy w swojej turze lub kończące w nim swoją turę.<br><br>Na wyższych kręgach. Jeśli rzucasz ten czar,<br>wykorzystując komórkę co najmniej 6. kręgu, za każdy krągpowyżej 5. zwiększasz zadawane obrażenia o 1k10.";"Kleryk"
"1";"PRZYJACIEL ZWIERZĄT (Natura)";" Uroki, 1. krąg";" 1 akcja";" 9 metrów";" W, S, M (odrobina jedzenia)";" 2 godziny";" Przy pomocy tego czaru możesz przekonać zwierzę, że nie stanowisz dla niego zagrożenia. Wybierz bestię, którą widzisz w zasięgu czaru, i która widzi i słyszy ciebie. Jeśli jej Inteligencja wynosi 4 lub więcej, zaklęcie się nie udaje. W przeciwnym wypadku, zwierzę musi wykonać udany rzut obronny na Mądrość, albo zostanie przez ciebie zauroczone na czas trwania czaru. Jeżeli ty lub ktoś z twoich sojuszników skrzywdzi to zwierzę, czar się skończy.<br><br>Na wyższych kręgach. Jeśli rzucasz tej czar, wykorzystując komórkę co najmniej 2. kręgu, za każdy krąg powyżej 1. możesz objąć czarem dodatkowe zwierzę. ";"Kleryk"
"1";"ROZMAWIANIE ZE ZWIERZĘTAMI (Natura)";" Wieszczenie, 1. krąg (rytuał)";" 1 akcja";" Na siebie";" W, S";" Do 10 minut";" Na czas trwania czaru, zyskujesz zdolność rozumienia bestii i słownej komunikacji z nimi. Wiedza i świadomość wielu zwierząt jest ograniczona ich poziomem Inteligencji, ale w najgorszym przypadku, możesz od nich zdobyć informacje o pobliskich miejscach i potworach, włączając informacje o tym, co zwierzę postrzega obecnie lub czego doświadczyło poprzedniego dnia.<br><br>Za zgodą MP możesz nakłonić zwierzę do wyświadczenia ci niewielkiej przysługi.";"Kleryk"
"2";"KOROWA SKÓRA (Natura)";" Przemiany, 2. krąg";" 1 akcja";" Dotyk";" W, S, M (garść dębowej kory)";" Koncentracja, do 1 godziny";" Dotykasz przychylnej istoty.<br><br>Do końca trwania czaru, jej skóra nabiera wyglądu szorstkiej kory, a jej KP nie może być mniejsze od 16, niezależnie od tego, jaki typ pancerza nosi.";"Kleryk"
"2";"WZROST KOLCÓW (Natura)";" Przemiany, 2. krąg";" 1 akcja";" 45 metrów";" W, S, M (siedem ostrych cierni lub małych, zaostrzonych gałązek)";" Koncentracja, do 10 minut";" Ziemia w promieniu 6m wokół punktu wskazanego w zasięgu czaru, pokrywa się twardymi kolcami i cierniami. Obszar objęty czarem, na ten czas jego trwania, staje się trudnym terenem.<br><br>Poruszające się po niej istoty otrzymują 2k4 obrażeń kłutych za każde 1,5m przebytej odległości.<br><br>Przemiana ziemi jest zakamuflowana tak, by jej powierzchnia wyglądała naturalnie. Wszystkie stworzenia, które nie widzą obszaru w momencie rzucania czaru, przed wkroczeniem do niego muszą wykonać udany test Mądrości (Percepcja) o ST rzutu obronnego przeciw twoim czarom, by rozpoznać teren jako niebezpieczny.";"Kleryk"
"3";"ROZROST ROŚLIN (Natura)";" Przemiany, 3. krąg";" 1 akcja lub 8 godzin";" 45 metrów";" W, S";" Natychmiastowy";" Przy pomocy tego zaklęcia, wzmagasz siły życiowe roślinności na określonym obszarze. Możesz to zrobić na dwa sposoby, zapewniając jej natychmiastowe lub długoterminowe korzyści.<br>Jeśli rzucasz to zaklęcie, używając pojedynczej akcji podstawowej, wybierz punkt w jego zasięgu. Zwyczajna roślinność w promieniu 30 metrów od niego, stanie się wybujała i przerośnięta. Stworzenia podróżujące przez ten obszar, muszą zużyć 4 metry szybkości, by przemieścić się o 1 metr. <br><br>W obrębie obszaru obejmowanego zaklęciem, możesz wskazać dowolnego rozmiaru strefy, które wyłączasz spod jego działania.<br><br>Jeżeli rzucasz to zaklęcie przez 8 godzin, użyźniasz ziemię w okolicy. Roślinność w promieniu 750 metrów od wskazanego<br>punktu w zasięgu czaru, zostaje na 1 rok wyjątkowo odżywione. Podczas zbiorów, wyda dwa razy większe plony niż zwykle.";"Kleryk"
"3";"ŚCIANA WICHRU (Natura)";" Wywoływanie, 3. krąg";" 1 akcja";" 36 metrów";" W, S, M (malutki wachlarz i egzotyczne pióro)";" Koncentracja, do 1 minuty";" Ze wskazanego miejsca na ziemi, położonego w zasięgu czaru, bucha ściana silnego wiatru. Możesz nadać jej wymiary do 15 metrów długości, do 4,5 metra wysokości i 30 centymetrów grubości oraz dowolnie ją ukształtować, o ile stworzy ciągłą<br>linię na poziomie gruntu. Ściana utrzymuje się przez cały czas działania zaklęcia. <br>Gdy ściana się pojawia, wszystkie stworzenia przebywające na jej obszarze muszą wykonać rzut obronny na Siłę. W przypadku niepowodzenia, otrzymują 3k8 obrażeń obuchowych. Udany rzut zmniejsza obrażenia o połowę. <br><br>Silny wiatr odpycha mgłę, dym i gaz. Małe i mniejsze latające istoty lub obiekty, nie mogą przedostać się przez ścianę. Luźne, lekkie rzeczy dostające się w obszar wiatru zostają porwane ku górze. Wystrzelone przez ścianę strzały, bełty i inne zwyczajne pociski, zostają odbite ku górze i automatycznie chybiają. (Nie dotyczy to głazów miotanych przez olbrzymy lub machiny oblężnicze oraz podobnych pocisków). Przez ścianę nie mogą przedostać się istoty w formie gazowej.";"Kleryk"
"4";"CHWYTNE PNĄCZE (Natura)";" Przywoływanie, 4. krąg";" 1 akcja dodatkowa";" 9 metrów";" W, S";" Koncentracja, do 1 minuty";" Przywołujesz pnącze wyrastające z podłoża w wybranym wolnym miejscu, które widzisz w zasięgu czaru. Następnie możesz rozkazać mu, by rzuciło się na widoczną dla ciebie istotę w obrębie 9 metrów od niego. Cel musi wykonać rzut obronny na Zręczność. W przypadku niepowodzenia, pnącze przyciąga go o 6 metrów do siebie.<br><br>W czasie trwania czaru możesz w każdej swojej turze w ramach akcji dodatkowej nakazać pnączu zaatakowanie tej samej lub innej istoty.";"Kleryk"
"4";"DOMINACJA NAD BESTIĄ (Natura)";" Uroki, 4. krąg";" 1 akcja";" 18 metrów";" W, S";" Koncentracja, do 1 minuty";" Jeśli bestia nie zda rzutu obronnego na Mądrość, zostanie zauroczona. Ma ułatwienie w tym teście, jeśli akurat walczyła z tobą lub twoimi sojusznikami. Będąc przytomnym, możesz wydawać telepatyczne polecenia zauroczonemu zwierzęciu. Możesz posłużyć się prostym i ogólnym rozkazem, takim jak: ,,Zaatakuj go, ,,Pobiegnij tam'' czy ,,Przynieś tamten przedmiot. Jeśli zwierzę po wypełnieniu polecenia nie otrzyma kolejnego, będzie ograniczało się do obrony własnej. W ramach swojej akcji możesz przejąć nad, zauroczonym zwierzęciem całkowitą kontrolę. Do końca twojej następnej tury, będzie wykonywało tylko wybrane przez ciebie akcje i nie zrobi niczego bez twojej zgody. Możesz zmusić je też do podjęcia reakcji, ale musisz na to zużyć również swoją. Za każdym razem, gdy zniewolone zwierzę otrzyma obrażenia, ponawia rzut obronny na Mądrość. Jeśli odniesie sukces, czar się kończy. Na wyższych kręgach. Jeśli rzucasz ten czar, wykorzystując komórkę 5. kręgu, wydłużasz maksymalny czas trwania do 10 minut. Wykorzystując komórkę 6. kręgu, wydłużasz maksymalny czas trwania do 1 godziny, a wykorzystując komórkę kręgu 7. lub wyższego - do 8 godzin (przy koncentracji).";"Kleryk"
"5";"PLAGA OWADÓW (Natura)";" Przywoływanie, 5. krąg";" 1 akcja";" 90 metrów";" W, S, M (kilka kryształków cukru, ziaren zboża,trochę tłuszczu)";" Koncentracja, do 10 minut";" Chmara wygłodniałej szarańczy kotłuje się, wypełniając sferę o promieniu 6m, z punktem wyjścia wskazanym przez ciebie w zasięgu czaru. Sfera rozprzestrzenia się za rogi i załomy. Szarańcza pozostaje w niej przez czas działania czaru, tworząc trudny teren o ograniczonej widoczności.<br><br>W momencie pojawiania się chmary szarańczy, każda znajdująca się w jej obrębie istota, musi wykonać rzut obronny na Kondycję. W przypadku niepowodzenia, otrzymuje 4k10 obrażeń kłutych. Udany rzut obronny zmniejsza obrażenia o połowę. Rzut obronny musi także wykonać każde stworzenie wchodzące w obszar czaru po raz pierwszy w swojej turze lub kończące w nim swoją turę.<br><br>Na wyższych kręgach. Jeśli rzucasz ten czar,<br>wykorzystując komórkę co najmniej 6. kręgu, za każdy krągpowyżej 5. zwiększasz zadawane obrażenia o 1k10.";"Kleryk"
"5";"SPACER MIĘDZY DRZEWAMI (Natura)";" Przywoływanie, 5. krąg";" 1 akcja";" Na siebie";" W, S";" Koncentracja, do 1 minuty";" Zyskujesz możliwość wejścia w drzewo i przemieszczenia z niego do wnętrza innego drzewa tego samego gatunku, rosnącego nie dalej niż 150 metrów. Oba drzewa muszą być żywe i co najmniej twojego rozmiaru.<br><br>Aby wejść do drzewa, musisz wykorzystać 1,5 metra ruchu. Automatycznie poznajesz umiejscowienie wszystkich innych drzew tego samego gatunku w obrębie 150 metrów, a w ramach ruchu związanego z wejściem do drzewa możesz przejść do jednego z nich albo wyjść z tego, w którym przebywasz. Pojawiasz się w wybranym miejscu 1,5 metra od docelowego drzewa, co również kosztuje cię 1,5 metra ruchu.<br>Jeśli nie masz już możliwości ruchu, pojawiasz się 1,5 metra od drzewa, do którego wszedłeś.<br><br>Podczas działania czaru, możesz przemieścić się w ten sposób raz na rundę. Każdą turę musisz zakończyć poza drzewem.";"Kleryk"
"1";"PRZEBRANIE SIEBIE (Oszustwo)";" Iluzje, 1. krąg";" 1 akcja";" Na siebie";" W, S";" 1 godzina";" Zmieniasz wygląd, włącznie z ubraniem, opancerzeniem, bronią itp.. Efekt trwa przez cały czas działania czaru, lub do chwili, w której go zakończysz w ramach swojej akcji. Możesz sprawić, że będziesz wyglądać na wyższego lub niższego o 30cm, szczupłego, grubego lub przeciętnej budowy ciała, więc przyjmując nowy wygląd, jesteś ograniczony do tego samego układu kończyn. Poza tym, zakres zmian zależy od ciebie.<br><br>Fizyczne sprawdzenie zdemaskuje twoją iluzję. Przykładowo - jeśli swój strój wzbogacisz o iluzoryczny kapelusz, inne przedmioty będą przez niego przenikać, a dotykająca go osoba nie poczuje pod palcami nic, albo wymaca twoją głowę i włosy. Jeśli użyjesz zaklęcia, by wydawać się szczuplejszym, niż jesteś, to sięgająca ku tobie dłoń zderzy się z tobą, choć będzie wyglądać, jakby właściciel zatrzymał ją<br>w powietrzu. <br><br>Aby odkryć twoje przebranie, należy użyć akcji w celu przyjrzenia się twojemu wyglądowi i zdać test Inteligencji (Śledztwo) o ST rzutu obronnego przeciw twoim czarom.";"Kleryk"
"1";"ZAUROCZENIE OSOBY (Oszustwo)";" Uroki, 1. krąg";" 1 akcja";" 9 metrów";" W, S";" 1 godzina";" Próbujesz zauroczyć humanoida, którego widzisz w zasięgu czaru. Musi on wykonać rzut obronny na Mądrość, w którym ma ułatwienie, jeśli walczy z tobą, lub z którymś z twoich towarzyszy. W przypadku niepowodzenia zostaje przez ciebie zauroczony na czas trwania zaklęcia lub do momentu, w którym ty, lub któryś z twoich towarzyszy zadziałacie na jego szkodę. Zauroczony humanoid postrzega ciebie jako<br>przyjaznego znajomego. Gdy czar dobiega końca, cel ma świadomość, że został przez ciebie zauroczony.<br><br>Na wyższych kręgach. Jeśli rzucasz ten czar,<br>wykorzystując komórkę co najmniej 2. kręgu, za każdy krąg powyżej 1. możesz objąć zauroczeniem dodatkową istotę. W momencie rzucania czaru, wszystkie cele muszą przebywać w obrębie 9m od siebie.";"Kleryk"
"2";"LUSTRZANE ODBICIA (Oszustwo)";" Iluzje, 2. krąg";" 1 akcja";" Na siebie";" W, S";" 1 minuta";" Pojawiają się przy tobie twoje trzy iluzoryczne kopie. Do zakończenia czaru przemieszczają się wraz z tobą, naśladują twoje działania i zmieniają pozycję tak, by uniemożliwić odróżnienie ich od ciebie. W ramach swojej akcji możesz odwołać tę iluzję.<br><br>Za każdym razem, gdy jesteś celem ataku podczas trwania zaklęcia, rzuć k20, by sprawdzić, czy atak trafił w ciebie, czy w twoją kopię. Gdy posiadasz trzy kopie, musisz wyrzucić co najmniej 6, by atak został przekierowany na iluzję. Przy dwóch kopiach, musisz wyrzucić co najmniej 8. Mając tylko jedną kopię, musisz wyrzucić co najmniej 11. KP twojego lustrzanego odbicia wynosi 10 + twój modyfikator ze Zręczności. Iluzja trafiona atakiem - znika. Iluzję może zniszczyć jedynie wymierzony w nią atak - ignoruje wszystkie inne efekty i źródła obrażeń. Zaklęcie wygasa, gdy wszystkie trzy kopie zostaną zniszczone.<br><br> Iluzja nie zadziała na istotę, która jej nie widzi, albo polega na zmysłach innych niż wzrok, np. ślepowidzeniu, bądź potrafi przejrzeć iluzje, jak przy pomocy zdolności prawdziwego widzenia.";"Kleryk"
"2";"PRZEJŚCIE BEZ ŚLADU (Oszustwo)";" Odpychanie, 2. krąg";" 1 akcja";" Na siebie";" W, S, M (popiół ze spalonego liścia jemioły i świerkowej gałązki)";" Koncentracja, do 1 godziny";" Roztaczasz wokół siebie zasłonę cierni i ciszę, które skrywają ciebie i twoich towarzyszy.<br><br>Przez czas działania czaru, każda wybrana przez ciebie istota, znajdująca się do 9m od ciebie (łącznie z tobą), otrzymuje modyfikator +10 w testach Zręczności (Skradanie się) i nie może zostać wytropiona niemagicznymi sposobami. Istota skryta zaklęciem, nie pozostawia tropów ani innych śladów swojego przejścia.";"Kleryk"
"3";"MIGNIĘCIE (Oszustwo)";" Przemiany, 3. krąg";" 1 akcja";" Na siebie";" W, S";" 1 minuta";" W czasie trwania czaru pod koniec każdej swojej tury rzucasz k20. Gdy wypadnie co najmniej 11, znikasz ze sfery egzystencji, w której przebywałeś, i pojawiasz się w Sferze Eterycznej. (Czar nie działa, a jego komórka zostaje zużyta, jeśli znajdujesz się tam w chwili rzucania). Na początku twojej następnej tury i na koniec czasu trwania zaklęcia, jeśli przebywasz w Sferze Eterycznej, powracasz na wybrane przez siebie wolne miejsce, które widzisz w obrębie 3 metrów od punktu swojego zniknięcia. Jeśli na tym obszarze nie ma wolnego miejsca, pojawiasz się w najbliższym dostępnym (ustalanym losowo, jeśli dwa wolne miejsca są jednakowo blisko). W ramach swojej akcji możesz zakończyć<br>zaklęcie. <br><br>Przebywając w Sferze Eterycznej, widzisz i słyszysz, co się dzieje w sferze, z której przybyłeś, choć obraz ten jawi się w szarych barwach i widzisz jedynie na odległość 18 metrów. Możesz wchodzić w interakcje jedynie z istotami również przebywającymi w Sferze Eterycznej. Istoty ze sfery, z której zniknąłeś, nie mogą cię dostrzec ani wejść z tobą w interakcję, chyba że dysponują pozwalającą na to zdolnością.";"Kleryk"
"3";"ROZPROSZENIE MAGII (Oszustwo)";" Odpychanie, 3. krąg";" 1 akcja";" 36 metrów";" W, S";" Natychmiastowy";" Wybierz jedną istotę, obiekt lub magiczny efekt w zasięgu czaru. Każde zaklęcie 3. lub niższego kręgu wpływające na nie, dobiega końca. Dla każdego zaklęcia z kręgu 4. lub wyższego, działającego na wybrany cel, wykonaj test swojej cechy bazowej o ST w wysokości 10 + krąg czaru. Po udanym rzucie, to zaklęcie zostaje rozproszone.<br><br>Na wyższych kręgach. Jeśli rzucasz ten czar,<br>wykorzystując komórkę co najmniej 4. kręgu, automatycznie rozpraszasz działające na wybrany cel zaklęcia z kręgu równego, lub mniejszego niż ten, z którego rzucasz<br>rozproszenie magii.";"Kleryk"
"4";"DRZWI PRZEZ WYMIARY (Oszustwo)";" Przywoływanie, 4. krąg";" 1 akcja";" 150 metrów";" W";" Natychmiastowy";" Teleportujesz się do innego miejsca znajdującego się w zasięgu czaru. Pojawiasz się dokładnie w wybranym punkcie. Może to być miejsce, które widzisz albo które potrafisz sobie wyobrazić lub opisać, określając kierunek i odległość, na przykład: ,,60 metrów prosto w dól albo ,,w górę na północny zachód pod kątem 45 stopni, 90 metrów. <br><br>Możesz przemieścić się razem z przedmiotami, których łączny ciężar nie przekracza twojego udźwigu, a także zabrać ze sobą jedną przychylną istotę w rozmiarze nieprzekraczającym twojego, której wyposażenie nie przekracza jej udźwigu. W momencie rzucania czaru musi znajdować się ona nie dalej niż 1,5 metra od ciebie. Jeśli mielibyście pojawić się w miejscu zajętym przez jakiś obiekt albo stworzenie, ty i towarzysząca ci istota otrzymujecie po<br>4k6 obrażeń od mocy, a czar się nie udaje.";"Kleryk"
"4";"POLIMORFIA (Oszustwo)";" Przemiany, 4. krąg";" 1 akcja";" 18 metrów";" W, S, M (kokon gąsienicy)";" Koncentracja, do 1 godziny";" Polimorfujesz istotę. Musi ona wykonać udany rzut obronny na Mądrość, by tego uniknąć. <br>zaklęcie nie działa na zmiennokształtnych, ani istoty mające 0 PW. Zmiana formy trwa, dopóki działa czar, a jego cel żyje i ma więcej niż 0 PW. Nową formą może być postać jakiejkolwiek bestii o stopniu wyzwania nie większym od SW polimorfowanej istoty (lub od jej poziomu, jeśli nie posiada ona stopnia wyzwania). Statystyki nowej formy, w tym cechy umysłowe, zostaną zastąpione statystykami wybranej bestii. Zachowany zostaje tylko charakter i osobowość.<br>Polimorfowana istota przyjmuje punkty wytrzymałości swojej nowej formy. Wracając do swej naturalnej postaci. powraca też do poziomu punktów wytrzymałości, jaki miała przed przemianą. Jeśli powraca do naturalnej postaci w efekcie spadku punktów wytrzymałości do 0, to pozostałe obrażenia otrzymuje jej naturalna forma. Jeśli w efekcie jej naturalne PW nie spadną do 0, pozostaje przytomna. Akcje istoty ograniczone są możliwościami jej nowej formy, a przy tym nie może mówić, rzucać zaklęć ani przeprowadzać innych akcji wymagających użycia rąk lub mowy. Wyposażenie stapia się z nową formą i istota nie może z niego korzystać ";"Kleryk"
"5";"DOMINACJA NAD OSOBĄ (Oszustwo)";" Uroki, 5. krąg";" 1 akcja";" 18 metrów";" W, S";" Koncentracja, do 1 minuty";" Próbujesz owładnąć umysł humanoidalnej istoty. Jeśli nie zda rzutu obronnego na Mądrość, zostanie zauroczona. Ma ułatwienie w tym teście, jeśli akurat walczyła z tobą lub twoimi sojusznikami. Będąc przytomnym, możesz wydawać telepatyczne polecenia zauroczonej istocie. Może to być prosty i ogólny rozkaz: „Zaatakuj go”, „Pobiegnij tam”, „Przynieś przedmiot”. Jeśli istota po wypełnieniu zadania nie otrzyma kolejnego, będzie ograniczała się do obrony własnej. W ramach swojej akcji możesz przejąć całkowitą kontrolę nad zauroczoną istotą. Do końca twojej następnej tury, będzie wykonywała tylko wybrane przez ciebie akcje i nie zrobi niczego bez twojej zgody. Przez ten czas możesz zmusić ją też do podjęcia reakcji, ale musisz na to zużyć również swoją. Za każdym razem, gdy zniewolona istota otrzyma obrażenia, ponawia rzut obronny na Mądrość. Jeśli odniesie sukces, czar się kończy. <br>Na wyższych kręgach. Jeśli rzucasz ten czar,<br>wykorzystując komórkę 6. kręgu, wydłużasz maksymalny czas trwania do 10 minut. Wykorzystując komórkę 7. kręgu – do 1 godziny, a wykorzystując komórkę 9. lub wyższego kręgu – do 8 godzin (przy koncentracji).";"Kleryk"
"5";"PODMIANA WSPOMNIEŃ (Oszustwo)";" Uroki, 5. krąg";" 1 akcja";" 9 metrów";" W, S";" Koncentracja, do 1 minuty";" Istota musi wykonać rzut obronny na Mądrość (ułatwienie, jeśli z nią akurat walczysz). W przypadku niepowodzenia zostaje zauroczona-jest traktowana jako obezwładniona i nieświadoma, ale cię słyszy. Obrażenia=czar się skończy. Możesz wpłynąć na pamięć wydarzenia, którego cel doświadczył w ciągu 24h i nie trwało dłużej niż 10 minut. Możesz je usunąć, zmienić, uniemożliwić przypomnienia, itp. Musisz przemówić do istoty, opisując jej zmiany<br>wspomnienia a ona musi cię rozumieć. Jeśli zaklęcie dobiegnie końca, zanim dokończysz opisywanie wydarzenia zmiana nie udaje się. W pozostałych przypadkach koniec zaklęcia oznacza osadzenie zmodyfikowanego wspomnienia. Nielogiczna modyfikacja pamięci jest odrzucana przez umysł na podobieństwo złego snu. Istocie potraktowanej tym zaklęciem, można przywrócić prawdziwą pamięć, rzucając na nią zdjęcie klątwy, albo większe przywrócenie. Na wyższych kręgach. Jeśli rzucasz ten czar, wykorzystując komórkę co najmniej 6. kręgu, możesz wpłynąć na wspomnienie sprzed nie więcej niż 7 dni. 7. krąg – 30 dni. 8. krąg – 1 roku. 9. krąg – dowolnego momentu w przeszłości celu.";"Kleryk"
"1";"BLASK FAERIE (Światło)";" Wywoływanie, 1. krąg";" 1 akcja";" 18 metrów";" W";" Koncentracja, do 1 minuty";" Każdy obiekt w sześcianie o boku 6 metrów w zasięgu czaru, zostaje spowity niebieskim, zielonym lub czerwonym światłem (ty wybierasz kolor).<br><br>Istoty znajdujące się w obszarze działania w chwili rzucania zaklęcia, również zostają podświetlone, jeśli nie zdadzą rzutu obronnego na Zręczność. Przez okres trwania czaru, od tych istot i obiektów emanuje na 3 metry słabe światło.<br><br>Obiekty i istoty znajdujące się pod wpływem zaklęcia, nie czerpią żadnych korzyści ze swojej niewidzialności, a ataki przeciwko nim są ułatwiane z ułatwieniem, jeśli napastnik jest w stanie zobaczyć cel.";"Kleryk"
"1";"PŁONĄCE DŁONIE (Światło)";" Wywoływanie, 1. krąg";" 1 akcja";" Na siebie (stożek o długości 4,5 metra)";" W, S";" Natychmiastowy";" Wyciągasz przed siebie rozczapierzone palce dłoni złączonych kciukami, bucha z nich wachlarz płomieni. Każda istota znajdująca się na obszarze stożka o długości 4,5 metra, musi wykonać rzut obronny na Zręczność. W przypadku niepowodzenia, otrzymuje 3k6 obrażeń od ognia. Udany rzut zmniejsza obrażenia o połowę. Ogień stworzony tym czarem podpala łatwopalne obiekty, które nie są przez nikogo noszone ani trzymane<br><br>Na wyższych kręgach. Jeśli rzucasz ten czar,<br>wykorzystując komórkę co najmniej 2. kręgu, za każdy krąg powyżej 1. zwiększasz zadawane obrażenia o 1k6.";"Kleryk"
"2";"PŁOMIENNA KULA (Światło)";" Przywoływanie, 2. krąg";" 1 akcja";" 18 metrów";" W, S, M (trochę łoju, szczypta siarki i pył żelazny)";" Koncentracja, do 1 minuty";" W wolnym miejscu wskazanym w zasięgu czaru, pojawia się kula o promieniu 1,5 metra i pozostaje tam przez czas trwania czaru. Istota kończąca swoją turę w obrębie 1,5 metra od niej, wykonuje rzut obronny na Zręczność. W przypadku niepowodzenia, otrzymuje 2k6 obrażeń od ognia. Udany rzut zmniejsza obrażenia o połowę. W ramach akcji dodatkowej, możesz przemieścić kulę na odległość do 9 metrów. Jeżeli staranujesz w ten sposób jakieś stworzenie, to musi ono wykonać rzut obronny przeciw obrażeniom zadawanym przez kulę, a ta zaprzestaje ruchu w tej turze.  Podczas przemieszczania kuli, możesz przekraczać nią przeszkody do 1,5 metra wysokości, oraz przeskakiwać nią doły czy przepaście nie szersze niż 3 metry. Kula podpala<br>palne obiekty, które nie są przez nikogo trzymane ani noszone. Świeci jasnym światłem na odległość 6 metrów i słabym na kolejne 6 metrów.";"Kleryk"
"2";"WYPALAJĄCY PROMIEŃ (Światło)";" Wywoływanie, 2. krąg";" 1 akcja";" 36 metrów";" W, S";" Natychmiastowy";" Tworzysz 3 ogniste promienie i strzelasz nimi w stworzenia w zasięgu czaru. Możesz wszystkie skierować w ten sam cel lub w różne cele.<br><br>Wykonaj atak dystansowy czarem, osobny dla każdego promienia. Przy trafieniu cel otrzymuje 2k6 obrażeń od ognia.<br><br>Na wyższych kręgach. Jeśli rzucasz ten czar,<br>wykorzystując komórkę co najmniej 3. kręgu, za każdy krąg powyżej 3. tworzysz dodatkowy promień.";"Kleryk"
"3";"KULA OGNIA (Światło)";" Wywoływanie, 3. krąg";" 1 akcja";" 45 metrów";" W, S, M (niewielka kulka nietoperzowego guana i siarki)";" Natychmiastowy";" Z twojego palca wskazującego wystrzeliwuje jasna smuga, która we wskazanym miejscu w zasięgu czaru z rykiem rozwija się w ognistą eksplozję. Każda istota znajdująca się w obrębie sfery o promieniu 6 metrów ze środkiem we wskazanym punkcie musi wykonać rzut obronny na Zręczność.  W przypadku niepowodzenia otrzymuje 8k6 obrażeń od ognia. Udany rzut zmniejsza obrażenia o połowę.<br><br>Ogień rozprzestrzenia się za rogi i załomy. Podpala łatwopalne obiekty, które nie są trzymane ani noszone.<br><br>Na wyższych kręgach. Jeśli rzucasz ten czar,<br>wykorzystując komórkę co najmniej 4. kręgu, za każdy krąg powyżej 3. zwiększasz obrażenia o 1k6.";"Kleryk"
"3";"ŚWIATŁO DNIA (Światło)";" Wywoływanie, 3. krąg";" 1 akcja";" 18 metrów";" W, S";" 1 godzina";" Z wybranego punktu w zasięgu czaru, wyłania się kula jasnego światła o promieniu 18m.<br><br>Jeśli jako cel zaklęcia wskażesz przedmiot, który trzymasz, albo taki, którego nie trzyma ani nie nosi ktoś inny, to światło dobywa się z tego przedmiotu i przemieszcza się wraz z nim. Można je stłumić, zakrywając całkowicie świecący obiekt czymś nieprzezroczystym, np miską lub hełmem.<br><br>W przypadku nawet częściowego nakładania się obszaru tego czaru na obszar ciemności stworzonej zaklęciem kręgu 3. lub niższego, zaklęcie tworzące ciemność zostaje rozproszone.";"Kleryk"
"4";"STRAŻNIK WIARY (Światło)";" Przywoływanie, 4. krąg";" 1 akcja";" 9 metrów";" W";" 8 godzin";" W wybranym wolnym miejscu, które widzisz w zasięgu, pojawia się Duży widmowy strażnik, unoszący się w powietrzu przez czas trwania czaru i zajmujący to miejsce. Jego postać jest niewyraźna, poza błyszczącym mieczem i tarczą noszącą symbol tego bóstwa.<br><br>Każda wroga istota, która znajdzie się w obrębie 3 metrów od strażnika po raz pierwszy w swojej turze, musi wykonać rzut obronny na Zręczność. W przypadku niepowodzenia, otrzymuje 20 obrażeń od światłości. Udany rzut zmniejsza obrażenia o połowę.<br><br>Strażnik znika po zadaniu łącznie 60 punktów obrażeń.";"Kleryk"
"4";"ŚCIANA OGNIA (Światło)";" Wywoływanie, 4. krąg";" 1 akcja";" 36 metrów";" W, S, M (niewielki kawałek fosforu)";" Koncentracja, do 1 minuty";" Na stałej powierzchni w zasięgu czaru, wywołujesz ścianę ognia. Możesz nadać jej formę płaskiego muru o długości do 18 metrów, wysokości do 6 metrów i grubości 30 centymetrów, albo pierścienia o średnicy do 6 metrów, wysokości do 6 metrów i grubości 30 centymetrów. Ściana jest nieprzezroczysta i istnieje przez cały czas działania zaklęcia.<br><br>W momencie pojawienia się ściany, każda istota<br>przebywająca w jej obszarze, musi wykonać rzut obronny na Zręczność. W przypadku niepowodzenia, otrzymuje 5k8 obrażeń od ognia. Udany rzut zmniejsza obrażenia o połowę. Jedna ze stron ściany, wybierana podczas rzucania zaklęcia, zadaje 5k8 obrażeń każdemu stworzeniu, które kończy swoją turę po tej stronie w odległości do 3 metrów od ściany. Tyle samo obrażeń otrzymuje stworzenie wchodzące w obszar ściany po raz pierwszy w swojej turze, lub kończące w nim swoją turę. Druga strona ściany ognia nie zadaje obrażeń.<br><br> Na wyższych kręgach. Jeśli rzucasz ten czar, wykorzystując komórkę co najmniej 5. kręgu, za każdy krąg powyżej 4. zwiększasz zadawane obrażenia o 1k8.";"Kleryk"
"5";"SŁUP OGNIA (Światło)";" Wywoływanie, 5. krąg";" 1 akcja";" 18 metrów";" W, S, M (szczypta siarki)";" Natychmiastowy";" We wskazane przez ciebie miejsce z rykiem uderza z nieba pionowa kolumna boskiego ognia. Każde stworzenie znajdujące się na obszarze w kształcie walca o promieniu 3 metrów i wysokości 12 metrów, z punktem wyjścia we wskazanym miejscu, musi wykonać rzut obronny na Zręczność. W przypadku niepowodzenia. otrzymanie 4k6 obrażeń od ognia i 4k6 obrażeń od światłości. Udany rzut zmniejsza obrażenia o połowę.<br><br>Na wyższych kręgach. Jeśli rzucasz ten czar,<br>wykorzystując komórkę co najmniej 6, kręgu, za każdy krąg powyżej 5. zwiększasz obrażenia od ognia albo światłości (wedle twojego wyboru) o 1k6.";"Kleryk"
"5";"WIZJA (Światło)";" Wieszczenie, 5. krąg";" 10 minut";" Na siebie";" W, S, M (fokus o wartości co najmniej 1000sz, taki jak kryształowa kula, srebrne lustro, lub misa z wodą święconą)";" Koncentracja, do 10 minut";" Jesteś w stanie zobaczyć i usłyszeć określoną istotę przebywającą w tej samej sferze egzystencji co ty. Cel musi wykonać rzut obronny na Mądrość, modyfikowany stopniem twojej znajomości celu i rodzajem fizycznego powiązania, które z nim posiadasz( str. 278). Jeżeli cel zdaje sobie sprawę, że rzucasz ten czar, może dobrowolnie poddać się obserwacji i ponosi automatyczną porażkę w rzucie obronnym. Udany rzut obronny = wieszczenie się nie udało, a ty nie możesz ponowić go na tej istocie przez najbliższe 24 godziny. W przypadku nieudanego rzutu, czar tworzy niewidzialny czujnik w obrębie 3 metrów od celu. Możesz patrzeć i słuchać za jego pośrednictwem, tak jakbyś tam był...<br><br>Podręcznik gracza str.279";"Kleryk"
"1";"IDENTYFIKACJA (Wiedza)";" Wieszczenie, 1. krąg (rytuał)";" 1 minuta";" Dotyk";" W, S, M (perła o wartości co najmniej 100 sz i sowie pióro)";" Natychmiastowy";" Podczas rzucania czaru dotykasz przez minutę wybranego przedmiotu. Jeśli jest magiczny lub w jakikolwiek sposób nasączony magią, poznajesz jego właściwości i dowiadujesz się, jak z nich korzystać. Wykrywasz także, czy wymaga zestrojenia z właścicielem oraz ile ewentualnych ładunków posiada, Dowiadujesz się, czy i jakie czary oddziałują obecnie na przedmiot. Jeśli przedmiot został wykonany zaklęciem, poznasz jego nazwę. <br><br>Jeśli podczas rzucania zaklęcia dotykasz stworzenia, a nie przedmiotu, to wykrywasz, pod wpływem jakich czarów aktualnie się znajduje.";"Kleryk"
"1";"ROZKAZ (Wiedza)";" Uroki, 1. krąg";" 1 akcja";" 18 metrów";" W";" 1 runda";" Istota musi ona wykonać udany rzut obronny na Mądrość albo w swojej następnej turze wypełnić twoje polecenie. Zaklęcie nie działa na nieumarłych oraz istoty nierozumiejące twojego języka. Nie odniesie również skutku, jeśli wykonanie go będzie bezpośrednio zagrażało zauroczonej istocie. Poniżej kilka typowych rozkazów. Możesz wydać inne, wówczas MP określa sposób zachowania istoty. Jeżeli cel nie jest w stanie wykonać rozkazu, to zaklęcie się kończy. Podejdź. Przemieszcza się w twoim kierunku najkrótszą i najbardziej bezpośrednią drogą, a gdy znajdzie się 1,5m od ciebie, jego tura się kończy. Puść. Wypuszcza trzymane rzeczy, a jego tura dobiega końca Uciekaj. Cel zaklęcia przeznacza swoją turę na to, by jak najszybciej oddalić się od ciebie. Padnij. Pada powalony na ziemię, a jego tura się kończy. Zatrzymaj się. Cel zaklęcia nie przemieszcza się i nie wykonuje żadnych akcji... <br>Podręcznik gracza str.259 ";"Kleryk"
"2";"SUGESTIA (Wiedza)";" ";" 1 akcja";" 9 metrów";" W, M (język węża i plaster miodu lub kropla słodkiego olejku)";" Koncentracja, do 8 godzin";" Wybierz istotę, która może cię usłyszeć i zrozumieć. Wpływasz na jej umysł i w jednym lub dwóch zdaniach sugerujesz jej kierunek działań. Istoty odporne na zauroczenie są niepodatne. Sugestia musi być sformułowana w taki sposób, by brzmiała rozsądnie. Zaklęcie skończy się, jeśli każesz komuś dźgnąć się nożem, rzucić się na włócznię, podpalić się, albo w inny sposób zaszkodzić samemu sobie.<br>Cel musi wykonać rzut obronny na Mądrość. W przypadku niepowodzenia działa zgodnie z twoją sugestią najlepiej jak potrafi. Może to robić przez cały czas trwania zaklęcia, chyba że sugerowane działanie da się ukończyć wcześniej - wówczas ukończenie zadania sprawi, że zaklęcie dobiegnie końca. Możesz określić warunki, w których sugerowane działanie ma zostać rozpoczęte. Przykładowo, możesz zasugerować rycerce, by oddała swego rumaka pierwszemu napotkanemu żebrakowi. Jeśli w czasie trwania czaru okoliczności nie wystąpi, działanie nie zostanie podjęte...<br><br>Podręcznik gracza str.267<br><br>";"Kleryk"
"2";"WRÓŻBA (Wiedza)";" Wieszczenie, 2. krąg (rytuał)";" 1 minuta";" Na siebie";" W, S, M (specjalnie oznaczone pałeczki, kości lub podobne drobiazgi o wartości co najmniej 25 sz)";" Natychmiastowy";" Rozrzucasz wysadzane klejnotami pałeczki, toczysz smocze kości. wykładasz układ zdobionych kart lub używasz innego wróżbiarskiego narzędzia, po czym otrzymujesz znak od bytu pochodzącego z innego świata, zdradzający ci efekt działań, które planujesz podjąć w ciągu następnych 30 minut. MP wybiera spośród możliwych znaków:<br>*Szczęście dla dobrej wróżby<br>*Nieszczęście dla złej wróżby<br>*Szczęście i nieszczęście dla jednocześnie dobrej i złej wróżby<br>*Nic dla wróżby niebędącej szczególnie złą ani dobrą.<br>Zaklęcie nie uwzględnia żadnych potencjalnych okoliczności mogących wpłynąć na wynik wróżby, takich jak rzucenie dodatkowych zaklęć bądź utrata lub uzyskanie towarzysza. Jeżeli przed zakończeniem długiego odpoczynku rzucisz to<br>zaklęcie więcej niż raz, za każdym kolejnym razem istnieje kumulatywne 25% ryzyka, że otrzymasz losową wróżbę. MP wykonuje len rzut w tajemnicy.";"Kleryk"
"3";"NIEWYKRYWALNOŚĆ (Wiedza)";" Odpychanie, 3. krąg";" 1 akcja";" Dotyk";" W, S, M (szczypta diamentowego pyłu o wartości 25 sz, którym należy obsypać cel, zużywana przez zaklęcie)";" 8 godzin";" Na czas trwania zaklęcia, ukrywasz dotknięty cel przed magią wieszczenia. Celem może być przychylne stworzenie, miejsce albo obiekt, którego żaden z wymiarów nie przekracza 3 metrów.<br><br>Chronionego tym zaklęciem celu nie można objąć magią wieszczenia ani wykryć magicznymi czujnikami.";"Kleryk"
"3";"ROZMAWIANIE Z UMARŁYMI (Wiedza)";" Nekromancja, 3. krąg";" 1 akcja";" 3 metry";" W, S, M (płonące kadzidło)";" 10 minut";" Budzisz namiastkę życia i rozumu w wybranych zwłokach znajdujących się w zasięgu czaru, dzięki czemu mogą odpowiadać na twoje pytania. Zwłoki muszą wciąż posiadać usta i nie mogą być nieumarłymi. Jeżeli zwłoki były celem tego zaklęcia w ciągu ostatnich 10 dni, to czar nie zadziała. <br><br>W czasie trwania czaru, możesz zadać zmarłemu do pięciu pytań. Zmarły wie jedynie to, co wiedział za życia, z uwzględnieniem znanych mu języków. Z reguły udziela odpowiedzi krótkich, zagadkowych lub powtarzających się odpowiedzi. Nie czuje się też zobligowany do mówienia prawdy, jeśli zachowujesz się wrogo, albo jeśli uzna cię za przeciwnika. Zaklęcie to nie  przywraca ciału duszy, lecz tylko je animuje. Z tego powodu, zmarły nie może zdobyć nowych<br>informacji, ani nie kojarzy niczego, co miało miejsce po jego śmierci. Nie może też snuć domysłów dotyczących przyszłości.";"Kleryk"
"4";"MAGICZNE OKO (Wiedza)";" Wieszczenie, 4. krąg";" 1 akcja";" 9 metrów";" W, S, M (odrobiona futra nietoperza)";" Koncentracja, do 1 godziny";" Tworzysz w zasięgu czaru niewidzialne magiczne oko, unoszące się w powietrzu przez cały czas trwania zaklęcia. <br>Telepatycznie odbierasz widziane przez nie obrazy. Oko posiada zdolność widzenia w normalnych warunkach oraz widzenia w ciemności na odległość 9 metrów. Może patrzeć w każdym kierunku. <br>W ramach swojej akcji możesz przemieścić oko do 9 metrów w dowolnym kierunku. Nie ma ograniczeń odległości, na jaką możesz oddalić je od siebie, ale nie może ono zmienić sfery egzystencji. Ruch oka może zostać zablokowany przez twardą przeszkodę, ale może się ono przedostać nawet przez otwory o średnicy 2 centymetrów.";"Kleryk"
"4";"ZAMĘT (Wiedza)";" Uroki, 4. krąg";" 1 akcja";" 27 metrów";" W, S, M (trzy łupiny orzecha)";" Koncentracja, do 1 minuty";" Czar atakuje i wypacza umysły. Każde stworzenie znajdujące się w obrębie sfery o promieniu 3 metrów, której punkt wyjścia leży we wskazanym przez ciebie miejscu w zasięgu czaru, musi wykonać rzut obronny na Mądrość. W Przypadku<br>niepowodzenia, ulega wpływowi zaklęcia. Stworzenie pod działaniem zamętu nie może używać reakcji i na początku każdej swojej tury musi rzutem k10 określić swoje zachowanie podczas tej tury. <br>1: Nie wykonuje w tej turze żadnej akcji,swój ruch przeznacza na podążanie w przypadkowym kierunku. Aby go określić, rzuć k8, przypisując każdej ścianie kości konkretny kierunek.<br>2-6: Istota w tej turze, rusza się i nie wykonuje żadnych akcji.<br>7-8: Istota wykorzystuje swoją akcję, by zaatakować wręcz losowe stworzenie w swojej strefie kontroli. Jeśli nie ma żadnego celu w strefie kontroli, to w tej turze nie robi nic.<br>9-10: Istota działa i porusza się normalnie.<br>Pod koniec każdej swojej tury, może wykonać rzut obronny na Mądrość. Sukces oznacza wyzwolenie się...<br><br>Podręcznik gracza str.284";"Kleryk"
"5";"LEGENDARNA WIEDZA (Wiedza)";" Wieszczenie, 5. krąg";" 10 minut";" Na siebie";" W, S, M (kadzidło o wartości co najmniej 250sz, zużywane przez zaklęcie, oraz cztery skrawki kości słoniowej, każdy o wartości co najmniej 50 sz)";" Natychmiastowy";" Nazywasz lub opisujesz istotę, miejsce lub obiekt. Dzięki temu czarowi do twojej głowy napływa krótkie podsumowanie najistotniejszych przekazów na ich temat. Wiedza ta może bazować na krążących obecnie opowieściach, zapomnianych historiach, a nawet sekretach, które nigdy nie były szeroko znane. Jeżeli określona przez ciebie rzecz nie ma legendarnego znaczenia, to nie zdobywasz żadnych informacji. Im więcej już wiesz o celu zaklęcia, tym<br> dokładniejsze i konkretniejsze są uzyskiwane informacje...<br><br>Podręcznik gracza str.232<br>";"Kleryk"
"5";"WIZJA (Wiedza)";" Wieszczenie, 5. krąg";" 10 minut";" Na siebie";" W, S, M (fokus o wartości co najmniej 1000sz, taki jak kryształowa kula, srebrne lustro, lub misa z wodą święconą)";" Koncentracja, do 10 minut";" Jesteś w stanie zobaczyć i usłyszeć określoną istotę przebywającą w tej samej sferze egzystencji co ty. Cel musi wykonać rzut obronny na Mądrość, modyfikowany stopniem twojej znajomości celu i rodzajem fizycznego powiązania, które z nim posiadasz( str. 278). Jeżeli cel zdaje sobie sprawę, że rzucasz ten czar, może dobrowolnie poddać się obserwacji i ponosi automatyczną porażkę w rzucie obronnym. Udany rzut obronny = wieszczenie się nie udało, a ty nie możesz ponowić go na tej istocie przez najbliższe 24 godziny. W przypadku nieudanego rzutu, czar tworzy niewidzialny czujnik w obrębie 3 metrów od celu. Możesz patrzeć i słuchać za jego pośrednictwem, tak jakbyś tam był...<br><br>Podręcznik gracza str.279";"Kleryk"
"1";"BOSKA ŁASKA (Wojna)";" Wywoływanie, 1. krąg";" 1 akcja dodatkowa";" Na siebie";" W, S";" Koncentracja, do 1 minuty";" Modlitwa napełnia cię boskim blaskiem.<br><br>Póki trwa zaklęcie, twoje ataki bronią zadają po trafieniu dodatkowe 1k4 obrażeń od światłości.";"Kleryk"
"1";"TARCZA WIARY (Wojna)";" Odpychanie, 1. krąg";" 1 akcja dodatkowa";" 18 metrów";" W, S, M (niewielki pergamin z fragmentem świętego tekstu)";" Koncentracja, do 10 minut";" Wybraną przez ciebie istotę w zasięgu czaru, otacza migocząca osłona, która zapewnia jej +2 KP na czas trwania zaklęcia.";"Kleryk"
"2";"DUCHOWA BROŃ (Wojna)";" Wywoływanie, 2. krąg";" 1 akcja dodatkowa";" 18 metrów";" W, S";" 1 minuta";" Tworzysz unoszącą się w powietrzu widmową broń, która istnieje przez czas działania czaru, lub do chwili, kiedy przywołasz kolejną. Rzuciwszy ten czar, możesz wykonać atak wręcz czarem przeciw istocie w odległości do 1,5 metra od duchowej broni. Jeśli atak trafi, cel otrzyma obrażenia w wysokości 1k8 + modyfikator z twojej cechy bazowej.<br><br>W ramach akcji dodatkowej w swojej turze możesz przemieścić duchową broń na odległość do 6 metrów i ponowić atak na cel znajdujący się nie dalej niż 1,5 metra od niej. Sam określasz formę broni. Klerycy bóstw mających swoje charakterystyczne bronie (np. Św Cuthberta słynącego z walki pałką, albo Thora walczącego młotem) sprawiają, że efekt zaklęcia przypomina odpowiednią broń.<br><br>Na wyższych kręgach. Jeśli rzucasz ten czar,<br>wykorzystując komórkę co najmniej 3. kręgu, za każde dwa kręgi powyżej 2. zwiększasz obrażenia o 1k8.";"Kleryk"
"2";"MAGICZNA BROŃ (Wojna)";" Przemiany, 2. krąg";" 1 akcja dodatkowa";" Dotyk";" W, S";" Koncentracja, do 1 godziny";" Dotykasz egzemplarza niemagicznej broni.<br><br>Na czas trwania czaru staje się ona magiczną bronią z modyfikatorem +1 do ataku i obrażeń.";"Kleryk"
"3";"DUCHOWI STRAŻNICY (Wojna)";" Przywoływanie, 3. krąg";" 1 akcja";" Na siebie (okrąg o promieniu 4,5 metra)";" W, S, M (święty symbol)";" Koncentracja, do 10 minut";" Przyzywasz duchy, aby cię strzegły. W trakcie trwania czaru, przemykają wokół ciebie w promieniu 4,5m. Jeśli masz charakter dobry albo neutralny, ich widmowe postacie przypominają anioły lub fey, a jeśli zły - wyglądają jak czarty. Rzucając ten czar, możesz wskazać dowolną liczbę widocznych istot, które nie zostaną nim objęte. Istoty, na które działa zaklęcie, tracą na jego obszarze połowę szybkości. Gdy istota wejdzie w obszar czaru po raz pierwszy w swojej turze, albo ją tam rozpocznie, musi wykonać rzut<br>obronny na Mądrość. W przypadku niepowodzenia, otrzymuje 3k8 obrażeń od światłości (jeśli masz dobry, albo neutralny charakter), albo 3k8 obrażeń nekrotycznych (jeśli masz zły charakter). Udany rzut zmniejsza obrażenia o połowę.<br><br>Na wyższych kręgach. Jeśli rzucasz ten czar,<br>wykorzystując komórkę co najmniej 4, kręgu, za każdy krąg powyżej 3., zwiększasz obrażenia o 1k8.";"Kleryk"
"3";"PŁASZCZ KRZYŻOWCA (Wojna)";" Wywoływanie, 3. krąg";" 1 akcja";" Na siebie";" W";" Koncentracja, do 1 minuty";" Święta energia rozpalająca odwagę sojuszników, promieniuje od ciebie tworząc aurę o średnicy 9 metrów.<br><br>Podczas trwania czaru, aura ta przemieszcza się wraz z tobą, a wszelkie przebywające w niej sojusznicze istoty (włączając ciebie), zadają atakami bronią dodatkowe 1k4 obrażeń od światłości.";"Kleryk"
"4";"KAMIENNA SKÓRA (Wojna)";" Odpychanie, 4. krąg";" 1 akcja";" Dotyk";" W, S, M (diamentowy pył o wartości 100 sz, zużywany przez zaklęcie)";" Koncentracja, do 1 godziny";" Zaklęciem tym sprawiasz, że ciało dotkniętego przychylnego stworzenia staje się twarde jak głaz.<br><br>Do końca trwania czaru, jego cel jest odporny na niemagiczne obrażenia cięte, kłute i obuchowe.";"Kleryk"
"4";"SWOBODA RUCHU (Wojna)";" Odpychanie, 4. krąg";" 1 akcja";" Dotyk";" W, S, M (rzemień zawiązany wokół ramienia lub podobnej kończyny)";" 1 godzina";" Dotykasz przychylnej ci istoty. Przez czas trwania czaru na jej poruszanie się nie wpływa trudny teren, a zaklęcia i magiczne efekty nie mogą zredukować jej szybkości ani spowodować paraliżu lub unieruchomienia. <br><br>Istota będąca pod wpływem tego zaklęcia, może również zużyć 1.5 metra szybkości, aby automatycznie oswobodzić się z niemagicznych więzów, takich jak kajdany albo bycie pochwyconą.<br><br>Ponadto przebywanie pod wodą nie powoduje u niej kar do ruchu i ataków";"Kleryk"
"5";"SŁUP OGNIA (Wojna)";" Wywoływanie, 5. krąg";" 1 akcja";" 18 metrów";" W, S, M (szczypta siarki)";" Natychmiastowy";" We wskazane przez ciebie miejsce z rykiem uderza z nieba pionowa kolumna boskiego ognia. Każde stworzenie znajdujące się na obszarze w kształcie walca o promieniu 3 metrów i wysokości 12 metrów, z punktem wyjścia we wskazanym miejscu, musi wykonać rzut obronny na Zręczność. W przypadku niepowodzenia. otrzymanie 4k6 obrażeń od ognia i 4k6 obrażeń od światłości. Udany rzut zmniejsza obrażenia o połowę.<br><br>Na wyższych kręgach. Jeśli rzucasz ten czar,<br>wykorzystując komórkę co najmniej 6, kręgu, za każdy krąg powyżej 5. zwiększasz obrażenia od ognia albo światłości (wedle twojego wyboru) o 1k6.";"Kleryk"
"5";"UNIERUCHOMIENIE POTWORA (Wojna)";" Uroki, 5. krąg";" 1 akcja";" 27 metrów";" W, S, M (mały, prosty kawałek żelaza)";" Koncentracja, do 1 minuty";" Wybierasz stworzenie, które widzisz w zasięgu czaru. Cel musi wykonać rzut obronny na Mądrość. W przypadku niepowodzenia, zostaje sparaliżowany na czas trwania czaru. Zaklęcie nie działa na nieumarłych. Pod koniec każdej swojej tury, cel może ponowić rzut na Mądrość. Udany rzut oznacza wyzwolenie się z efektu czaru.<br><br>Na wyższych kręgach. Jeśli rzucasz ten czar,<br>wykorzystując, komórkę co najmniej 6. kręgu, za każdy krąg powyżej 5. możesz objąć czarem jedno dodatkowe stworzenie. Wszystkie cele zaklęcia muszą znajdować się w obrębie 9 metrów od siebie.";"Kleryk"
"1";"BŁOGOSŁAWIEŃSTWO (Życie)";" Uroki, 1. krąg";" 1 akcja";" 9 metrów";" W, S, M (pokropienie wodą święconą)";" Koncentracja, do 1 minuty";" Wybierasz i błogosławisz do 3 wybranych stworzeń znajdujących się w zasięgu czaru. Podczas trwania zaklęcia pobłogosławieni mogą dodać 1k4 do wyniku testu ataku lub rzutu obronnego.<br><br>Na wyższych kręgach. Jeśli rzucasz ten czar,<br>wykorzystując komórkę co najmniej 2. kręgu, za każdy krąg powyżej 1. możesz pobłogosławić jedną dodatkową osobę.";"Kleryk"
"1";"LECZENIE RAN (Życie)";" Wywoływanie, 1. krąg";" 1 akcja";" Dotyk";" W, S";" Natychmiastowy";" Istota, której dotykasz, odzyskuje punkty wytrzymałości w liczbie równej 1k8 + twój modyfikator z cechy bazowej. Czar nie działa na nieumarłych i kostuchy.<br><br>Na wyższych kręgach. Jeśli rzucasz ten czar,<br>wykorzystując komórkę co najmniej 2. kręgu, za każdy krąg powyżej 1. przywracasz dodatkowe 1k8 punktów wytrzymałości.";"Kleryk"
"2";"DUCHOWA BROŃ (Życie)";" Wywoływanie, 2. krąg";" 1 akcja dodatkowa";" 18 metrów";" W, S";" 1 minuta";" Tworzysz unoszącą się w powietrzu widmową broń, która istnieje przez czas działania czaru, lub do chwili, kiedy przywołasz kolejną. Rzuciwszy ten czar, możesz wykonać atak wręcz czarem przeciw istocie w odległości do 1,5 metra od duchowej broni. Jeśli atak trafi, cel otrzyma obrażenia w wysokości 1k8 + modyfikator z twojej cechy bazowej.<br><br>W ramach akcji dodatkowej w swojej turze możesz przemieścić duchową broń na odległość do 6 metrów i ponowić atak na cel znajdujący się nie dalej niż 1,5 metra od niej. Sam określasz formę broni. Klerycy bóstw mających swoje charakterystyczne bronie (np. Św Cuthberta słynącego z walki pałką, albo Thora walczącego młotem) sprawiają, że efekt zaklęcia przypomina odpowiednią broń.<br><br>Na wyższych kręgach. Jeśli rzucasz ten czar,<br>wykorzystując komórkę co najmniej 3. kręgu, za każde dwa kręgi powyżej 2. zwiększasz obrażenia o 1k8.";"Kleryk"
"2";"MNIEJSZE PRZWRÓCENIE (Życie)";" Odpychanie, 2. krąg";" 1 akcja";" Dotyk";" W, S";" Natychmiastowy";" Dotykasz stworzenia i uwalniasz je od jednej dolegającej mu choroby bądź kończysz jeden ze stanów, w którym się znajduje - głuchoty, oślepienia, paraliżu albo zatrucia.";"Kleryk"
"3";"OŻYWIENIE (Życie)";" Nekromancja, 3. krąg";" 1 akcja";" Dotyk";" W, S, M (diamenty o wartości 300 sz)";" Natychmiastowy";" Dotykasz istoty, która umarła w ciągu ostatniej minuty. Wraca do życia z 1 PW.<br><br>Przy pomocy tego zaklęcia nie można przywołać istoty zmarłej ze starości ani odtworzyć utraconych części ciała.";"Kleryk"
"3";"PROMIEŃ NADZIEI (Życie)";" Odpychanie, 3. krąg";" 1 akcja";" 9 metrów";" W, S";" Koncentracja, do 1 minuty";" Czar napełnia otoczenie nadzieją i żywotnością. Wybierz dowolną liczbę istot znajdujących się w zasięgu. W trakcie działania czaru mają ułatwienie w rzutach obronnych na Mądrość i w rzutach obronnych przeciw śmierci oraz odzyskują maksymalną możliwą liczbę PW zapewniają przez jakiekolwiek leczenie.";"Kleryk"
"4";"OSŁONA PRZED ŚMIERCIĄ (Życie)";" Odpychanie, 4. krąg";" 1 akcja";" Dotyk";" W, S";" 8 godzin";" Zapewniasz dotkniętej istocie częściową ochronę przed śmiercią.<br><br>Za pierwszym razem, gdy w efekcie otrzymanych obrażeń PW celu miałyby spaść do 0, zamiast tego spadają do 1, a zaklęcie się kończy.<br><br>Gdy w trakcie działania czaru, chroniona istota jest celem efektu, który zabiłby ją natychmiast bez zadawania obrażeń, to ten efekt nie działa na nią, a zaklęcie się kończy.";"Kleryk"
"4";"STRAŻNIK WIARY (Życie)";" Przywoływanie, 4. krąg";" 1 akcja";" 9 metrów";" W";" 8 godzin";" W wybranym wolnym miejscu, które widzisz w zasięgu, pojawia się Duży widmowy strażnik, unoszący się w powietrzu przez czas trwania czaru i zajmujący to miejsce. Jego postać jest niewyraźna, poza błyszczącym mieczem i tarczą noszącą symbol tego bóstwa.<br><br>Każda wroga istota, która znajdzie się w obrębie 3 metrów od strażnika po raz pierwszy w swojej turze, musi wykonać rzut obronny na Zręczność. W przypadku niepowodzenia, otrzymuje 20 obrażeń od światłości. Udany rzut zmniejsza obrażenia o połowę.<br><br>Strażnik znika po zadaniu łącznie 60 punktów obrażeń.";"Kleryk"
"5";"MASOWE LECZENIE RAN (Życie)";" Wywoływanie, 5. krąg";" 1 akcja";" 18 metrów";" W, S";" Natychmiastowy";" Wskazujesz punkt w zasięgu czaru, z którego rozchodzi się fala uzdrawiającej energii. Wybierz do 6 istot znajdujących się w sferze o promieniu 9m ze środkiem we wskazanym miejscu. Każda z nich odzyskuje punkty wytrzymałości w liczbie 3k8 + twój modyfikator z cechy bazowej. Zaklęcie nie działa na konstrukty i nieumarłych. <br><br>Na wyższych kręgach. Jeśli rzucasz ten czar,<br>wykorzystując komórkę co najmniej 6. kręgu, za każdy krąg powyżej 5., przywracasz dodatkowo 1k8PW.";"Kleryk"
"5";"WSKRZESZENIE (Życie)";" Nekromancja, 5. krąg";" 1 godzina";" Dotyk";" W, S, M (diament o wartości co najmniej 500sz)";" Natychmiastowy";" Dotykasz istotę zmarłą nie dawniej niż 10 dni temu i przywracasz ją do życia. Jeżeli jej dusza jest wolna i chętna powrócić do ciała, to istota wraca do życia z 1 PW. <br>Czar neutralizuje jednocześnie wszelkie trucizny i leczy niemagiczne choroby, które nękały istotę w chwili jej śmierci. Należy jednak pamiętać, że to zaklęcie nie usuwa magicznych chorób, klątw i podobnych efektów, jeżeli nie zostaną usunięte wcześniej, to zaczną działać zaraz po ożywieniu celu. Zaklęcie nie może zwrócić życia nieumarłemu. <br><br>Czarem zamykasz wszystkie śmiertelne rany, ale nie przywracasz utraconych części ciała. Jeżeli wskrzeszona istota nie posiada części ciała lub organów kluczowych dla jej przeżycia, np. głowy, to zaklęcie nie zadziała. <br>Powrót zza grobu to droga przez mękę. Wskrzeszona osoba ma karę -4 do wszystkich testów ataku, rzutów obronnych i testów cech. Po każdym ukończeniu długiego odpoczynku kara zmniejsza się o 1, aż do całkowitego zniknięcia.";"Kleryk"
"1";"MAGICZNY POCISK (Wtajemniczeń)";" Wywoływanie, 1. krąg";" 1 akcja";" 36 metrów";" W, S";" Natychmiastowy";" Wywołujesz trzy świetliste strzałki stworzone z magicznej energii. Każda z nich uderza w wybrany przez ciebie cel, który widzisz w zasięgu zaklęcia. Strzałka zadaje celowi 1k4 + 1 obrażeń od mocy. Strzałki uderzają jednocześnie, a ty możesz skierować je przeciw jednemu celowi lub kilku celom.<br><br>Na wyższych kręgach. Jeśli rzucasz ten czar,<br>wykorzystując komórkę co najmniej 2. kręgu, każdy krąg powyżej 1 . tworzysz dodatkową strzałkę.";"Kleryk (Wybrzeże Mieczy)"
"1";"WYKRYCIE MAGII (Wtajemniczeń)";" Wieszczenie, 1. krąg rytuał";" 1 akcja";" Na siebie";" W, S, M";" Koncentracja, do 10 min";" Podczas trwania czaru, wyczuwasz magię w obrębie 9m od siebie. Gdy wykryjesz w ten sposób obecność magii w stworzeniu lub obiekcie, możesz wykorzystać swoją akcję, by zobaczyć jego nikłą aurę i dowiedzieć się, z jakiej szkoły pochodzi ta magia (jeśli przynależy do którejś ze szkół). <br><br>Wykrycie magii przenika przez większość barier, ale jest blokowane przez kamień o grubości 30 cm, metal o grubości 2,5cm, drewno lub ziemię o grubości 90 cm lub cienką warstwę ołowiu.";"Kleryk (Wybrzeże Mieczy)"
"2";"MAGICZNA AURA NYSTULA (Wtajemniczeń)";" Iluzja, 2. krąg";" 1 akcja";" Dotyk";" W, S, M (jedwab)";" 24 godziny";" Obejmujesz stworzenie lub obiekt iluzją, która ma na celu oszukiwać czary ze szkoły wieszczenia. Celem może być przychylna ci istota lub przedmiot, który nie jest noszony ani trzymany przez inne stworzenie. Podczas rzucania czaru, wybierasz jeden lub oba efekty. Działają one  przez cały czas trwania czaru. Jeśli będziesz rzucać to zalecie na tę samą istotę lub obiekt przez 30 dni, za każdym razem wybierając ten sam efekt, to iluzja utrzyma się do rozproszenia.<br>*Fałszywa aura. Wpływasz na to, w jaki sposób cel postrzegany jest przez zaklęcia i efekty wykrywające magiczne aury, takie jak wykrycie magii. Możesz sprawić, że zwykły obiekt będzie wyglądał na magiczny lub odwrotnie, albo zmienić magiczną aurę obiektu tak, by wydawała się pochodzić z wybranej szkoły magii. Jeśli nakładasz ten efekt na przedmiot, możesz sprawić, że fałszywa aura będzie widoczna dla wszystkich jego użytkowników. *Maska. Wpływasz na to, w jaki sposób cel postrzegany jest przez zaklęcia i efekty wykrywające typ istoty, takie jak Cudowny Zmysł paladyna, albo wyzwalacz zaklęcia Symbol...<br> Podręcznik gracza str.233";"Kleryk (Wybrzeże Mieczy)"
"2";"MAGICZNA BROŃ (Wtajemniczeń)";" Przemiany, 2. krąg";" 1 akcja dodatkowa";" Dotyk";" W, S";" Koncentracja, do 1 godziny";" Dotykasz egzemplarza niemagicznej broni.<br><br>Na czas trwania czaru staje się ona magiczną bronią z modyfikatorem +1 do ataku i obrażeń.";"Kleryk (Wybrzeże Mieczy)"
"3";"KRĄG MAGII (Wtajemniczeń)";" Odpychanie, 3. krąg";" 1 minuta";" 3 metry";" W, S, M (woda święcona, albo sproszkowane srebro i żelazo o wartości co najmniej 100 sz)";" 1 godzina";" Tworzysz walec magicznej energii o średnicy 3m i wysokości 6m, umiejscowiony na ziemi w punkcie, który widzisz w zasięgu czaru.<br>Wybierz jeden lub więcej typów istot, spośród następujących: czarty, fey, niebianie, nieumarli lub żywiołaki. Krąg będzie na nie wpływał w następujący sposób:<br>*Istota nie może dobrowolnie wejść w obszar walca niemagicznymi sposobami. Jeśli próbuje użyć w tym celu teleportacji lub podróży między astralnej, musi najpierw wykonać udany rzut obronny na Charyzmę.<br>*Istota ma utrudnienie w testach ataku przeciw celom przebywającym wewnątrz walca...<br><br>Podręcznik gracza str.229<br>";"Kleryk (Wybrzeże Mieczy)"
"3";"ROZPROSZENIE MAGII (Wtajemniczeń)";" Odpychanie, 3. krąg";" 1 akcja";" 36 metrów";" W, S";" Natychmiastowy";" Wybierz jedną istotę, obiekt lub magiczny efekt w zasięgu czaru. Każde zaklęcie 3. lub niższego kręgu wpływające na nie, dobiega końca. Dla każdego zaklęcia z kręgu 4. lub wyższego, działającego na wybrany cel, wykonaj test swojej cechy bazowej o ST w wysokości 10 + krąg czaru. Po udanym rzucie, to zaklęcie zostaje rozproszone.<br><br>Na wyższych kręgach. Jeśli rzucasz ten czar,<br>wykorzystując komórkę co najmniej 4. kręgu, automatycznie rozpraszasz działające na wybrany cel zaklęcia z kręgu równego, lub mniejszego niż ten, z którego rzucasz<br>rozproszenie magii.";"Kleryk (Wybrzeże Mieczy)"
"4";"MAGICZNE OKO (Wtajemniczeń)";" Wieszczenie, 4. krąg";" 1 akcja";" 9 metrów";" W, S, M (odrobiona futra nietoperza)";" Koncentracja, do 1 godziny";" Tworzysz w zasięgu czaru niewidzialne magiczne oko, unoszące się w powietrzu przez cały czas trwania zaklęcia. <br>Telepatycznie odbierasz widziane przez nie obrazy. Oko posiada zdolność widzenia w normalnych warunkach oraz widzenia w ciemności na odległość 9 metrów. Może patrzeć w każdym kierunku. <br>W ramach swojej akcji możesz przemieścić oko do 9 metrów w dowolnym kierunku. Nie ma ograniczeń odległości, na jaką możesz oddalić je od siebie, ale nie może ono zmienić sfery egzystencji. Ruch oka może zostać zablokowany przez twardą przeszkodę, ale może się ono przedostać nawet przez otwory o średnicy 2 centymetrów.";"Kleryk (Wybrzeże Mieczy)"
"4";"SEKRETNY KUFER LEOMUNDA (Wtajemniczeń)";" Przywoływanie, 4. krąg";" 1 akcja";" Dotyk";" W, S, M (kunsztowny kufer 90x60x60cm, wykonany z materiałów o wartości > 5000 sz, oraz jego Malutka replika z takich samych materiałów o wartości co najmniej 50 sz)";" Natychmiastowy";" Ukrywasz kufer wraz z zawartością w Sferze Eterycznej. Musisz dotknąć jego oraz miniaturowej repliki. Kufer może zawierać do 0,3 metra sześciennego materii nieożywionej (90x60x60 centymetrów).<br><br>Dopóki kufer przebywa w Sferze Eterycznej, możesz przywołać go w ramach swojej akcji, dotykając jego repliki. Pojawia się w wolnym miejscu na ziemi do 1,5m od ciebie. Możesz w ramach swojej akcji odesłać go z powrotem, dotykając jednocześnie kufra i repliki...<br><br>Podręcznik gracza str.261<br><br><br>";"Kleryk (Wybrzeże Mieczy)"
"5";"KRĄG TELEPORTACYJNY (Wtajemniczeń)";" Przywoływanie, 5. krąg";" 1 minuta";" 3 metry";" W, M (rzadkie kredy, inkausty barwione kamieniami szlachetnymi o wartości 50 sz, zużywane przez zaklęcie)";" 1 runda";" Kreślisz na ziemi opisany pieczęciami krąg o średnicy 3m, który łączy twoją lokację z wybranym stałym kręgiem teleportacyjnym. Musisz znać sekwencję pieczęci wybranego kręgu i musi on znajdować się w tej samej egzystencji. Wewnątrz powstaje lśniący portal, który pozostaje otwarty do końca twojej następnej tury. Stworzenie wchodzące do portalu przenosi się do kręgu docelowego i pojawia się w obrębie 1,5m od niego lub w najbliższym wolnym miejscu. Gdy po raz pierwszy rzucasz to zaklęcie, poznajesz sekwencję dwóch określonych przez MP kręgów docelowych położonych w Sferze Materialnej. W trakcie swoich przygód możesz poznać kolejne sekwencje pieczęci. Aby zapamiętać nową, musisz uczyć się jej przez 1 minutę. Możesz stworzyć trwały krąg teleportacyjny. W tym celu musisz rzucać ten czar w tym samym miejscu codziennie przez 1 rok. Gdy rzucasz zaklęcie w ten sposób, nie możesz korzystać z kręgu, by się  teleportować.";"Kleryk (Wybrzeże Mieczy)"
"5";"SFERALNE WIĄZANIE (Wtajemniczeń)";" Odpychanie, 5. krąg";" 1 godzina";" 18 metrów";" W, S, M (klejnot o wartości co najmniej 1000 sz, zużywany przez zaklęcie)";" 24 godziny";" Zmuszasz czarta, fey, niebianina lub żywiołaka, by ci służył. Musi przebywać w zasięgu czaru. Pod koniec rzucania, cel wykonuje rzut obronny na Charyzmę. W przypadku niepowodzenia,zostaje zmuszony,by ci służyć. Jeżeli jest istotą przywołaną lub stworzoną za pomocą innego zaklęcia, to jego działanie zostaje wydłużone o czas sferalnego wiązania. Możesz rozkazać jej towarzyszyć ci, strzec jakiegoś miejsca albo dostarczyć wiadomość. Jest posłuszna twoim rozkazom, ale jeśli jest ci wroga, to będzie próbowała interpretować twoje wytyczne na swoją korzyść. Jeżeli istota ukończy wypełnianie twoich rozkazów przed końcem czaru, to wraca do ciebie powiadomić cię o tym, o ile znajduje się w tej samej sferze egzystencji. Jeżeli znajdujesz się w innej sferze, to istota powraca w miejsce swego magicznego związania i pozostaje tam do zakończenia czaru...<br><br>Podręcznik gracza str.262";"Kleryk (Wybrzeże Mieczy)"
"1";"FAŁSZYWE ŻYCIE (Grób)";" Nekromancja, 1. krąg";" 1 akcja";" Na siebie";" W, S, M (niewielka ilość alkoholu lub spirytusu)";" 1 godzina";" Zyskujesz 1k4+4 tymczasowych PW na czas trwania czaru.<br><br>Na wyższych kręgach. Jeśli rzucasz ten czar, wykorzystując komórkę co najmniej 2. kręgu, za każdy krąg powyżej 1. zyskujesz 5 dodatkowych PW.";"Kleryk (XGE)"
"1";"ZGUBA (Grób)";" Uroki, 1. krąg";" 1 akcja";" 9 metrów";" W, S, M (kropla krwi)";" Koncentracja, do 1 minuty";" Maksymalnie trzy osoby, które widzisz w zasięgu czaru, muszą wykonać rzut obronny na Charyzmę. W przypadku niepowodzenia, cel musi rzucić k4 i odjąć wynik od rezultatu testu za każdym razem, gdy atakuje lub wykonuje rzut obronny podczas trwania czaru.<br><br>Na wyższych kręgach. Jeśli rzucasz ten czar,<br>wykorzystując komórkę co najmniej 2. kręgu, za każdy krąg powyżej 1. możesz objąć działaniem czaru dodatkową istotę.";"Kleryk (XGE)"
"2";"BEZPIECZNY SPOCZYNEK (Grób)";" Nekromancja, 2. krąg (rytuał)";" 1 akcja";" Dotyk";" W, S, M (szczypta soli i po jednym miedziaku położonym na każdym oku zmarłego, monety muszą tam pozostać przez cały czas trwania czaru)";" 10 dni";" Dotknąwszy zwłok lub innych szczątków zmarłej istoty, chronisz je przed rozkładem i zamianą w nieumarłego przez cały czas trwania czaru.<br><br>Zaklęciem tym wydłużasz również okres. w którym można wskrzesić zmarłego, gdyż czas jego trwania nie liczy się przy rozpatrywaniu wymogów wskrzeszenia i podobnych czarów.";"Kleryk (XGE)"
"2";"PROMIEŃ OSŁABIENIA (Grób)";" Nekromancja, 2. krąg";" 1 akcja";" 18 metrów";" W, S";" Koncentracja, do 1 minuty";" Czarny promień osłabiającej energii strzela z twojego palca w stronę istoty znajdującej się w zasięgu czaru. Wykonaj atak dystansowy czarem. Trafiony cel, do końca trwania czaru, będzie zadawał tylko połowę swoich obrażeń atakami bronią opartymi na Sile.<br><br>Pod koniec każdej swojej tury, cel może spróbować wykonać rzut obronny na Kondycję przeciw twojemu zaklęciu. udany rzut oznacza koniec czaru.";"Kleryk (XGE)"
"3";"OŻYWIENIE (Grób)";" Nekromancja, 3. krąg";" 1 akcja";" Dotyk";" W, S, M (diamenty o wartości 300 sz)";" Natychmiastowy";" Dotykasz istoty, która umarła w ciągu ostatniej minuty. Wraca do życia z 1 PW.<br><br>Przy pomocy tego zaklęcia nie można przywołać istoty zmarłej ze starości ani odtworzyć utraconych części ciała.";"Kleryk (XGE)"
"3";"WAMPIRYCZNY DOTYK (Grób)";" Nekromancja, 3. krąg";" 1 akcja";" Na siebie";" W, S";" Koncentracja, do 1 minuty";" Dotyk twojej spowitej cieniem dłoni potrafi wyssać siły życiowe z innych, by cię uleczyć. Wykonaj atak wręcz czarem przeciw istocie w sferze ataku. Przy trafieniu zadajesz 3k6 obrażeń nekrotycznych i odzyskujesz punkty wytrzymałości w liczbie połowy zadanych obrażeń. W czasie działania czaru, możesz wykorzystywać akcje w swoich turach, by ponawiać ten atak.<br><br>Na wyższych kręgach. Jeśli rzucasz ten czar,<br>wykorzystując komórkę co najmniej 4. kręgu, za każdy krąg powyżej 3., zwiększasz zadawane obrażenia o 1k6.";"Kleryk (XGE)"
"4";"OSŁONA PRZED ŚMIERCIĄ (Grób)";" Odpychanie, 4. krąg";" 1 akcja";" Dotyk";" W, S";" 8 godzin";" Zapewniasz dotkniętej istocie częściową ochronę przed śmiercią.<br><br>Za pierwszym razem, gdy w efekcie otrzymanych obrażeń PW celu miałyby spaść do 0, zamiast tego spadają do 1, a zaklęcie się kończy.<br><br>Gdy w trakcie działania czaru, chroniona istota jest celem efektu, który zabiłby ją natychmiast bez zadawania obrażeń, to ten efekt nie działa na nią, a zaklęcie się kończy.";"Kleryk (XGE)"
"4";"PLAGA (Grób)";" Nekromancja, 4. krąg";" 1 akcja";" 9 metrów";" W, S";" Natychmiastowy";" Nekrotyczna energia oblepia istotę, którą wskażesz w zasięgu czaru, pozbawiając jej ciało wilgoci i żywotności. Cel zaklęcia musi wykonać rzut obronny na Kondycję. W przypadku niepowodzenia otrzymuje 8k8 obrażeń nekrotycznych. Udany rzut zmniejsza obrażenia o połowę. Zaklęcie nie ma wpływu na konstrukty i nieumarłych. Jeśli celem zaklęcia jest magiczna roślina lub stworzenie typu roślinnego, to rzut obronny przeprowadza z utrudnieniem, a zaklęcie zadaje maksymalne obrażenia. Jeżeli zaś celem zaklęcia jest zwykła roślina nierozumna, na przykład drzewo czy krzew, to nie wykonuje ona rzutu obronnego, lecz od razu więdnie i umiera.<br><br>Na wyższych kręgach: Jeśli rzucasz ten czar,<br>wykorzystując komórkę co najmniej 5. kręgu, za każdy krąg powyżej 4. zwiększasz obrażenia o l k8.";"Kleryk (XGE)"
"5";"BARIERA PRZECIW ŻYCIU (Grób)";" Odpychanie, 5. krąg";" 1 akcja";" Na siebie (okrąg o promieniu 3 metrów)";" W,S";" Koncentracja, do 1 godziny";" Na czas działania czaru, otaczasz się połyskliwą barierą o promieniu 3 metrów, która porusza się wraz z tobą i odgradza cię od istot innych niż nieumarli i konstrukty. <br><br>Powstrzymywana istota nie może przejść ani sięgnąć przez barierę. Może jednak atakować chronione osoby magią, bronią dalekosiężną lub dystansową.<br><br>Czar wygasa, jeśli twój ruch powoduje, że powstrzymywana istota jest zmuszona przejść przez barierę.";"Kleryk (XGE)"
"5";"WSKRZESZENIE (Grób)";" Nekromancja, 5. krąg";" 1 godzina";" Dotyk";" W, S, M (diament o wartości co najmniej 500sz)";" Natychmiastowy";" Dotykasz istotę zmarłą nie dawniej niż 10 dni temu i przywracasz ją do życia. Jeżeli jej dusza jest wolna i chętna powrócić do ciała, to istota wraca do życia z 1 PW. <br>Czar neutralizuje jednocześnie wszelkie trucizny i leczy niemagiczne choroby, które nękały istotę w chwili jej śmierci. Należy jednak pamiętać, że to zaklęcie nie usuwa magicznych chorób, klątw i podobnych efektów, jeżeli nie zostaną usunięte wcześniej, to zaczną działać zaraz po ożywieniu celu. Zaklęcie nie może zwrócić życia nieumarłemu. <br><br>Czarem zamykasz wszystkie śmiertelne rany, ale nie przywracasz utraconych części ciała. Jeżeli wskrzeszona istota nie posiada części ciała lub organów kluczowych dla jej przeżycia, np. głowy, to zaklęcie nie zadziała. <br>Powrót zza grobu to droga przez mękę. Wskrzeszona osoba ma karę -4 do wszystkich testów ataku, rzutów obronnych i testów cech. Po każdym ukończeniu długiego odpoczynku kara zmniejsza się o 1, aż do całkowitego zniknięcia.";"Kleryk (XGE)"
"1";"IDENTYFIKACJA (Kuźnia)";" Wieszczenie, 1. krąg (rytuał)";" 1 minuta";" Dotyk";" W, S, M (perła o wartości co najmniej 100 sz i sowie pióro)";" Natychmiastowy";" Podczas rzucania czaru dotykasz przez minutę wybranego przedmiotu. Jeśli jest magiczny lub w jakikolwiek sposób nasączony magią, poznajesz jego właściwości i dowiadujesz się, jak z nich korzystać. Wykrywasz także, czy wymaga zestrojenia z właścicielem oraz ile ewentualnych ładunków posiada, Dowiadujesz się, czy i jakie czary oddziałują obecnie na przedmiot. Jeśli przedmiot został wykonany zaklęciem, poznasz jego nazwę. <br><br>Jeśli podczas rzucania zaklęcia dotykasz stworzenia, a nie przedmiotu, to wykrywasz, pod wpływem jakich czarów aktualnie się znajduje.";"Kleryk (XGE)"
"1";"PALĄCE UGODZENIE (Kuźnia)";" Wywoływanie, 1. krąg";" 1 akcja dodatkowa";" Na siebie";" W";" Koncentracja, do 1 minuty";" Przy następnym trafieniu atakiem wręcz w trakcie trwania czaru, twoja broń rozpala się do białości, zadając dodatkowo 1k6 obrażeń od ognia i sprawiając, że trafiony przeciwnik staje w płomieniach. Do końca trwania zaklęcia, na początku każdej swojej tury musi wykonać obronny rzut na Kondycję.<br><br>W przypadku niepowodzenia otrzymuje 1k6 obrażeń od ognia. Udany rzut kończy działanie czaru. Zaklęcie kończy się także wtedy, gdy trafiony przeciwnik lub istota znajdująca się<br>1,5m od niego użyje swojej akcji, by ugasić płomienie, albo gdy zostaną zgaszone przez jakiś inny efekt (np przez zanurzenie się celu w wodzie).<br><br>Na wyższych kręgach. Jeśli rzucasz ten czas<br>wykorzystując komórkę co najmniej 2. kręgu, za każdy krąg powyżej 1. zwiększasz początkowe obrażenia ataku o 1k6.";"Kleryk (XGE)"
"2";"MAGICZNA BROŃ (Kuźnia)";" Przemiany, 2. krąg";" 1 akcja dodatkowa";" Dotyk";" W, S";" Koncentracja, do 1 godziny";" Dotykasz egzemplarza niemagicznej broni.<br><br>Na czas trwania czaru staje się ona magiczną bronią z modyfikatorem +1 do ataku i obrażeń.";"Kleryk (XGE)"
"2";"ROZGRZANIE METALU (Kuźnia)";" Przemiany, 2. krąg";" 1 akcja";" 18 metrów";" W,S,M (kawałek żelaza, płomień)";" Koncentracja, do 1 minuty";" Wybierz wytworzony z metalu przedmiot (np. broń ciężką albo ciężki lub średni metalowy pancerz), który widzisz w zasięgu czaru. Sprawiasz, że nagrzewa się on do czerwoności. Kiedy rzucasz to zaklęcie, każda istota w bezpośrednio fizycznym kontakcie z tym przedmiotem otrzymuje 2k8 obrażeń od ognia. W trakcie działania czaru, możesz w ramach swojej akcji dodatkowej w swojej turze, ponawiać te obrażenia. <br>Jeśli jakaś istota trzyma lub nosi zaczarowany przedmiot i otrzymuje z tego powodu obrażenia, to musi wykonać udany rzut obronny na Kondycję. W przypadku niepowodzenia, upuszcza ten przedmiot, o ile to możliwe. Jeżeli tego nie zrobi, ma do początku twojej następnej tury utrudnienia  w testach ataku i testach cech.<br><br>Na wyższych kręgach. Jeśli rzucasz ten czar,<br>wykorzystując komórkę co najmniej 3. kręgu, za każdy krąg powyżej 2., zwiększasz zadawane obrażenia o 1k8.";"Kleryk (XGE)"
"3";"BROŃ ŻYWIOŁU (Kuźnia)";" Przemiany, 3. krąg";" 1 akcja";" Dotyk";" W, S";" Koncentracja, do 1 godziny";" Dotykasz niemagicznej broni i sprawiasz, że staje się magiczna. Wybierz typ obrażeń: od dźwięku, elektryczności, kwasu, ognia albo zimna. Przez cały czas trwania czaru, broń zapewnia premię +1 do ataku oraz zadaje 1k4 obrażeń wybranego typu.<br><br>Na wyższych kręgach. Jeśli rzucasz ten czar,<br>wykorzystując komórkę kręgu 5. lub 6., premia do ataku wynosi +2, a dodatkowe obrażenia 2k4.<br>Gdy wykorzystujesz komórkę co najmniej 7. kręgu, premia wzrasta do +3, a dodatkowe obrażenia do 3k4.";"Kleryk (XGE)"
"3";"OCHRONA PRZED ENERGIĄ (Kuźnia)";" Odpychanie, 3. krąg";" 1 akcja";" Dotyk";" W, S";" Koncentracja, do 1 godziny";" Podczas trwania czaru, przychylne stworzenie jest odporne na obrażenia wybranego przez ciebie typu: od dźwięku, elektryczności, kwasy, ognia, albo zimna.";"Kleryk (XGE)"
"4";"PRODUKCJA (Kuźnia)";" Przemiany, 4. krąg";" 10 minut";" 36 metrów";" W, S";" Natychmiastowy";" Dokonujesz przemiany surowych materiałów w złożone z nich produkty. Np. drewniany most z kępy drzew, skręcasz sznur z grządki konopi albo zmieniasz len na wełnę lub gotowe ubrania.<br><br>Wybierz surowce, które widzisz w zasięgu czaru. Dysponując ich odpowiednią ilością, możesz wytworzyć Duży lub mniejszy przedmiot, mieszczący się w sześcianie o boku 3 metrów, lub w 8 połączonych sześcianów o boku 1,5m. Jeśli pracujesz z metalem, kamieniem lub innym surowcem mineralnym, to wytwarzany przedmiot może być nie większy niż Średni i musi mieścić się w pojedynczym sześcianie o boku 1,5 metra. Jakość otrzymanego przedmiotu odpowiada jakości użytych przedmiotów.<br><br>Nie możesz tym zaklęciem stworzyć lub przetworzyć istot lub magicznych przedmiotów. Nie możesz także użyć go do stworzenia rzeczy, które zwykle wymagają wysokiego stopnia znajomości rzemiosła, takich jak: biżuteria, bronie, kieliszki lub pancerze, chyba że biegle posługujesz się narzędziami służącymi do wytwarzania takich rzeczy.";"Kleryk (XGE)"
"4";"ŚCIANA OGNIA (Kuźnia)";" Wywoływanie, 4. krąg";" 1 akcja";" 36 metrów";" W, S, M (niewielki kawałek fosforu)";" Koncentracja, do 1 minuty";" Na stałej powierzchni w zasięgu czaru, wywołujesz ścianę ognia. Możesz nadać jej formę płaskiego muru o długości do 18 metrów, wysokości do 6 metrów i grubości 30 centymetrów, albo pierścienia o średnicy do 6 metrów, wysokości do 6 metrów i grubości 30 centymetrów. Ściana jest nieprzezroczysta i istnieje przez cały czas działania zaklęcia.<br><br>W momencie pojawienia się ściany, każda istota<br>przebywająca w jej obszarze, musi wykonać rzut obronny na Zręczność. W przypadku niepowodzenia, otrzymuje 5k8 obrażeń od ognia. Udany rzut zmniejsza obrażenia o połowę. Jedna ze stron ściany, wybierana podczas rzucania zaklęcia, zadaje 5k8 obrażeń każdemu stworzeniu, które kończy swoją turę po tej stronie w odległości do 3 metrów od ściany. Tyle samo obrażeń otrzymuje stworzenie wchodzące w obszar ściany po raz pierwszy w swojej turze, lub kończące w nim swoją turę. Druga strona ściany ognia nie zadaje obrażeń.<br><br> Na wyższych kręgach. Jeśli rzucasz ten czar, wykorzystując komórkę co najmniej 5. kręgu, za każdy krąg powyżej 4. zwiększasz zadawane obrażenia o 1k8.";"Kleryk (XGE)"
"5";"ANIMOWANIE OBIEKTU (Kuźnia)";" Przemiany, 5. krąg";" 1 akcja";" 36 metrów";" W, S";" Koncentracja, do 1 minuty";" Wybierz do 10 niemagicznych obiektów, które nie są noszone lub trzymane. Średnie cele liczą się jako dwa obiekty, Duże jako cztery, a Wielkie jako osiem. Większych nie można animować. Możesz wydawać im rozkazy, gdy są w obrębie 150m od ciebie. Gdy nie wydasz polecenia, istota ogranicza<br>się do obrony własnej. <br><br>Obiekt jest konstruktem, od którego rozmiaru zależą PW, KP, zdolności ataku, Siła i Zręczność. Jego pozostałe cechy wynoszą, Kondycja 10, Inteligencja 3, Mądrość 3, Charyzma 1. Porusza się z szybkością 9m. Posiada zdolność ślepowidzenia w promieniu 9m. Kiedy PW=0 -wraca do swojej naturalnej postaci. Obiekt może wykonać pojedynczy atak w zwarciu, przeciw stworzeniu w obrębie 1,5m. Atakuje walnięciem z premią i obrażeniami obuchowymi zależnymi od swojego rozmiaru. MP może zmienić typ obrażeń na kłute lub cięte. Na wyższych kręgach. Jeśli rzucasz ten czar, wykorzystując komórkę co najmniej 6. kręgu, za każdy krąg powyżej 5. możesz animować dwa dodatkowe obiekty. Statystyki animowanego obiektu na str. 211.";"Kleryk (XGE)"
"5";"CIENISTE FORMOWANIE (Kuźnia)";" Iluzje, 5. krąg";" 1 minuta";" 9 metrów";" W, S, M (kawałek materiału tego samego typu co stwarzany przedmiot)";" Specjalny";" Splatając pasma cienistej materii z Shadowfell, tworzysz nieożywiony przedmiot. Przedmiot nie może być większy niż sześcian o boku 1,5m, a jego kształt i materiał muszą być ci znane.<br>Trwałość obiektu zależy od materiału:<br>* Materia roślinna – 1 dzień<br>* Kamień lub kryształ – 12 godzin<br>* Metale szlachetne – 1 godzina<br>* Klejnoty – 10 minut<br>* Adamantyna lub mithral – 1 minuta<br>Jeśli uformujesz go z różnych materiałów – wybierz najmniejszą trwałość.<br>Jeżeli spróbujesz użyć materiału wytworzonego tym zaklęciem jako komponentu innego zaklęcia, to jego rzucanie automatycznie się nie powiedzie. Na wyższych kręgach. Jeśli rzucasz ten czar, wykorzystując komórkę co najmniej 6. kręgu, za każdy krąg powyżej 5. zwiększasz o 1,5m rozmiar tworzonego przedmiotu.";"Kleryk (XGE)"
"0";"SŁOWO BLASKU";" Wywoływanie, sztuczka";" 1 akcja";" 1,5 metra";" W, M (święty symbol)";" Natychmiastowy";" Wypowiadasz słowo przesiąknięte boską mocą i bucha z ciebie płonący blask. Każde wybrane przez ciebie stworzenie, które widzisz w zasięgu czaru, musi wykonać rzut obronny na Kondycję. W przypadku niepowodzenia otrzymuje 1k6 obrażeń od światłości. <br><br>Obrażenia z tego zaklęcia zwiększają się o 1k6,<br>gdy osiągniesz 5. poziom (do 2k6), 11. poziom (do 3k6) i 17. poziom (do 4k6).";"Kleryk (XGE)"
"0";"KOMU BIJE DZWON";" Nekromancja, sztuczka";" 1 akcja";" 18 metrów";" W, S";" Natychmiastowy";" Wskazujesz stworzenie, które widzisz w zasięgu czaru - przez chwilę jego otoczenie rozbrzmiewa dźwiękiem żałobnego dzwonu. Cel musi wykonać rzut obronny na Mądrość. W przypadku niepowodzenia otrzymuje 1k8 obrażeń nekrotycznych. Jeśli aktualne punkty wytrzymałości celu są mniejsze od maksymalnych, to otrzymuje on 1k12 obrażeń nekrotycznych.<br><br>Obrażenia z tego zaklęcia zwiększają się o jedną kość, gdy osiągniesz 5. poziom (do 2k8 lub 2k12), 11. poziom (do 3k8 lub 3k12) i 17. poziom (do 4k8 lub 4k12).";"Kleryk (XGE)"
"1";"CEREMONIA";" Odpychanie, 1. krąg (rytuał)";" 1 godzina";" Dotyk";" W, S, M (sproszkowane srebro  wartości 25 sz, zużywane przez zaklęcie)";" Natychmiastowy";" Odprawiasz specjalną ceremonię religijną przepełnioną magią. Podczas rzucania czaru wybierz jeden z podanych obrzędów. Cel musi znajdować się w obrębie 3 metrów od ciebie przez cały czas rzucania.<br><br>Błogosławienie wody...<br>Dojrzałość...<br>Oddanie...<br>Pokuta...<br>Rytuał pogrzebowy... <br>Ślub...<br><br>Przewodnik Xanathara po wszystkim str. 150";"Kleryk (XGE)"
"3";"PRZENIESIENIE ŻYCIA";" Nekromancja, 3. krąg";" 1 akcja";" 9 metrów";" W, S";" Natychmiastowy";" Poświęcasz część swojego zdrowia, by leczyć rany innego stworzenia. Otrzymujesz 4k8 obrażeń nekrotycznych, których nie można w żaden sposób zredukować, a wybrane stworzenie, które widzisz w zasięgu czaru, odzyskuje PW równe dwukrotności otrzymanych przez ciebie obrażeń nekrotycznych.<br><br>Na wyższych kręgach. Jeśli rzucasz ten czar, wykorzystując komórkę co najmniej 4. kręgu, za każdy krąg powyżej 3. zwiększasz obrażenia o 1k8.";"Kleryk (XGE)"
"5";"ŚWIĘTA BROŃ";" Wywoływanie, 5. krąg";" 1 akcja dodatkowa";" Dotyk";" W, S";" Koncentracja, do 1 godziny";" Dotykasz broni i nasycasz ją świętą mocą. Podczas trwania czaru broń świeci jasnym światłem w promieniu 9 metrów i słabym światłem w promieniu kolejnych 9 metrów. Ponadto wykonywane nią ataki przy trafieniu zadają dodatkowo 2k8 obrażeń od światłości.Jeśli broń nie była wcześniej bronią magiczną, to staje się nią na czas trwania czaru.<br><br>W ramach akcji dodatkowej w swojej turze możesz zakończyć czar i sprawić, że broń rozbłyśnie światłem. Każde wybrane przez ciebie stworzenie, które widzisz W obrębie 9 metrów od broni, musi wykonać rzut obronny na Kondycję. W przypadku niepowodzenia otrzymuje 4k8 obrażeń od światłości i zostaje oślepione na 1 minutę. Udany rzut zmniejsza obrażenia o połowę i zapobiega oślepieniu. Pod koniec każdej swojej tury oślepione stworzenie może powtórzyć rzut obronny. Udany rzut powoduje zakończenie efektu.";"Kleryk (XGE)"
"5";"ŚWIT";" Wywoływanie, 5. krąg";" 1 akcja";" 18 metrów";" W, S, M (wisiorek w kształcie słońca o wartości co najmniej 100 sz)";" Koncentracja, do 1 minuty";" Powodujesz, że na wybrane miejsce, które widzisz w zasięgu czaru, pada światło poranka. Podczas trwania czaru jasne światło świeci na obszarze walca o średnicy 9 metrów i wysokości 12 metrów. Jest to światło słoneczne.<br><br>W momencie jego pojawienia się każde stworzenie znajdujące się w tym obszarze musi wykonać rzut obronny na Kondycję. W przypadku niepowodzenia otrzymuje 4k10 obrażeń od światłości. Udany rzut zmniejsza obrażenia o połowę. Stworzenie musi wykonać rzut obronny również wtedy, gdy kończy swoją turę w tym obszarze.<br><br>Jeśli znajdujesz się obrębie 18 metrów od walca, w ramach akcji dodatkowej w swojej turze możesz przesunąć go do 18 metrów.";"Kleryk (XGE)"
"7";"ŚWIĄTYNIA BOGÓW";" Przywoływanie, 7. krąg";" 1 godzina";" 36 metrów";" W, S, M (święty symbol o wartości co najmniej 5 sz)";" 24 godziny";" Powodujesz, że w miejscu na ziemi, które widzisz w zasięgu czaru, pojawia się, skrząc i migocząc, świątynia. Musi się ona zmieścić w wolnej przestrzeni będącej sześcianem o boku długości do 36 metrów. Świątynia pozostaje w miejscu do zakończenia czaru. Jest ona poświęcona bóstwu, panteonowi lub filozofii, w zależności od świętego symbolu użytego do rzucenia czaru.<br><br>Decydujesz o tym, jak wygląda świątynia. Wnętrze zamykają podłoga, ściany i dach, z jednymi drzwiami umożliwiającymi dostęp do środka i dowolną liczbą okien. Tylko ty i istoty wskazane przez ciebie podczas rzucania czaru możecie otworzyć lub zamknąć drzwi...<br><br>Przewodnik Xanathara po wszystkim str.167<br><br>";"Kleryk (XGE)"
