"0";"CIERNIOWY BICZ";" Przemiany, sztuczka";" 1 akcja";" 9 metrów";" W,S,M (łodyga kolczastej rośliny)";" Natychmiastowy";" Tworzysz długi, podobny do cierniowego pnącza bicz, który na twoje polecenie uderza wybraną istotę znajdującą się w zasięgu. Wykonaj przeciw niej test ataku wręcz czarem.Przy trafieniu, zadajesz 1k6 obrażeń kłutych, a jeśli jest to istota Duża lub mniejsza, przyciągasz ją do siebie o maksymalnie 3m.<br><br>Obrażenia z tego zaklęcia zwiększają się o 1k6, gdy osiągniesz 5. poziom (do 2k6), 11. poziom (do 3k6) i 17. poziom (do 4k6).";"Druid"
"0";"DRUIDZKIE SZTUCZKI";" Przemiany, sztuczka";" 1 akcja";" 9 metrów";" W, S";" Natychmiastowy";" Szepcząc do duchów natury, stwarzasz w zasięgu czaru jeden z efektów:<br><br>*Tworzysz mały, nieszkodliwy efekt sensoryczny, który pokazuje, jaka pogoda będzie w tym miejscu przez najbliższe 24h. Może on przyjąć postać złotej kuli symbolizującej czyste niebo, chmury oznaczającej deszcz, spadających płatków śniegu itp. Efekt utrzymuje się przez 1 rundę.<br><br>*Powodujesz natychmiastowe rozkwitnięcie kwiatu, rozwinięcie się liści z pąka lub otwarcie strąka z nasionami. <br><br>*Wywołujesz natychmiastowy, nieszkodliwy efekt sensoryczny, taki jak opadające liście, podmuch wiatru, odgłos niewielkiego zwierzęcia, nikły odór skunksa. Efekt nie może przekroczyć swym rozmiarem sześcianu o boku 1,5m.<br><br>*W jednej chwili gasisz albo zapalasz świecę, pochodnię lub niewielkie ognisko";"Druid"
"0";"NAPRAWA";" Przemiany, sztuczka";" 1 minuta";" Dotyk";" W, S, M (dwa magnetyty)";" Natychmiastowy";" Czar naprawia pojedyncze uszkodzenie lub rozdarcie dotkniętego przedmiotu, np.: pęknięte ogniwo łańcucha, złamany na pół klucz, rozdarty płaszcz czy cieknący bukłak. Naprawiasz usterki, nie pozostawiając po nich śladu, o ile żaden z wymiarów uszkodzenia lub rozdarcia nie przekracza 30cm.<br><br>Przy pomocy tego czaru, możesz fizycznie naprawić magiczny przedmiot lub konstrukt, jednak nie przywracasz mu magicznego działania.";"Druid"
"0";"ODPORNOŚĆ";" Odpychanie, sztuczka";" 1 akcja";" Dotyk";" W, S, M (miniaturowa peleryna)";" Koncentracja, do 1 minuty";" Dotykasz przychylnej istoty.<br><br>Póki zaklęcie trwa, może ona rzucić jeden raz k4 i dodać otrzymany wynik do wybranego rzutu obronnego. Dodatkową kością można rzucić przed rzutem obronnym lub po nim.<br><br>Zaklęcie kończy się po wykorzystaniu premii.";"Druid"
"0";"SHILLELAGH";" Przemiany, sztuczka";" 1 akcja dodatkowa";" Dotyk";" W,S,M (jemioła, liść koniczyny i drąg lub pałka)";" 1 minuta";" Drewno drąga lub pałki napełnia się w twoich rękach mocą natury. Podczas działania czaru, w testach ataku tą bronią i przy zadawaniu nią obrażeń, możesz zamiast Siły użyć swojej cechy bazowej, a kość obrażeń zamieniasz na k8.<br><br>Broń staje się też magiczna, jeśli wcześniej nie była. Czar wygasa, kiedy rzucisz go ponownie, albo gdy wypuścisz zaklętą broń z rąk.";"Druid"
"0";"TRUJĄCY ROZPRYSK";" Przywoływanie, sztuczka";" 1 akcja";" 3 metry";" W, S";" Natychmiastowy";" Wyciągasz dłoń ku istocie, którą widzisz w zasięgu czaru, i pryskasz w nią obłokiem szkodliwego gazu. Musi ona wykonać rzut obronny na Kondycję. W przypadku niepowodzenia otrzymuje 1k12 obrażeń od trucizny.<br><br>Na wyższych kręgach. Obrażenia zwiększają się o 1k12 gdy osiągniesz 5. poziom (do 2k12), 11. poziom (do 3k12) i 17. poziom (do 4k12).";"Druid"
"0";"WSKAZÓWKI";" Wieszczenie, sztuczka";" 1 akcja";" Dotyk";" W, S";" Koncentracja, do 1 minuty";" Dotykasz przychylnej istoty.<br>Przed zakończeniem działania czaru, może ona dodać k4 do wyniku jednego wybranego testu cechy. Może wykonać ten rzut przed testem lub po nim. Kiedy to zrobi, zaklęcie dobiega końca.";"Druid"
"0";"WYWOŁANIE PŁOMIENIA";" Przywoływanie, sztuczka";" 1 akcja";" Na siebie";" W,S";" 10 minut";" W twojej dłoni pojawia się migotliwy płomień. Utrzymuje się tam przez czas trwania czaru, nie parząc cię ani nie uszkadzając twojego wyposażenia. Świeci jasnym światłem w<br>promieniu 3m i słabym w promieniu kolejnych 3m. Znika, kiedy odwołasz go w ramach swojej akcji lub kiedy rzucisz kolejny.<br><br>Możesz zaatakować tym płomieniem, ale spowoduje to koniec zaklęcia. Kiedy rzucisz ten czar, lub w ramach akcji w swojej turze, możesz cisnąć płomieniem w istotę znajdującą się do 9m od ciebie. Wykonaj atak dystansowy czarem. Przy trafieniu, cel otrzymuje 1k8 obrażeń od ognia.<br><br>Obrażenia z tego zaklęcia zwiększają się o 1k8, gdy osiągniesz 5. poziom (do 2k8), 11. poziom (do 3k8), 17. poziom (do 4k8).";"Druid"
"1";"BLASK FAERIE";" Wywoływanie, 1. krąg";" 1 akcja";" 18 metrów";" W";" Koncentracja, do 1 minuty";" Każdy obiekt w sześcianie o boku 6 metrów w zasięgu czaru, zostaje spowity niebieskim, zielonym lub czerwonym światłem (ty wybierasz kolor).<br><br>Istoty znajdujące się w obszarze działania w chwili rzucania zaklęcia, również zostają podświetlone, jeśli nie zdadzą rzutu obronnego na Zręczność. Przez okres trwania czaru, od tych istot i obiektów emanuje na 3 metry słabe światło.<br><br>Obiekty i istoty znajdujące się pod wpływem zaklęcia, nie czerpią żadnych korzyści ze swojej niewidzialności, a ataki przeciwko nim są ułatwiane z ułatwieniem, jeśli napastnik jest w stanie zobaczyć cel.";"Druid"
"1";"CHMURA MGŁY";" Przywoływanie, 1. krąg";" 1 akcja";" 36 metrów";" W, S";" Koncentracja, do 1 godziny";" Przywołujesz kulistą chmurę mgły o promieniu 6m, której środek znajduje się w zasięgu zaklęcia. Mgła rozprzestrzenia się wokół rogów i załomów, a jej obszar jest pozbawiony widoczności. Chmura utrzymuje się do wygaśnięcia czaru, choć wcześniej może ją też rozwiać wiatr o umiarkowanej lub większej prędkości (co najmniej 15km/h).<br><br>Na wyższych kręgach. Jeśli rzucasz ten czar,<br>wykorzystując komórkę co najmniej 2. kręgu, za każdy krąg powyżej 1., zwiększasz promień chmury o 6 metrów.";"Druid"
"1";"DOBRE JAGODY";" Przemiany, 1. krąg";" 1 akcja";" Dotyk";" W,S,M (gałązka jemioły)";" Natychmiastowy";" W twojej dłoni pojawia się do 10 jagód przepełnionych magiczną mocą przez czas trwania zaklęcia. W ramach swojej akcji, istota może zjeść jedną jagodę, co przywróci jej 1 PW i<br>wystarczy za pożywienie na cały dzień.<br><br>Jagody nie zjedzone w ciągu 24h, tracą swoją magiczną moc.";"Druid"
"1";"FALA GROMU";" Wywoływanie, 1. krąg";" 1 akcja";" Na siebie (sześcian o boku 4,5 metra)";" W, S";" Natychmiastowy";" Uwalniasz falę ogłuszającej mocy.<br><br>W przestrzeni o kształcie wychodzącego od ciebie sześcianu o boku 4,5m, wszystkie istoty muszą wykonać rzut obronny na Kondycję.<br><br>W przypadku niepowodzenia, otrzymują po 2k8 obrażeń od dźwięku i zostają odepchnięte o 3m od ciebie. Po udanym rzucie, otrzymują połowę obrażeń i nie zostają odepchnięte.<br><br>Ponadto, niezabezpieczone przedmioty znajdujące się w całości na obszarze działania czaru zostają automatycznie odepchnięte o 3 metry od ciebie, a zaklęcie wywołuje ogłaszający huk słyszalny z odległości 90 metrów.<br><br>Na wyższych kręgach. Jeśli rzucasz ten czar,<br>wykorzystując komórkę co najmniej 2. kręgu, za każdy krąg powyżej 1. zwiększasz obrażenia o 1k8.";"Druid"
"1";"KOJĄCE SŁOWO";" Wywoływanie, 1. krąg";" 1 akcja dodatkowa";" 18 metrów";" W";" Natychmiastowy";" Wybrana istota, którą widzisz w zasięgu czaru, odzyskuje punkty wytrzymałości w liczbie 1k4 + twój modyfikator z cechy bazowej. Czar nie działa na nieumarłych i kostuchy.<br><br>Na wyższych kręgach. Jeśli rzucasz ten czar,<br>wykorzystując komórkę co najmniej 2. kręgu, za każdy twój krąg powyżej 1. liczba leczonych PW zwiększa się o 1k4.";"Druid"
"1";"LECZENIE RAN";" Wywoływanie, 1. krąg";" 1 akcja";" Dotyk";" W, S";" Natychmiastowy";" Istota, której dotykasz, odzyskuje punkty wytrzymałości w liczbie równej 1k8 + twój modyfikator z cechy bazowej. Czar nie działa na nieumarłych i kostuchy.<br><br>Na wyższych kręgach. Jeśli rzucasz ten czar,<br>wykorzystując komórkę co najmniej 2. kręgu, za każdy krąg powyżej 1. przywracasz dodatkowe 1k8 punktów wytrzymałości.";"Druid"
"1";"OCZYSZCZENIE JADŁA I NAPOJU";" Przemiany, 1. krąg";" 1 akcja";" 3 metry";" W, S";" Natychmiastowy";" Wybierasz punkt w zasięgu czaru. Niemagiczne pożywienie i napoje w obrębie sfery o promieniu 1,5m od niego zostają oczyszczone i uwolnione od trucizn i chorób.";"Druid"
"1";"OPLĄTANIE";" Przywoływanie, 1. krąg";" 1 akcja";" 27 metrów";" W, S";" Koncentracja, do 1 minuty";" Chwytne pnącza z podłoża na obszarze kwadratu o boku 6m, ze środkiem we wskazanym punkcie w zasięgu czaru. Rośliny zamieniają ten obszar w trudny teren na czas trwania czaru.<br><br>Istoty znajdujące się na obszarze działania czaru muszą wykonać rzut obronny na Siłę. W przypadku niepowodzenia, zostaną unieruchomione przez oplatające je rośliny na czas trwania zaklęcia. Unieruchomiona istota może w ramach swojej akcji wykonać test Siły z ST rzutu obronnego przeciw twoim czarom. Jeśli jej się uda, uwalnia się.<br><br>Gdy zaklęcie wygasa, przywołane rośliny więdną.";"Druid"
"1";"PRZYJACIEL ZWIERZĄT";" Uroki, 1. krąg";" 1 akcja";" 9 metrów";" W, S, M (odrobina jedzenia)";" 2 godziny";" Przy pomocy tego czaru możesz przekonać zwierzę, że nie stanowisz dla niego zagrożenia. Wybierz bestię, którą widzisz w zasięgu czaru, i która widzi i słyszy ciebie. Jeśli jej Inteligencja wynosi 4 lub więcej, zaklęcie się nie udaje. W przeciwnym wypadku, zwierzę musi wykonać udany rzut obronny na Mądrość, albo zostanie przez ciebie zauroczone na czas trwania czaru. Jeżeli ty lub ktoś z twoich sojuszników skrzywdzi to zwierzę, czar się skończy.<br><br>Na wyższych kręgach. Jeśli rzucasz tej czar, wykorzystując komórkę co najmniej 2. kręgu, za każdy krąg powyżej 1. możesz objąć czarem dodatkowe zwierzę. ";"Druid"
"1";"ROZMAWIANIE ZE ZWIERZĘTAMI";" Wieszczenie, 1. krąg (rytuał)";" 1 akcja";" Na siebie";" W, S";" Do 10 minut";" Na czas trwania czaru, zyskujesz zdolność rozumienia bestii i słownej komunikacji z nimi. Wiedza i świadomość wielu zwierząt jest ograniczona ich poziomem Inteligencji, ale w najgorszym przypadku, możesz od nich zdobyć informacje o pobliskich miejscach i potworach, włączając informacje o tym, co zwierzę postrzega obecnie lub czego doświadczyło poprzedniego dnia.<br><br>Za zgodą MP możesz nakłonić zwierzę do wyświadczenia ci niewielkiej przysługi.";"Druid"
"1";"SKOK";" Przemiany, 1. krąg";" 1 akcja";" Dotyk";" W, S, M (tylna noga pasikonika)";" 1 minuta";" Dotykasz wybranej istoty. Odległość jej skoku zostaje potrojona na czas działania czaru.";"Druid"
"1";"STWORZENIE LUB ZNISZCZENIE WODY";" Przemiany, 1. krąg";" 1 akcja";" 9 metrów";" W, S, M (kropla wody do tworzenia wody lub kilka ziaren piasku do jej zniszczenia)";" Natychmiastowy";" *Stworzenie wody. Tworzysz do 40l czystej wody w otwartym pojemniku w zasięgu czaru. Alternatywnie możesz stworzyć ją jako opad deszczu na obszarze w kształcie sześcianu o boku 9m w zasięgu czaru. Opad ten gasi nieosłonięte płomienie.<br><br>*Zniszczenie wody. Niszczysz do 40l wody w otwartym pojemniku w zasięgu czaru. Możesz zamiast tego usunąć mgłę na obszarze w kształcie sześcianu o boku 9m w zasięgu czaru.<br><br>Na wyższych kręgach. Jeśli rzucasz ten czar,<br>wykorzystując komórkę co najmniej 2. kręgu, za każdy krąg powyżej 1. tworzysz lub niszczysz dodatkowo 40 litrów wody, albo zwiększasz bok sześcianu o 1,5m.";"Druid"
"1";"SZYBKONOGI";" Przemiany, 1. krąg";" 1 akcja";" Dotyk";" W, S, M (szczypta pyłu)";" 1 godzina";" Dotykasz wybranego stworzenia. Jego szybkość zwiększa się o 3 metry do czasu zakończenia czaru.<br><br>Na wyższych kręgach. Jeśli rzucasz ten czar,<br>wykorzystując komórkę co najmniej 2. kręgu, za każdy dodatkowy krąg możesz objąć czarem jedną dodatkową istotę.";"Druid"
"1";"WYKRYCIE MAGII";" Wieszczenie, 1. krąg rytuał";" 1 akcja";" Na siebie";" W, S, M";" Koncentracja, do 10 min";" Podczas trwania czaru, wyczuwasz magię w obrębie 9m od siebie. Gdy wykryjesz w ten sposób obecność magii w stworzeniu lub obiekcie, możesz wykorzystać swoją akcję, by zobaczyć jego nikłą aurę i dowiedzieć się, z jakiej szkoły pochodzi ta magia (jeśli przynależy do którejś ze szkół). <br><br>Wykrycie magii przenika przez większość barier, ale jest blokowane przez kamień o grubości 30 cm, metal o grubości 2,5cm, drewno lub ziemię o grubości 90 cm lub cienką warstwę ołowiu.";"Druid"
"1";"WYKRYCIE TRUCIZNY I CHOROBY";" Wieszczenie, 1. krąg";" 1 akcja";" Na siebie";" W, S, M (liść cisu)";" Koncentracja, do 10 minut";" Podczas trwania czaru wyczuwasz obecność i lokalizację trucizn, jadowitych istot i chorób w obrębie 9m od siebie. W każdym przypadku potrafisz rozpoznać rodzaj wykrytej trucizny, gatunek czy chorobę.<br><br>Zaklęcie przenika przez większość barier, ale jest blokowane przez 30cm kamienia, 2,5cm metalu, cienką warstwę ołowiu lub 90cm drewna bądź zieleni.";"Druid"
"1";"ZAUROCZENIE OSOBY";" Uroki, 1. krąg";" 1 akcja";" 9 metrów";" W, S";" 1 godzina";" Próbujesz zauroczyć humanoida, którego widzisz w zasięgu czaru. Musi on wykonać rzut obronny na Mądrość, w którym ma ułatwienie, jeśli walczy z tobą, lub z którymś z twoich towarzyszy. W przypadku niepowodzenia zostaje przez ciebie zauroczony na czas trwania zaklęcia lub do momentu, w którym ty, lub któryś z twoich towarzyszy zadziałacie na jego szkodę. Zauroczony humanoid postrzega ciebie jako<br>przyjaznego znajomego. Gdy czar dobiega końca, cel ma świadomość, że został przez ciebie zauroczony.<br><br>Na wyższych kręgach. Jeśli rzucasz ten czar,<br>wykorzystując komórkę co najmniej 2. kręgu, za każdy krąg powyżej 1. możesz objąć zauroczeniem dodatkową istotę. W momencie rzucania czaru, wszystkie cele muszą przebywać w obrębie 9m od siebie.";"Druid"
"2";"KOROWA SKÓRA";" Przemiany, 2. krąg";" 1 akcja";" Dotyk";" W, S, M (garść dębowej kory)";" Koncentracja, do 1 godziny";" Dotykasz przychylnej istoty.<br><br>Do końca trwania czaru, jej skóra nabiera wyglądu szorstkiej kory, a jej KP nie może być mniejsze od 16, niezależnie od tego, jaki typ pancerza nosi.";"Druid"
"2";"KSIĘŻYCOWY PROMIEŃ";" Wywoływanie, 2. krąg";" 1 akcja";" 36 metrów";" W, S, M (kilka nasion rośliny miesięcznikowatej i kawałek skalenia tęczowego)";" Koncentracja, do 1 minuty";" Sprowadzasz na ziemię snop srebrzystego, bladego światła, który o kształcie walca o promieniu 1,5 metra i wysokości 12 metrów, wychodzącego z punktu w zasięgu czaru. Przez cały czas trwania zaklęcia, wspomniany walec wypełniony jest słabym światłem. Gdy jakieś stworzenie wejdzie jego obszar pierwszy raz w swojej turze albo rozpocznie w nim swoją turę, zostaje spowite widmowymi płomieniami, powodującymi przeszywający ból i musi wykonać rzut obronny na Kondycję. W przypadku niepowodzenia, otrzymuje 2k10 obrażeń od światłości. Udany rzut zmniejsza obrażenia o połowę. Zmiennokształtni wykonują rzut obronny z utrudnieniem, a gdy im się on nie powiedzie, zostaną przywróceni do swojej naturalnej postaci i nie mogą przyjąć innej, dopóki nie opuszczą obszaru magicznego światła, Po rzuceniu tego czaru, w każdej swojej turze, możesz w ramach swojej akcji przemieścić snop światła do 18 metrów w dowolną stronę. Na wyższych kręgach. Jeśli rzucasz ten czar, wykorzystując komórkę co najmniej 3, kręgu, za każdy krąg powyżej 2., zwiększasz obrażenia o 1k10.";"Druid"
"2";"MNIEJSZE PRZWRÓCENIE";" Odpychanie, 2. krąg";" 1 akcja";" Dotyk";" W, S";" Natychmiastowy";" Dotykasz stworzenia i uwalniasz je od jednej dolegającej mu choroby bądź kończysz jeden ze stanów, w którym się znajduje - głuchoty, oślepienia, paraliżu albo zatrucia.";"Druid"
"2";"OCHRONA PRZED TRUCIZNĄ";" Odpychanie, 2. krąg";" 1 akcja";" Dotyk";" W, S";" 1 godzina";" Dotykasz wybranego stworzenia. Jeśli było zatrute, neutralizujesz truciznę. Jeśli działających na stworzenie trucizn jest więcej, neutralizujesz jedną, którą potrafisz zidentyfikować, albo jedną ustaloną losowo.<br><br>Podczas trwania czaru ce| ma ułatwienie w rzutach obronnych przeciw truciznom oaz odporność na obrażenia od trucizny.";"Druid"
"2";"ODNALEZIENIE OBIEKTU";" Wieszczenie, 2. krąg";" 1 akcja";" Na siebie";" W, S, M (rozwidlona gałązka)";" Koncentracja, do 10 minut";" Podajesz opis lub nazwę znanego ci obiektu. Wyczuwasz, w jakim kierunku się znajduje, o ile jest oddalony od ciebie nie więcej niż 300m. Jeśli jest w ruchu, dowiadujesz się, w jakim kierunku się przemieszcza.<br><br> Przy pomocy tego zaklęcia możesz odnaleźć konkretny znany ci obiekt, o ile widziałeś go przynajmniej raz z odległości do 9m. W innym wariancie możesz odszukać najbliższy obiekt określonego rodzaju (np. określoną część garderoby, biżuterię, mebel, narzędzie albo broń. <br><br>Czar nie zadziała, jeśli od poszukiwanej rzeczy (patrząc w linii<br>prostej), dzieli cię warstwa ołowiu o jakiejkolwiek grubości, nawet cienka blacha.";"Druid"
"2";"ODNALEZIENIE ZWIERZĄT LUB ROŚLIN";" Wieszczenie, 2. krąg (rytuał)";" 1 akcja";" Na siebie";" W,S,M (odrobina sierści psa gończego)";" Natychmiastowy";" Podajesz opis lub nazwę gatunku zwierzęcia lub rośliny. Słuchając w skupieniu głosu otaczającej cię natury, poznajesz kierunek i odległość dzielącą cię od najbliższego przedstawiciela danego gatunku w promieniu 7,5 km, o ile występują na tym obszarze.";"Druid"
"2";"PŁOMIENNA KULA";" Przywoływanie, 2. krąg";" 1 akcja";" 18 metrów";" W, S, M (trochę łoju, szczypta siarki i pył żelazny)";" Koncentracja, do 1 minuty";" W wolnym miejscu wskazanym w zasięgu czaru, pojawia się kula o promieniu 1,5 metra i pozostaje tam przez czas trwania czaru. Istota kończąca swoją turę w obrębie 1,5 metra od niej, wykonuje rzut obronny na Zręczność. W przypadku niepowodzenia, otrzymuje 2k6 obrażeń od ognia. Udany rzut zmniejsza obrażenia o połowę. W ramach akcji dodatkowej, możesz przemieścić kulę na odległość do 9 metrów. Jeżeli staranujesz w ten sposób jakieś stworzenie, to musi ono wykonać rzut obronny przeciw obrażeniom zadawanym przez kulę, a ta zaprzestaje ruchu w tej turze.  Podczas przemieszczania kuli, możesz przekraczać nią przeszkody do 1,5 metra wysokości, oraz przeskakiwać nią doły czy przepaście nie szersze niż 3 metry. Kula podpala<br>palne obiekty, które nie są przez nikogo trzymane ani noszone. Świeci jasnym światłem na odległość 6 metrów i słabym na kolejne 6 metrów.";"Druid"
"2";"PŁOMIENNE OSTRZE";" Wywoływanie, 2. krąg";" 1 akcja dodatkowa";" Na siebie";" W,S,M (liść sumaka)";" Koncentracja, do 10 minut";" Wywołujesz w swojej wolnej ręce ogniste ostrze. Rozmiarem i kształtem przypomina ono sejmitar i znika wraz z końcem trwania czaru. Zniknie także, jeśli wypuścisz je z dłoni, ale możesz wówczas przywołać je ponownie w ramach akcji<br>dodatkowej. <br><br>Możesz użyć swojej akcji, by wykonać płomiennym ostrzem atak wręcz czarem. Przy trafieniu broń zadaje 3k6 obrażeń od ognia.<br><br>Ostrze świeci jasnym światłem w promieniu 3 metrów i słabym w promieniu dalszych 3 metrów.<br><br>Na wyższych kręgach. Jeśli rzucasz ten czar,<br>wykorzystując komórkę co najmniej 4. kręgu, za każde dwa kręgi powyżej 2., zwiększasz zadawane obrażenia o 1k6.";"Druid"
"2";"PORYW WIATRU";" Wywoływanie, 2. krąg";" 1 akcja";" Na siebie (prosta o długości 18 metrów)";" W, S, M (nasiono ze strąka)";" Koncentracja, do 1 minuty";" Wywołujesz podmuch silnego wiatru, który wieje od ciebie w wybranym kierunku, tworząc prostą o długości 18 metrów i szerokości 3 metrów. Wiatr wieje przez cały czas działania czaru. Każda istota rozpoczynająca swoją turę w jego obszarze, musi wykonać rzut obronny na Siłę, W przypadku niepowodzenia, zostanie odepchnięta od ciebie o 4,5 metra zgodnie z kierunkiem wiatru. Istoty znajdujące się w obszarze czaru i próbujące się do ciebie zbliżyć, muszą zużyć dodatkowy metr szybkości za każdy przebyty metr. Wiatr rozwiewa gaz i opary, a także gasi świece, pochodnie i podobne niechronione płomienie na swoim obszarze. Sprawia, że chroniony płomień (na przykład latarni) pełga niespokojnie i ma 50% szansy na to, że zgaśnie. Podczas trwania czaru w ramach akcji dodatkowej w swojej turze, możesz zmienić kierunek, w którym wieje od ciebie wiatr.";"Druid"
"2";"PRZEJŚCIE BEZ ŚLADU";" Odpychanie, 2. krąg";" 1 akcja";" Na siebie";" W, S, M (popiół ze spalonego liścia jemioły i świerkowej gałązki)";" Koncentracja, do 1 godziny";" Roztaczasz wokół siebie zasłonę cierni i ciszę, które skrywają ciebie i twoich towarzyszy.<br><br>Przez czas działania czaru, każda wybrana przez ciebie istota, znajdująca się do 9m od ciebie (łącznie z tobą), otrzymuje modyfikator +10 w testach Zręczności (Skradanie się) i nie może zostać wytropiona niemagicznymi sposobami. Istota skryta zaklęciem, nie pozostawia tropów ani innych śladów swojego przejścia.";"Druid"
"2";"ROZGRZANIE METALU";" Przemiany, 2. krąg";" 1 akcja";" 18 metrów";" W,S,M (kawałek żelaza, płomień)";" Koncentracja, do 1 minuty";" Wybierz wytworzony z metalu przedmiot (np. broń ciężką albo ciężki lub średni metalowy pancerz), który widzisz w zasięgu czaru. Sprawiasz, że nagrzewa się on do czerwoności. Kiedy rzucasz to zaklęcie, każda istota w bezpośrednio fizycznym kontakcie z tym przedmiotem otrzymuje 2k8 obrażeń od ognia. W trakcie działania czaru, możesz w ramach swojej akcji dodatkowej w swojej turze, ponawiać te obrażenia. <br>Jeśli jakaś istota trzyma lub nosi zaczarowany przedmiot i otrzymuje z tego powodu obrażenia, to musi wykonać udany rzut obronny na Kondycję. W przypadku niepowodzenia, upuszcza ten przedmiot, o ile to możliwe. Jeżeli tego nie zrobi, ma do początku twojej następnej tury utrudnienia  w testach ataku i testach cech.<br><br>Na wyższych kręgach. Jeśli rzucasz ten czar,<br>wykorzystując komórkę co najmniej 3. kręgu, za każdy krąg powyżej 2., zwiększasz zadawane obrażenia o 1k8.";"Druid"
"2";"UNIERUCHOMIENIE OSOBY";" Uroki, 2. krąg";" 1 akcja";" 18 metrów";" W, S, M (prosty kawałek żelaza)";" Koncentracja, do 1 minuty";" Wybierasz humanoida, którego widzisz w zasięgu czaru. Cel musi wykonać rzut obronny na Mądrość. W przypadku niepowodzenia, zostaje sparaliżowany na czas trwania czaru. Pod koniec każdej swojej tury może ponowić rzut obronny<br>na Mądrość. Udany rzut oznacza wyzwolenie się z efektu czaru.<br><br>Na wyższych kręgach. Jeśli rzucasz ten czar,<br>wykorzystując komórkę co najmniej 3. kręgu, za każdy krąg powyżej 2. możesz objąć czarem jednego dodatkowego humanoida. Wszystkie cele zaklęcia muszą znajdować się w obrębie 9m od siebie.<br>";"Druid"
"2";"WIDZENIE W CIEMNOŚCI";" Przemiany, 2. krąg";" 1 akcja";" Dotyk";" W, S, M (agat lub szczypta suszonej marchwi)";" 8 godzin";" Dotykasz przychylnej istoty i zapewniasz jej możliwość widzenia w mroku. W czasie trwania czaru, ma ona zdolność widzenia w ciemności na odległość 18m.";"Druid"
"2";"WYKRYCIE PUŁAPEK";" Wieszczenie, 2. krąg";" 1 akcja";" 36 metrów";" W, S";" Natychmiastowy";" Wyczuwasz obecność wszystkich pułapek znajdujących się na linii wzroku w zasięgu czaru.<br><br>Na potrzeby tego zaklęcia, pułapką jest wszystko, co mogłoby wywołać nagły lub niespodziewany efekt odbierany jako szkodliwy lub niepożądany i zostało przygotowane specjalnie w tym celu. Dlatego przy pomocy tego czaru możesz wykryć obszar objęty alarmem bądź glifem strażniczym, albo mechaniczną zapadnię, ale nie naturalnie występujące słabe punkty, niestabilny sufit czy niewidoczne zapadlisko.<br><br>Zaklęcie jedynie ujawnia obecność pułapek - nie poznajesz położenia każdej pułapki, ale dowiadujesz się o ogólnej naturze stwarzanego przez nią zagrożenia.";"Druid"
"2";"WZMOCNIENIE CECHY";" Przemiany, 2. krąg";" 1 akcja";" Dotyk";" W, S, M (zwierzęce pióro lub futro)";" Koncentracja, do 1 godziny";" Wybierz jedną spośród dostępnych możliwości, istota zostanie objęta jej efektem na czas działania czaru. *Bycza siła. Cel ma ułatwienie w testach Siły, a jego udźwig ulega podwojeniu.<br>*Kocia zwinność. Cel ma ułatwienie w testach Zręczności oraz nie otrzymuje obrażeń od upadków z wysokości do 6m, o ile nie jest obezwładniony. <br>*Lisia przebiegłość. Cel ma ułatwienie w testach<br>Inteligencji. <br>*Orli majestat. Cel ma ułatwienie w testach Charyzmy. <br>*Niedźwiedzia wytrzymałość. Cel ma ułatwienie<br>w testach Kondycji i otrzymuje 2k6 tymczasowych PW, które znikają po zakończeniu działania czaru. <br>*Sowia mądrość. Cel ma ułatwienie w testach Mądrości. <br>Na wyższych kręgach. Jeśli rzucasz ten czar,<br>wykorzystując komórkę co najmniej 3. kręgu, zakażcie krąg powyżej 2. możesz objąć czarem dodatkową istotę.";"Druid"
"2";"WZROST KOLCÓW";" Przemiany, 2. krąg";" 1 akcja";" 45 metrów";" W, S, M (siedem ostrych cierni lub małych, zaostrzonych gałązek)";" Koncentracja, do 10 minut";" Ziemia w promieniu 6m wokół punktu wskazanego w zasięgu czaru, pokrywa się twardymi kolcami i cierniami. Obszar objęty czarem, na ten czas jego trwania, staje się trudnym terenem.<br><br>Poruszające się po niej istoty otrzymują 2k4 obrażeń kłutych za każde 1,5m przebytej odległości.<br><br>Przemiana ziemi jest zakamuflowana tak, by jej powierzchnia wyglądała naturalnie. Wszystkie stworzenia, które nie widzą obszaru w momencie rzucania czaru, przed wkroczeniem do niego muszą wykonać udany test Mądrości (Percepcja) o ST rzutu obronnego przeciw twoim czarom, by rozpoznać teren jako niebezpieczny.";"Druid"
"2";"ZWIERZĘCE ZMYSŁY";" Wieszczenie, 2. krąg (rytuał)";" 1 akcja";" Dotyk";" S";" Koncentracja, do 1 godziny";" Dotykasz przychylnego zwierzęcia. W czasie działania czaru, możesz przeznaczyć swoją akcję na skorzystanie z jego zmysłów wzroku i słuchy. Możesz to robić, dopóki nie przeznaczysz kolejnej akcji na powrót do swoich własnych zmysłów. W tym czasie, możesz korzystać ze specjalnych zmysłów tego zwierzęcia, ale twoje własne zmysły wzroku i słuchu nie działają.";"Druid"
"2";"ZWIERZĘCY POSŁANIEC";" Uroki, 2. krąg (rytuał)";" 1 akcja";" 9 metrów";" W,S,M (odrobina jedzenia)";" 24 godziny";" Za pomocą tego czaru jesteś w stanie przesłać wiadomość przy pomocy zwierzęcia. Wybierz Malutkie zwierzę, które widzisz w zasięgu czaru, takie jak nietoperz, sójka, bądź wiewiórka. Określasz znaną ci lokację oraz ogólnie opisujesz adresata, np.: “mężczyzna lub kobieta w mundurze straży miejskiej”, albo “rudowłosy krasnolud w szpiczastym kapeluszu”. Dołączasz do tego wiadomość złożoną maksymalnie z 25 słów. Zaklęte zwierzę podróżuje do miejsca przeznaczenia, przebywając ok. 80 km na dobę w przypadku latającego posłańca, bądź ok. 40 km na dobę w pozostałych przypadkach.<br><br>Gdy posłaniec osiągnie cel, dostarcza opisanej istocie twoją wiadomość, naśladując dźwięk twojego głosu. Posłaniec przemawia tylko do osoby odpowiadającej podanemu opisowi. Jeżeli w czasie trwania czaru nie zdoła dotrzeć do adresata, to wiadomość przepada, a zwierzę wraca do miejsca,w którym je zaczarowałeś.<br><br>Na wyższych kręgach. Jeśli rzucasz ten czar,<br>wykorzystując komórkę co najmniej 3. kręgu, za każdy krąg powyżej 2., przedłużasz działanie czaru o 48h.";"Druid"
"3";"OCHRONA PRZED ENERGIĄ";" Odpychanie, 3. krąg";" 1 akcja";" Dotyk";" W, S";" Koncentracja, do 1 godziny";" Podczas trwania czaru, przychylne stworzenie jest odporne na obrażenia wybranego przez ciebie typu: od dźwięku, elektryczności, kwasy, ognia, albo zimna.";"Druid"
"3";"ODDYCHANIE POD WODĄ";" Przemiany, 3. krąg (rytuał)";" 1 akcja";" 9 metrów";" W, S, M (krótka trzcina lub kawałek słomy)";" 24 godziny";" Czar umożliwia oddychanie pod wodą dziesięciu wybranym, przychylnym istotom, które widzisz w zasięgu czaru. Istoty te mogą też nadal oddychać w normalny sposób.";"Druid"
"3";"POZÓR ŚMIERCI";" Nekromancja, 3. krąg (rytuał)";" 1 akcja";" Dotyk";" W, S, M (szczypta cmentarnej ziemi)";" 1 godzina";" Dotykasz przychylnej istoty i wprowadzasz ją w stan nieodróżnialny od śmierci. <br><br>Przez cały czas trwania czaru, lub do chwili, w której wykorzystasz swoją akcję na dotknięcie celu i zakończenie czaru, istota nim objęta wydaje się martwa, co wykazuje każde zewnętrzne badanie oraz zaklęcie określające stan celu. Istota jest oślepiona i obezwładniona, a jej szybkość spada do 0. Ma odporność na wszelkie obrażenia poza psychicznymi. <br><br>Jeżeli cel był chory lub zatruty podczas rzucania zaklęcia, albo został zarażony lub zatruty w trakcie jego trwania, to działanie choroby bądź trucizny zostaje wstrzymane do zakończenia czaru.";"Druid"
"3";"PRZYWOŁANIE ZWIERZĄT";" Przywoływanie, 3. krąg";" 1 akcja";" 18 metrów";" W, S";" Koncentracja, do 1 godziny";" Przywołujesz duchy fey, które przybierają formę zwierząt i pojawiają się w wolnej przestrzeni widocznej w zasięgu czaru. Wybierz jedną z możliwości:<br>*1 bestia o stopniu wyzwania nie większym niż 2,<br>*2 bestie o stopniu wyzwania nie większym niż 1,<br>*4 bestie o stopniu wyzwania nie większym niż ½,<br>*8 bestii o stopniu wyzwania nie większym niż ¼.<br>Każde ze zwierząt jest jednocześnie traktowane jak fey. Znika, kiedy jego punkty wytrzymałości spadną do 0, lub gdy czar dobiega końca.<br>Istoty są przyjazne tobie i twoim sprzymierzeńcom. Wykonujesz za nie (grupowo) rzut na inicjatywę, gdyż będą działać w swojej turze. Są posłuszne twoim słownym poleceniom (nie wymagają one twojej akcji). Jeśli nie wydasz polecenia, przywołane istoty ograniczą się do obrony przed wrogami, ale nie będą wykonywać innych akcji. MP dysponuje statystykami przywołanych stworzeń. <br>Na wyższych kręgach. Jeśli rzucasz ten czar,<br>wykorzystując komórkę wyższego kręgu, przywołujesz więcej istot z wybranego wariantu: dwa razy więcej na 5. kręgu, trzy razy więcej na 7. kręgu i cztery razy więcej na 9. kręgu.";"Druid"
"3";"ROZMAWIENIE Z ROŚLINAMI";" Przemiany, 3. krąg";" 1 akcja";" Na siebie (okrąg o promieniu 9 metrów)";" W,S";" 10 minut";" Budzisz ograniczoną świadomość w roślinach znajdujących się do 9m od ciebie, obdarzając je zdolnością porozumiewania się z tobą i wypełniania twoich prostych poleceń. Możesz pytać rośliny oo wydarzenia, które miały miejsce w obrębie czaru w ciągu minionego dnia, i zdobywać informacje o przechodzących zwierzętach, pogodzie i innych zaistniałych okolicznościach.<br>Możesz również na czas działania czaru, zmienić trudny teren spowodowany roślinnością (zarośla, lub gęste podszycie), w zwyczajny teren albo odwrotnie. <br>Za zgodą MP, rośliny mogą być w stanie wykonać dla ciebie inne zadania. Zaklęcie nie umożliwia im wyciągnięcia z ziemi korzeni i przemieszczanie się, ale mogą one swobodnie poruszać gałęziami, łodygami i pnączami.<br>Jeśli na obszarze zaklęcia, znajduje się istota tylu roślinnego, to możesz się z nią porozumieć tak, jakbyście znali ten sam język, ale nie wywierasz na nią żadnego, magicznego wpływu. <br><br>Przy pomocy tego zaklęcia możesz spowodować, że rośliny stworzone oplątaniem, uwolnią uwięzioną istotę.";"Druid"
"3";"ROZPROSZENIE MAGII";" Odpychanie, 3. krąg";" 1 akcja";" 36 metrów";" W, S";" Natychmiastowy";" Wybierz jedną istotę, obiekt lub magiczny efekt w zasięgu czaru. Każde zaklęcie 3. lub niższego kręgu wpływające na nie, dobiega końca. Dla każdego zaklęcia z kręgu 4. lub wyższego, działającego na wybrany cel, wykonaj test swojej cechy bazowej o ST w wysokości 10 + krąg czaru. Po udanym rzucie, to zaklęcie zostaje rozproszone.<br><br>Na wyższych kręgach. Jeśli rzucasz ten czar,<br>wykorzystując komórkę co najmniej 4. kręgu, automatycznie rozpraszasz działające na wybrany cel zaklęcia z kręgu równego, lub mniejszego niż ten, z którego rzucasz<br>rozproszenie magii.";"Druid"
"3";"ROZROST ROŚLIN";" Przemiany, 3. krąg";" 1 akcja lub 8 godzin";" 45 metrów";" W, S";" Natychmiastowy";" Przy pomocy tego zaklęcia, wzmagasz siły życiowe roślinności na określonym obszarze. Możesz to zrobić na dwa sposoby, zapewniając jej natychmiastowe lub długoterminowe korzyści.<br>Jeśli rzucasz to zaklęcie, używając pojedynczej akcji podstawowej, wybierz punkt w jego zasięgu. Zwyczajna roślinność w promieniu 30 metrów od niego, stanie się wybujała i przerośnięta. Stworzenia podróżujące przez ten obszar, muszą zużyć 4 metry szybkości, by przemieścić się o 1 metr. <br><br>W obrębie obszaru obejmowanego zaklęciem, możesz wskazać dowolnego rozmiaru strefy, które wyłączasz spod jego działania.<br><br>Jeżeli rzucasz to zaklęcie przez 8 godzin, użyźniasz ziemię w okolicy. Roślinność w promieniu 750 metrów od wskazanego<br>punktu w zasięgu czaru, zostaje na 1 rok wyjątkowo odżywione. Podczas zbiorów, wyda dwa razy większe plony niż zwykle.";"Druid"
"3";"SPACER PO WODZIE";" Przemiany, 3. krąg rytuał";" 1 akcja";" 9 metrów";" W, S, M (kawałek korka)";" 1 godzina";" Ten czar zapewnia zdolność poruszania się po powierzchni cieczy lub podobnej substancji - wody, kwasu, błota, śniegu, ruchomych piasków, a nawet lawy - jakby była bezpiecznym stałym gruntem (choć istota chodząca po lawie wciąż może otrzymać obrażenia od gorąca). Możesz zapewnić tę zdolność na czas trwania czaru maksymalnie 10 przychylnym ci istotom, które widzisz w zasięgu.<br><br>Jeżeli obejmiesz zaklęciem istotę zanurzoną w płynie, to zostanie ona wyniesiona na powierzchnię z prędkością 18 m na rundę.";"Druid"
"3";"ŚCIANA WICHRU";" Wywoływanie, 3. krąg";" 1 akcja";" 36 metrów";" W, S, M (malutki wachlarz i egzotyczne pióro)";" Koncentracja, do 1 minuty";" Ze wskazanego miejsca na ziemi, położonego w zasięgu czaru, bucha ściana silnego wiatru. Możesz nadać jej wymiary do 15 metrów długości, do 4,5 metra wysokości i 30 centymetrów grubości oraz dowolnie ją ukształtować, o ile stworzy ciągłą<br>linię na poziomie gruntu. Ściana utrzymuje się przez cały czas działania zaklęcia. <br>Gdy ściana się pojawia, wszystkie stworzenia przebywające na jej obszarze muszą wykonać rzut obronny na Siłę. W przypadku niepowodzenia, otrzymują 3k8 obrażeń obuchowych. Udany rzut zmniejsza obrażenia o połowę. <br><br>Silny wiatr odpycha mgłę, dym i gaz. Małe i mniejsze latające istoty lub obiekty, nie mogą przedostać się przez ścianę. Luźne, lekkie rzeczy dostające się w obszar wiatru zostają porwane ku górze. Wystrzelone przez ścianę strzały, bełty i inne zwyczajne pociski, zostają odbite ku górze i automatycznie chybiają. (Nie dotyczy to głazów miotanych przez olbrzymy lub machiny oblężnicze oraz podobnych pocisków). Przez ścianę nie mogą przedostać się istoty w formie gazowej.";"Druid"
"3";"ŚNIEŻYCA";" Przywoływanie, 3. krąg";" 1 akcja";" 45 metrów";" W, S, M (szczypta pyłu lub kilka krople wody)";" Koncentracja (do 1 minuty)";" Marznący deszcz ze śniegiem pada podczas działania czaru na obszarze w kształcie cylindra o wysokości 6 metrów i promieniu 12 metrów, z punktem wyjścia we wskazanym miejscu w zasięgu czaru. Tworzy obszar pozbawiony<br>widoczności i gasi nieosłonięte płomienie.<br><br>Ziemia na obszarze czaru pokrywa się mokrym lodem, czyniącym z niej trudny teren. Stworzenie wchodzące w obszar czaru po raz pierwszy w swojej turze, lub rozpoczynające na nim swoją turę, musi wykonać rzut obronny na Zręczność. W przypadku niepowodzenia, zostaje powalone.<br><br>Istota rozpoczynająca swoją turę w obszarze objętym śnieżycą i koncentrująca się na zaklęciu, musi wykonać rzut obronny na Kondycję o ST rzutu obronnego przeciw twoim czarom. W przypadku niepowodzenia traci koncentrację.";"Druid"
"3";"ŚWIATŁO DNIA";" Wywoływanie, 3. krąg";" 1 akcja";" 18 metrów";" W, S";" 1 godzina";" Z wybranego punktu w zasięgu czaru, wyłania się kula jasnego światła o promieniu 18m.<br><br>Jeśli jako cel zaklęcia wskażesz przedmiot, który trzymasz, albo taki, którego nie trzyma ani nie nosi ktoś inny, to światło dobywa się z tego przedmiotu i przemieszcza się wraz z nim. Można je stłumić, zakrywając całkowicie świecący obiekt czymś nieprzezroczystym, np miską lub hełmem.<br><br>W przypadku nawet częściowego nakładania się obszaru tego czaru na obszar ciemności stworzonej zaklęciem kręgu 3. lub niższego, zaklęcie tworzące ciemność zostaje rozproszone.";"Druid"
"3";"WEZWANIE BŁYSKAWICY";" Przywoływanie, 3. krąg";" 1 akcja";" 36 metrów";" W, S";" Koncentracja, do 10 minut";" W punkcie, który widzisz w zasięgu czaru bezpośrednio nad sobą, przywołujesz burzową chmurę w kształcie walca o wysokości 3 metrów i promieniu 18 metrów. Zaklęcie nie udaje się, jeżeli nie możesz zobaczyć punktu, w którym powinna pojawić się chmura (np. przebywasz w zbyt małym pomieszczeniu). Gdy rzucasz zaklęcie, wybierasz punkt znajdujący się pod chmurą, który widzisz. Z chmury wylatuje piorun i uderza w wybrane miejsce. Każda istota znajdująca się do 1,5 metra od niego, musi wykonać rzut obronny na Zręczność. W przypadku niepowodzenia, otrzymuje 3k10 obrażeń od elektryczności. Udany rzut zmniejsza obrażenia o połowę. W każdej ze swoich tur do końca działania czaru, możesz wykorzystać swoją akcję, by ponownie wezwać błyskawicę i uderzyć ten sam lub inny punkt. Gdy rzucasz to zaklęcie, przebywając na zewnątrz przy burzowej pogodzie, możesz przejąć kontrolę nad istniejącą burzą, zamiast wywoływać nową. W takim wypadku, obrażenia z tego zaklęcia wzrastają o 1k10. Na wyższych kręgach. Jeśli rzucasz ten czar, wykorzystując komórkę co najmniej 4. kręgu, za każdy krąg powyżej 3. zwiększasz zadawane obrażenia o 1k10.";"Druid"
"3";"WTOPIENIE W KAMIEŃ";" Przemiany, 3. krąg (rytuał)";" 1 akcja";" Dotyk";" W, S";" 8 godzin";" Wkraczasz w kamienny blok lub powierzchnię, o ile są wystarczająco duże, by zmieścić cię w całości, i na czas trwania czaru stapiasz siebie i swoje wyposażenie z kamieniem. Wykorzystując swój ruch, wchodzisz w kamień w miejscu, którego możesz dotknąć. Nic nie zdradza twojej obecności w kamieniu i nie sposób cię wykryć niemagicznymi zmysłami. Gdy jesteś stopiony z kamieniem, nie widzisz, co dzieje się na zewnątrz niego, i masz utrudnienie we wszystkich testach Mądrości (Percepcja) przeprowadzonych, by usłyszeć dźwięki z zewnątrz. Jesteś świadom upływu czasu i możesz rzucać na siebie zaklęcia. Możesz przeznaczyć swój ruch na opuszczenie kamienia w miejscu, w którym do niego wszedłeś, co powoduje, ze czar się kończy. Poza tym, nie możesz się ruszać. Niewielkie uszkodzenia kamienia nie szkodzą ci, ale jego częściowe zniszczenie lub zmiana jego kształtu (powodująca, że przestaniesz się w nim mieścić), wypycha cię z kryjówki, zadając ci 6k6 obrażeń obuchowych. Całkowite zniszczenie kamienia (lub jego przemiana w inną substancję), również cię z niego usuwa i zadaje 50 obrażeń obuchowych. Wyparty z kamienia padasz powalony w wolnym miejscu, najbliższym punktu wejścia do kamienia.";"Druid"
"4";"BURZA LODU";" Wywoływanie, 4. krąg";" 1 akcja";" 90 metrów";" W, S, M (szczypta pyłu i kilka kropli wody)";" Natychmiastowy";" W ziemię uderzają twarde jak skała lodowe odłamki. Gradobicie ma kształt walca o promieniu 6 metrów i wysokości 12 metrów, którego punkt wyjścia znajduje się w zasięgu czaru.<br><br>Każde stworzenie w tym obszarze musi wykonać rzut obronny na Zręczność. W przypadku niepowodzenia otrzymuje 2k8 obrażeń obuchowych i 4k6 obrażeń od zimna. Udany rzut zmniejsza obrażenia o połowę.<br><br>Do końca twojej następnej tury, grad zmienia obszar działania czaru w trudny teren.<br><br>Na wyższych kręgach. Jeśli rzucasz ten czar,<br>wykorzystując komórkę co najmniej 5. kręgu, za każdy krąg powyżej 4. zwiększasz obrażenia obuchowe o 1k8.";"Druid"
"4";"CHWYTNE PNĄCZE";" Przywoływanie, 4. krąg";" 1 akcja dodatkowa";" 9 metrów";" W, S";" Koncentracja, do 1 minuty";" Przywołujesz pnącze wyrastające z podłoża w wybranym wolnym miejscu, które widzisz w zasięgu czaru. Następnie możesz rozkazać mu, by rzuciło się na widoczną dla ciebie istotę w obrębie 9 metrów od niego. Cel musi wykonać rzut obronny na Zręczność. W przypadku niepowodzenia, pnącze przyciąga go o 6 metrów do siebie.<br><br>W czasie trwania czaru możesz w każdej swojej turze w ramach akcji dodatkowej nakazać pnączu zaatakowanie tej samej lub innej istoty.";"Druid"
"4";"DOMINACJA NAD BESTIĄ";" Uroki, 4. krąg";" 1 akcja";" 18 metrów";" W, S";" Koncentracja, do 1 minuty";" Jeśli bestia nie zda rzutu obronnego na Mądrość, zostanie zauroczona. Ma ułatwienie w tym teście, jeśli akurat walczyła z tobą lub twoimi sojusznikami. Będąc przytomnym, możesz wydawać telepatyczne polecenia zauroczonemu zwierzęciu. Możesz posłużyć się prostym i ogólnym rozkazem, takim jak: ,,Zaatakuj go, ,,Pobiegnij tam'' czy ,,Przynieś tamten przedmiot. Jeśli zwierzę po wypełnieniu polecenia nie otrzyma kolejnego, będzie ograniczało się do obrony własnej. W ramach swojej akcji możesz przejąć nad, zauroczonym zwierzęciem całkowitą kontrolę. Do końca twojej następnej tury, będzie wykonywało tylko wybrane przez ciebie akcje i nie zrobi niczego bez twojej zgody. Możesz zmusić je też do podjęcia reakcji, ale musisz na to zużyć również swoją. Za każdym razem, gdy zniewolone zwierzę otrzyma obrażenia, ponawia rzut obronny na Mądrość. Jeśli odniesie sukces, czar się kończy. Na wyższych kręgach. Jeśli rzucasz ten czar, wykorzystując komórkę 5. kręgu, wydłużasz maksymalny czas trwania do 10 minut. Wykorzystując komórkę 6. kręgu, wydłużasz maksymalny czas trwania do 1 godziny, a wykorzystując komórkę kręgu 7. lub wyższego - do 8 godzin (przy koncentracji).";"Druid"
"4";"ILUZORYCZNY TEREN";" Iluzje, 4. krąg";" 10 minut";" 90 metrów";" W, S, M (kamień, gałązka i fragment rośliny zielonej)";" 24 godziny";" Sprawiasz, że naturalny teren w obrębie sześcianu o boku 45 metrów zaczyna wyglądać, pachnieć i brzmieć, jakby był naturalnym terenem innego typu. Pole albo droga mogą wydać się bagniskiem, wzgórzem, rozpadliną lub innym trudnym albo wręcz nieprzebytym terenem. Staw możesz skryć pod iluzją wonnej łąki, przepaść pokazać jako łagodny stok, skalisty wąwóz może zostać szeroką i równą drogą. Nie wpływasz na wygląd wytworzonych obiektów znajdujących się na tym obszarze, takich jak budowle czy wyposażenie, ani przebywających tam stworzeń.<br><br>Namacalnie teren nie ulega jednak zmianie, więc stworzenia wchodzące na jego obszar łatwo przejrzą iluzję. Jeśli różnica w dotyku nie jest oczywista, istota badająca uważnie iluzję może wykonać test Inteligencji (Śledztwo) o ST rzutu<br>obronnego przeciw twoim czarom, by przestać w nią wierzyć. Istota, która przejrzała iluzję, widzi jej nikły obraz nałożony na prawdziwy teren.";"Druid"
"4";"KAMIENNA SKÓRA";" Odpychanie, 4. krąg";" 1 akcja";" Dotyk";" W, S, M (diamentowy pył o wartości 100 sz, zużywany przez zaklęcie)";" Koncentracja, do 1 godziny";" Zaklęciem tym sprawiasz, że ciało dotkniętego przychylnego stworzenia staje się twarde jak głaz.<br><br>Do końca trwania czaru, jego cel jest odporny na niemagiczne obrażenia cięte, kłute i obuchowe.";"Druid"
"4";"KAMIENNY KSZTAŁT";" Przemiany, 4. krąg";" 1 akcja";" Dotyk";" W, S, M (miękka glina ukształtowana z grubsza na podobieństwo żądanego kształtu)";" Natychmiastowy";" Dotykasz kamiennego obiektu rozmiaru Średniego lub mniejszego, albo części kamienia, której żaden wymiar nie przekracza 1,5 metra, po czym dowolnie je formujesz.<br><br>Przykładowo, możesz uformować broń, posążek czy skrzynię z dużego kamienia albo otworzyć niewielkie przejście w murze, o ile nie jest on grubszy niż 1,5 metra.<br><br>Możesz także przekształcić kamienne drzwi lub ich futrynę tak, że nie dadzą się już otworzyć. Stworzony obiekt może mieć do dwóch zawiasów i zasuwę, ale bardziej zaawansowane elementy mechaniczne są niewykonalne.";"Druid"
"4";"KONTROLA WODY";" Przemiany, 4. krąg";" 1 akcja";" 90 metrów";" W, S, M (kropla wody, szczypta pyłu)";" Koncentracja, do 10 minut";" Kontrolujesz zbiornik wody mieszczący się w obrębie sześcianu o boku 30m. Wybierasz jeden efekt, w ramach akcji w swojej turze możesz go powtórzyć, albo wybrać inny.<br>*Powódź. <br>*Rozdzielenie wód. <br>*Zawrócenie biegu. <br>*Wir. <br><br>Dokładne działanie tej opcji, opisane na stronie 228.";"Druid"
"4";"ODNALEZIENIE ISTOTY";" Wieszczenie, 4. krąg";" 1 akcja";" Na siebie";" W, S, M (odrobina sierści psa gończego)";" Koncentracja, do 1 godziny";" Podajesz opis lub nazwę znanej ci istoty. <br> Wyczuwasz, w jakim kierunku się znajduje, o ile nie jest oddalona od ciebie o więcej niż 300 metrów. Jeśli się porusza, dowiadujesz się, w<br>jakim kierunku. <br><br>Przy pomocy tego czaru, możesz odnaleźć konkretną znaną istotę albo najbliższe stworzenie określonego rodzaju (na przykład człowieka albo jednorożca), o ile widziałeś takie przynajmniej raz z odległości do 9 metrów. Jeśli forma poszukiwanej istoty została zmieniona, na przykład zaklęciem polimorfia, to ten czar jej nie odnajdzie. Czar nie zadziała także, jeśli od poszukiwanej istoty dzieli cię płynąca woda o szerokości co najmniej 3 metrów (patrząc w<br>linii prostej).";"Druid"
"4";"OLBRZYMIE OWADY";" Przemiany, 4. krąg";" 1 akcja";" 9 metrów";" W,S";" Koncentracja, do 10 minut";" Dokonujesz przemiany nie więcej niż 10 stonóg, 3 pająków, 5 os albo 1 skorpiona znajdujących się w zasięgu czaru w ich olbrzymie odpowiedniki: olbrzymie stonogi, olbrzymie pająki, olbrzymie osy Lub olbrzymiego skorpiona.<br><br>Stworzenia wykonują twoje polecenia wydawane głosem. W walce działają co rundę w twojej turze, a ich akcje i ruch rozlicza MP, korzystając z ich statystyk. Przemienione zwierzę zachowuje swój rozmiar przez cały czas trwania czaru, chyba że wcześniej jego PW spadną do 0 lub wykorzystasz swoją akcję, by zakończyć efekt.<br><br>MP może pozwolić ci przemienić inne zwierzęta.<br>Przykładowo, przemieniona pszczoła mogłaby mieć te same statystyki co osa.";"Druid"
"4";"PLAGA";" Nekromancja, 4. krąg";" 1 akcja";" 9 metrów";" W, S";" Natychmiastowy";" Nekrotyczna energia oblepia istotę, którą wskażesz w zasięgu czaru, pozbawiając jej ciało wilgoci i żywotności. Cel zaklęcia musi wykonać rzut obronny na Kondycję. W przypadku niepowodzenia otrzymuje 8k8 obrażeń nekrotycznych. Udany rzut zmniejsza obrażenia o połowę. Zaklęcie nie ma wpływu na konstrukty i nieumarłych. Jeśli celem zaklęcia jest magiczna roślina lub stworzenie typu roślinnego, to rzut obronny przeprowadza z utrudnieniem, a zaklęcie zadaje maksymalne obrażenia. Jeżeli zaś celem zaklęcia jest zwykła roślina nierozumna, na przykład drzewo czy krzew, to nie wykonuje ona rzutu obronnego, lecz od razu więdnie i umiera.<br><br>Na wyższych kręgach: Jeśli rzucasz ten czar,<br>wykorzystując komórkę co najmniej 5. kręgu, za każdy krąg powyżej 4. zwiększasz obrażenia o l k8.";"Druid"
"4";"POLIMORFIA";" Przemiany, 4. krąg";" 1 akcja";" 18 metrów";" W, S, M (kokon gąsienicy)";" Koncentracja, do 1 godziny";" Polimorfujesz istotę. Musi ona wykonać udany rzut obronny na Mądrość, by tego uniknąć. <br>zaklęcie nie działa na zmiennokształtnych, ani istoty mające 0 PW. Zmiana formy trwa, dopóki działa czar, a jego cel żyje i ma więcej niż 0 PW. Nową formą może być postać jakiejkolwiek bestii o stopniu wyzwania nie większym od SW polimorfowanej istoty (lub od jej poziomu, jeśli nie posiada ona stopnia wyzwania). Statystyki nowej formy, w tym cechy umysłowe, zostaną zastąpione statystykami wybranej bestii. Zachowany zostaje tylko charakter i osobowość.<br>Polimorfowana istota przyjmuje punkty wytrzymałości swojej nowej formy. Wracając do swej naturalnej postaci. powraca też do poziomu punktów wytrzymałości, jaki miała przed przemianą. Jeśli powraca do naturalnej postaci w efekcie spadku punktów wytrzymałości do 0, to pozostałe obrażenia otrzymuje jej naturalna forma. Jeśli w efekcie jej naturalne PW nie spadną do 0, pozostaje przytomna. Akcje istoty ograniczone są możliwościami jej nowej formy, a przy tym nie może mówić, rzucać zaklęć ani przeprowadzać innych akcji wymagających użycia rąk lub mowy. Wyposażenie stapia się z nową formą i istota nie może z niego korzystać ";"Druid"
"4";"PRZYWOŁANIE LEŚNYCH ISTOT";" Przywoływanie, 4. krąg";" 1 akcja";" 18 metrów";" W,S,M (po jednej jagodzie ostrokrzewu na każdą przywoływaną istotę)";" Koncentracja, do 1 godziny";" Przywołujesz fey, by pojawiły się w wolnej przestrzeni, którą widzisz w zasięgu czaru. Wybierz jedną z możliwości:<br>*1 fey o stopniu wyzwania nie większym niż 2,<br>*2 fey o stopniu wyzwania nie większym niż 1,<br>*4 fey o stopniu wyzwania nie większym niż ½,<br>*8 fey o stopniu wyzwania nie większym niż ¼<br>Przywołana istota znika, kiedy jej punkty wytrzymałości spadają do 0, lub gdy czar dobiega końca. Istoty są przyjazne tobie i twoim sprzymierzeńcom. Wykonujesz za nie (grupowo) rzut na inicjatywę, gdyż będą działać w swojej turze. Są posłuszne twoim słownym poleceniom (nie wymagają one twojej akcji). Jeśli nie wydasz polecenia, przywołane istoty ograniczą się do obrony przed wrogami, ale nie będą wykonywać innych akcji. MP dysponuje statystykami przyzwanych istot. Na wyższych kręgach. Jeśli rzucasz ten czar, wykorzystując komórkę wyższego kręgu, przywołujesz więcej istot z wybranego wariantu: dwa razy więcej na 6. kręgu i trzy razy więcej na 8. kręgu.";"Druid"
"4";"PRZYWOŁANIE MNIEJSZYCH ŻYWIOŁAKÓW";" Przywołanie, 4. krąg";" 1 minuta";" 27 metrów";" W, S";" Koncentracja, do 1 godziny";" Wybierz jedną z możliwości przywołanych żywiołaków:<br>*1 żywiołak o stopniu wyzwania nie większym niż 2,<br>*2 żywiołaki o stopniu wyzwania nie większym niż 1,<br>*4 żywiołaki o stopniu wyzwania nie większym niż ½,<br>*8 żywiołaków o stopniu wyzwania nie większym niż ¼.<br>Przywołana istota znika, kiedy jej punkty wytrzymałości spadają do 0 lub gdy czar dobiega końca. Istoty są przyjazne tobie i twoim sprzymierzeńcom. Wykonujesz za nie (grupowo) rzut na inicjatywę, gdyż będą działać w swojej turze. Są posłuszne twoim słownym poleceniom (nie wymagają one twoich akcji). Jeśli nie wydasz<br>polecenia, przywołane istoty ograniczą się do obrony przed wrogami, ale nie będą podejmować innych akcji. MP dysponuje statystykami przywołanych żywiołaków. Na wyższych kręgach. Jeśli rzucasz ten czar, wykorzystując komórkę wyższego kręgu, przywołujesz więcej istot z wybranego wariantu: dwa razy więcej na 6. kręgu i trzy razy więcej na 8. kręgu.";"Druid"
"4";"SWOBODA RUCHU";" Odpychanie, 4. krąg";" 1 akcja";" Dotyk";" W, S, M (rzemień zawiązany wokół ramienia lub podobnej kończyny)";" 1 godzina";" Dotykasz przychylnej ci istoty. Przez czas trwania czaru na jej poruszanie się nie wpływa trudny teren, a zaklęcia i magiczne efekty nie mogą zredukować jej szybkości ani spowodować paraliżu lub unieruchomienia. <br><br>Istota będąca pod wpływem tego zaklęcia, może również zużyć 1.5 metra szybkości, aby automatycznie oswobodzić się z niemagicznych więzów, takich jak kajdany albo bycie pochwyconą.<br><br>Ponadto przebywanie pod wodą nie powoduje u niej kar do ruchu i ataków";"Druid"
"4";"ŚCIANA OGNIA";" Wywoływanie, 4. krąg";" 1 akcja";" 36 metrów";" W, S, M (niewielki kawałek fosforu)";" Koncentracja, do 1 minuty";" Na stałej powierzchni w zasięgu czaru, wywołujesz ścianę ognia. Możesz nadać jej formę płaskiego muru o długości do 18 metrów, wysokości do 6 metrów i grubości 30 centymetrów, albo pierścienia o średnicy do 6 metrów, wysokości do 6 metrów i grubości 30 centymetrów. Ściana jest nieprzezroczysta i istnieje przez cały czas działania zaklęcia.<br><br>W momencie pojawienia się ściany, każda istota<br>przebywająca w jej obszarze, musi wykonać rzut obronny na Zręczność. W przypadku niepowodzenia, otrzymuje 5k8 obrażeń od ognia. Udany rzut zmniejsza obrażenia o połowę. Jedna ze stron ściany, wybierana podczas rzucania zaklęcia, zadaje 5k8 obrażeń każdemu stworzeniu, które kończy swoją turę po tej stronie w odległości do 3 metrów od ściany. Tyle samo obrażeń otrzymuje stworzenie wchodzące w obszar ściany po raz pierwszy w swojej turze, lub kończące w nim swoją turę. Druga strona ściany ognia nie zadaje obrażeń.<br><br> Na wyższych kręgach. Jeśli rzucasz ten czar, wykorzystując komórkę co najmniej 5. kręgu, za każdy krąg powyżej 4. zwiększasz zadawane obrażenia o 1k8.";"Druid"
"4";"ZAMĘT";" Uroki, 4. krąg";" 1 akcja";" 27 metrów";" W, S, M (trzy łupiny orzecha)";" Koncentracja, do 1 minuty";" Czar atakuje i wypacza umysły. Każde stworzenie znajdujące się w obrębie sfery o promieniu 3 metrów, której punkt wyjścia leży we wskazanym przez ciebie miejscu w zasięgu czaru, musi wykonać rzut obronny na Mądrość. W Przypadku<br>niepowodzenia, ulega wpływowi zaklęcia. Stworzenie pod działaniem zamętu nie może używać reakcji i na początku każdej swojej tury musi rzutem k10 określić swoje zachowanie podczas tej tury. <br>1: Nie wykonuje w tej turze żadnej akcji,swój ruch przeznacza na podążanie w przypadkowym kierunku. Aby go określić, rzuć k8, przypisując każdej ścianie kości konkretny kierunek.<br>2-6: Istota w tej turze, rusza się i nie wykonuje żadnych akcji.<br>7-8: Istota wykorzystuje swoją akcję, by zaatakować wręcz losowe stworzenie w swojej strefie kontroli. Jeśli nie ma żadnego celu w strefie kontroli, to w tej turze nie robi nic.<br>9-10: Istota działa i porusza się normalnie.<br>Pod koniec każdej swojej tury, może wykonać rzut obronny na Mądrość. Sukces oznacza wyzwolenie się...<br><br>Podręcznik gracza str.284";"Druid"
"5";"BARIERA PRZECIW ŻYCIU";" Odpychanie, 5. krąg";" 1 akcja";" Na siebie (okrąg o promieniu 3 metrów)";" W,S";" Koncentracja, do 1 godziny";" Na czas działania czaru, otaczasz się połyskliwą barierą o promieniu 3 metrów, która porusza się wraz z tobą i odgradza cię od istot innych niż nieumarli i konstrukty. <br><br>Powstrzymywana istota nie może przejść ani sięgnąć przez barierę. Może jednak atakować chronione osoby magią, bronią dalekosiężną lub dystansową.<br><br>Czar wygasa, jeśli twój ruch powoduje, że powstrzymywana istota jest zmuszona przejść przez barierę.";"Druid"
"5";"GEAS";" Uroki, 5. krąg";" 1 minuta";" 18 metrów";" W";" 30 dni";" Nakładasz magiczny nakaz na stworzenie. Nakaz ten może dotyczyć wykonanie czegoś albo powstrzymanie się przed wykonaniem czegoś. Jeśli cel zaklęcia cię rozumie, wykonuje rzut obronny na Mądrość. W przypadku niepowodzenia, zostaje zauroczony na czas trwania zaklęcia. Otrzymuje 5k10 obrażeń psychicznych za każdym razem, kiedy działa w<br>sposób przeciwny do twojego polecenia, ale nie częściej niż raz dziennie. Istota, która nie rozumie twojego nakazu, nie zostaje nim objęta.<br><br>Możesz wydać dowolny nakaz z wyjątkiem działań, które prowadziłyby do śmierci zauroczonej istoty. Sformułowanie samobójczego nakazu, kończy działanie czaru. Możesz odwołać ten czar w ramach swojej akcji. Można go rozproszyć również zaklęciem: zdjęcie klątwy, większe przywrócenie lub życzenie.<br><br>Na wyższych kręgach. Jeśli rzucasz ten czar,<br>wykorzystując komórkę 7. lub 8. kręgu, wydłużasz czas trwania do 1 roku. Przy wykorzystaniu komórki 9. kręgu, zaklęcie trwa póki nie zostanie zakończone jednym z wyżej wymienionych czarów.";"Druid"
"5";"MASOWE LECZENIE RAN";" Wywoływanie, 5. krąg";" 1 akcja";" 18 metrów";" W, S";" Natychmiastowy";" Wskazujesz punkt w zasięgu czaru, z którego rozchodzi się fala uzdrawiającej energii. Wybierz do 6 istot znajdujących się w sferze o promieniu 9m ze środkiem we wskazanym miejscu. Każda z nich odzyskuje punkty wytrzymałości w liczbie 3k8 + twój modyfikator z cechy bazowej. Zaklęcie nie działa na konstrukty i nieumarłych. <br><br>Na wyższych kręgach. Jeśli rzucasz ten czar,<br>wykorzystując komórkę co najmniej 6. kręgu, za każdy krąg powyżej 5., przywracasz dodatkowo 1k8PW.";"Druid"
"5";"KONTAKT Z NATURĄ";" Wieszczenie, 5. krąg (rytuał)";" 1 minuta";" Na siebie";" W, S";" Natychmiastowy";" Osiągasz chwilowy stan jedności z naturą i zyskujesz dzięki niej wiedzę o okolicy. Pod otwartym niebem, czar zapewnia ci wiedzę o terenie w promieniu 4.5 kilometra. W jaskiniach i innych naturalnych formacjach podziemnych promień ograniczony jest do 90 metrów. Zaklęcie nie działa w miejscach, w których naturalne formacje zastąpiono wytworzonymi konstrukcjami, na przykład w lochach i miastach.<br>Natychmiast poznajesz do trzech związanych z okolicą faktów, które dotyczą wybranych tematów spośród następujących:<br>*Teren i zbiorniki wodne,<br>*Dominujące minerały, zwierzęta, roślinność lub ludność,<br>*Potężni niebianie, fey, czarty, żywiołaki lub nieumarli,<br>*Wpływy innych sfer egzystencji,<br>*Budowle.<br>Przykładowo, możesz określić na danym obszarze miejsce przebywania potężnego nieumarłego, lokalizację większych źródeł wody pitnej oraz położenie pobliskich miast.";"Druid"
"5";"PLAGA OWADÓW";" Przywoływanie, 5. krąg";" 1 akcja";" 90 metrów";" W, S, M (kilka kryształków cukru, ziaren zboża,trochę tłuszczu)";" Koncentracja, do 10 minut";" Chmara wygłodniałej szarańczy kotłuje się, wypełniając sferę o promieniu 6m, z punktem wyjścia wskazanym przez ciebie w zasięgu czaru. Sfera rozprzestrzenia się za rogi i załomy. Szarańcza pozostaje w niej przez czas działania czaru, tworząc trudny teren o ograniczonej widoczności.<br><br>W momencie pojawiania się chmary szarańczy, każda znajdująca się w jej obrębie istota, musi wykonać rzut obronny na Kondycję. W przypadku niepowodzenia, otrzymuje 4k10 obrażeń kłutych. Udany rzut obronny zmniejsza obrażenia o połowę. Rzut obronny musi także wykonać każde stworzenie wchodzące w obszar czaru po raz pierwszy w swojej turze lub kończące w nim swoją turę.<br><br>Na wyższych kręgach. Jeśli rzucasz ten czar,<br>wykorzystując komórkę co najmniej 6. kręgu, za każdy krągpowyżej 5. zwiększasz zadawane obrażenia o 1k10.";"Druid"
"5";"PRZEBUDZENIE";" Przemiany, 5. krąg";" 8 godzin";" Dotyk";" W,SM, (agat o wartości co najmniej 1000sz, zużywany)";" Natychmiastowy";" Przez czas rzucania czaru, śledzisz magiczne ścieżki rozpięte wewnątrz drogocennego klejnotu. Następnie dotykasz zwierzęcia lub rośliny w rozmiarze Wielkim lub mniejszym. Cel zaklęcia musi mieć wartość Inteligencji nie większą niż 3 lub w ogóle nie posiadać tej cechy. Zyskuje on Inteligencję 10 wraz ze zdolnością mowy w jednym ze znanych ci języków. Jeżeli celem zaklęcia jest roślina, zyskuje zmysły analogiczne do ludzkich oraz możliwość poruszania kończynami, korzeniami, pnączami i podobnymi częściami. Statystyki odpowiednie dla przebudzonej rośliny wybiera MP, np. statystyki przebudzonego drzewa lub krzewu. <br><br>Przebudzona bestia lub roślina jest tobą zauroczona przez 30 dni lub do czasu, w którym ty lub twoi towarzysze wyrządzicie jej jakąkolwiek krzywdę.<br><br>Gdy kończy się zauroczenie, przebudzona istota decyduje, czy pozostanie ci przyjazna, zależnie od tego, jak ją traktowałeś. ";"Druid"
"5";"PRZYWOŁANIE ŻYWIOŁAKA";" Przywoływanie, 5. krąg";" 1 minuta";" 27 metrów";" W, S, M (płonące kadzidło dla powietrza, miękka glina dla ziemi, siarka i fosfor dla ognia lub woda z piaskiem dla wody)";" Koncentracja, do 1 godziny";" Wybierz obszar powietrza, ziemi, wody lub ognia<br>wypełniające sześcian o boku 3 metrów. Żywiołak o stopniu wyzwania nie większym niż 5, odpowiadający wybranemu obszarowi, pojawia się w obrębie 3 metrów. Istota znika, kiedy jego PW spadną do 0. Istota jest przyjazna tobie i twoim sprzymierzeńcom. Wykonujesz za nią rzut na inicjatywę. Jest posłuszna twoim poleceniom, dopóki są zgodne z jej charakterem. Jeśli nie wydasz jej polecenia, ogranicza się do obrony przed wrogami. Gdy twoja koncentracja zostanie przerwana, żywiołak nie znika, lecz tracisz nad nim kontrolę. Stworzenie staje się wrogie tobie i twoim sprzymierzeńcom, może też was zaatakować. Nie możesz odwołać niekontrolowanej istoty, znika dopiero godzinę po przywołaniu. Na wyższych kręgach. Jeśli rzucasz ten czar, wykorzystując komórkę co najmniej 6. kręgu, za każdy krąg powyżej 5. maksymalny stopień wyzwania przywołanej istoty wzrasta o 1.";"Druid"
"5";"REINKARNACJA";" Przemiany, 5. krąg";" 1 godzina";" Dotyk";" W,S,M (rzadkie olejki i maści o wartości co najmniej 1000sz, zużywane)";" Natychmiastowy";" Dotykasz zwłok lub fragmentu ciała martwego humanoida. Jeśli umarł najdalej 10 dni temu, zaklęcie tworzy dla niego nowe, dorosłe ciało i wzywa duszę do jego zamieszkania. Jeśli dusza nie jest wolna ani chętna, zaklęcie się nie udaje. Nowe ciało jest tworem magii, więc z dużym prawdopodobieństwem będzie ono przynależeć do innej rasy. MP rzuca k100 i sprawdza, jaką formę przyjmie:<br>01-04 – Drakon, 47-52 – Gnom skalny<br>05-13 – Krasnolud wzgórzowy 53-56 – Półelf<br>14-21 – Krasnolud górski, 57- 60 – Półork<br>22-25 –Elf mroczny, 61-68–Niziołek lekkostopy<br>26-34 – Elf wysoki, 69-76 – Niziołek hardy<br>35- 42 – Elf leśny, 77-96 – Człowiek<br>43-46 – Gnom leśny,  97 -100 - Diabelstwo<br>Istota po reinkarnacji pamięta swoje poprzednie życie i doświadczenia. Zachowuje posiadane wcześniej umiejętności, przy czym wymienia swoją rasę i zmienia cechy i zdolności rasowe.";"Druid"
"5";"SFERALNE WIĄZANIE";" Odpychanie, 5. krąg";" 1 godzina";" 18 metrów";" W, S, M (klejnot o wartości co najmniej 1000 sz, zużywany przez zaklęcie)";" 24 godziny";" Zmuszasz czarta, fey, niebianina lub żywiołaka, by ci służył. Musi przebywać w zasięgu czaru. Pod koniec rzucania, cel wykonuje rzut obronny na Charyzmę. W przypadku niepowodzenia,zostaje zmuszony,by ci służyć. Jeżeli jest istotą przywołaną lub stworzoną za pomocą innego zaklęcia, to jego działanie zostaje wydłużone o czas sferalnego wiązania. Możesz rozkazać jej towarzyszyć ci, strzec jakiegoś miejsca albo dostarczyć wiadomość. Jest posłuszna twoim rozkazom, ale jeśli jest ci wroga, to będzie próbowała interpretować twoje wytyczne na swoją korzyść. Jeżeli istota ukończy wypełnianie twoich rozkazów przed końcem czaru, to wraca do ciebie powiadomić cię o tym, o ile znajduje się w tej samej sferze egzystencji. Jeżeli znajdujesz się w innej sferze, to istota powraca w miejsce swego magicznego związania i pozostaje tam do zakończenia czaru...<br><br>Podręcznik gracza str.262";"Druid"
"5";"SPACER MIĘDZY DRZEWAMI";" Przywoływanie, 5. krąg";" 1 akcja";" Na siebie";" W, S";" Koncentracja, do 1 minuty";" Zyskujesz możliwość wejścia w drzewo i przemieszczenia z niego do wnętrza innego drzewa tego samego gatunku, rosnącego nie dalej niż 150 metrów. Oba drzewa muszą być żywe i co najmniej twojego rozmiaru.<br><br>Aby wejść do drzewa, musisz wykorzystać 1,5 metra ruchu. Automatycznie poznajesz umiejscowienie wszystkich innych drzew tego samego gatunku w obrębie 150 metrów, a w ramach ruchu związanego z wejściem do drzewa możesz przejść do jednego z nich albo wyjść z tego, w którym przebywasz. Pojawiasz się w wybranym miejscu 1,5 metra od docelowego drzewa, co również kosztuje cię 1,5 metra ruchu.<br>Jeśli nie masz już możliwości ruchu, pojawiasz się 1,5 metra od drzewa, do którego wszedłeś.<br><br>Podczas działania czaru, możesz przemieścić się w ten sposób raz na rundę. Każdą turę musisz zakończyć poza drzewem.";"Druid"
"5";"ŚCIANA KAMIENIA";" Wywoływanie, 5. krąg";" 1 akcja";" 36 metrów";" W, S, M (mała granitowa kostka)";" Koncentracja, do 10 minut";" Tworzysz magiczny mur o grubości 15 cm, który składa się z dziesięciu przylegających segmentów o wymiarach 3x3m. Możesz stworzyć też segmenty 3x6cm, grubości 7,5cm. Jeśli w momencie pojawiania się muru, przechodzi przez to miejsce istota, zostaje odepchnięta na jedną ze stron muru. Nie można otoczyć murem istoty, która zda rzut obronny na Zręczność i może ona w ramach reakcji przemieścić się. Ściana nie może przechodzić przez zajęte miejsca i musi łączyć się z istniejącą formą kamienną. Jeżeli tworzysz odcinek muru o długości większej niż 6m, musisz zmniejszyć o połowę rozmiar każdego segmentu, by stworzyć wzmocnienia. Możesz z grubsza uformować w murze blanki, np. strzelnicę.<br>Ścianę można uszkodzić lub zrobić w niej wyłom. Każdy segment posiada KP 15 oraz po 30 PW za każde 2,5 cm grubości. Segment, którego PW spadają do 0, zostaje zniszczony i może spowodować zapadnięcie się sąsiadujących segmentów, zależnie od decyzji MP. Jeśli utrzymasz koncentrację na zaklęciu przez 10 minut, to ściana utrwali się i nie będzie można jej rozproszyć. W innym przypadku zniknie, gdy zaklęcie dobiegnie końca.";"Druid"
"5";"WIĘKSZE PRZYWRÓCENIE";" Odpychanie, 5. krąg";" 1 akcja";" Dotyk";" W, S, M (diamentowy pył o wartości co najmniej 100 sz, zużywany przez zaklęcie)";" Natychmiastowy";" Napełniasz dotkniętą istotę pozytywną energią i odwracasz jeden z osłabiających ją efektów, Możesz zmniejszyć jeden poziom jej zmęczenia albo zakończyć działanie jednego z poniższych efektów:<br><br>*Jednego efektu, który z spowodował jej zauroczenie lub skamienienie,<br><br>*Jednej klątwy, włączając w to połączenie z przeklętym magicznym przedmiotem,<br><br>*Dowolnego zmniejszenia wartości jednej z jej cech,<br><br>*Jednego efektu zmniejszającego jej maksymalne punkty wytrzymałości.";"Druid"
"5";"WIZJA";" Wieszczenie, 5. krąg";" 10 minut";" Na siebie";" W, S, M (fokus o wartości co najmniej 1000sz, taki jak kryształowa kula, srebrne lustro, lub misa z wodą święconą)";" Koncentracja, do 10 minut";" Jesteś w stanie zobaczyć i usłyszeć określoną istotę przebywającą w tej samej sferze egzystencji co ty. Cel musi wykonać rzut obronny na Mądrość, modyfikowany stopniem twojej znajomości celu i rodzajem fizycznego powiązania, które z nim posiadasz( str. 278). Jeżeli cel zdaje sobie sprawę, że rzucasz ten czar, może dobrowolnie poddać się obserwacji i ponosi automatyczną porażkę w rzucie obronnym. Udany rzut obronny = wieszczenie się nie udało, a ty nie możesz ponowić go na tej istocie przez najbliższe 24 godziny. W przypadku nieudanego rzutu, czar tworzy niewidzialny czujnik w obrębie 3 metrów od celu. Możesz patrzeć i słuchać za jego pośrednictwem, tak jakbyś tam był...<br><br>Podręcznik gracza str.279";"Druid"
"5";"ZARAZA";" Nekromancja, 5. krąg";" 1 akcja";" Dotyk";" W, S";" 7 dni";" Wykonaj atak wręcz czarem przeciw stworzeniu w twojej strefie ataku. Przy trafieniu cel zostaje zatruty. Na koniec każdej swojej tury, zatruty cel zaklęcia musi wykonać rzut obronny na Kondycję. Po trzecim sukcesie, przestaje być zatruty, a zaklęcie się kończy. Jeśli cel poniesie trzy porażki, przestaje być zatruty, a ty wybierasz jedną z poniższych chorób. Cel ma ją do końca czasu trwania czaru. Zaklęcie wywołuje naturalnie występującą chorobę, zatem działają na nią zaklęcia i magiczne efekty usuwające choroby lub łagodzące ich przebieg. <br>*Leproza gnilna<br>*Ogień umysłu<br>*Plugawica <br>*Wstrząsówka<br>*Zaćma bolesna <br>*Wybroczność<br><br>Podręcznik gracza str.285";"Druid"
"6";"ODNALEZIENIE ŚCIEŻKI";" Wieszczenie, 6. krąg";" 1 minuta";" Na siebie";" W, S, M (zestaw do wróżenia o wartości co najmniej 100sz – np.: kości, pałeczki z kości słoniowej, karty, zęby lub rzeźbione runy oraz przedmiot z miejsca, którego poszukujesz)";" Koncentracja, do 1 dnia";" Ten czar umożliwia ci znalezienie najkrótszej i najprostszej fizycznej drogi do określonej, znanej ci lokacji, położonej w twojej sferze egzystencji. Jeśli jako cel wskażesz miejsce znajdujące się w innej sferze, ruchome (na przykład latającą fortecę) bądź niekonkretne (na przykład ,,leże zielonego smoka), to zaklęcie nie zadziała.<br><br>Póki przebywasz w tej samej sferze egzystencji, co lokacja docelowa, przez cały czas trwania czaru masz świadomość, w jakim kierunku oraz jak daleko leży to miejsce. Gdy w trakcie podroży do niego musisz wybierać drogę, automatyczne wiesz, która jest najkrótsza i najprostsza, choć niekoniecznie najbezpieczniejsza.";"Druid"
"6";"PODRÓŻ PRZEZ ROŚLINY";" Przywoływanie, 6. krąg";" 1 akcja";" 3 metry";" W, S";" 1 runda";" Przy pomocy tego czaru, tworzysz magiczne powiązanie między Dużą lub większą, nieruchomą rośliną w zasięgu czaru, i inną, położoną dowolnie daleko w tej samej sferze egzystencji.<br><br>Aby móc wybrać roślinę docelową, musiałeś ją kiedyś chociaż raz zobaczyć lub dotknąć.<br><br>Przez czas trwania czaru, każda istota może wkroczyć do zaczarowanej rośliny i wyjść z powiązanej z nią rośliny w miejscu docelowym, co kosztuje ją 1,5m szybkości.";"Druid"
"6";"PORUSZENIE ZIEMI";" Przemiany, 6. krąg";" 1 akcja";" 36 metrów";" W, S, M (żelazne ostrze i woreczek z mieszanką gliny,iłu i piasku)";" Koncentracja, do 2 godzin";" Podczas działania czaru możesz dowolnie kształtować ziemię, piasek lub glinę na obszarze do 12 metrów. Rozmiar żadnej ze stosowanych zmian (kolumna, obniżenie gruntu, stworzenie lub wypełnienie rowu, wzniesienie lub zrównanie z powierzchnią ziemi muru, itp.), nie może przekraczać połowy największego wymiary tego obszaru. Jeśli zatem obejmujesz czarem kwadrat o boku 12 metrów, możesz wznieść na nim kolumnę o wysokości do 6 metrów. Zmiany<br>trwają 10 minut. Na początku każdych 10 minut spędzonych na koncentracji na tym zaklęciu, możesz wybrać nowy obszar, który chcesz zmienić. Teren przekształca się powoli, zatem w ten sposób raczej nie zdołasz nikogo uwięzić ani zranić poruszającą się ziemią.<br><br>Zaklęcie nie może wpływać na naturalny kamień lub kamienne konstrukcje. Skały i struktury dopasowują się do zmienionego obszaru. Jeżeli przekształcenie terenu spowodowałoby niestabilność struktury, to może się ona zawalić. Czarem tym nie wpłyniesz też bezpośrednio na rośliny. Przemieszczają się one wraz z poruszaną ziemią.";"Druid"
"6";"PROMIEŃ SŁOŃCA";" Wywoływanie, 6. krąg";" 1 akcja";" Na siebie (prosta o długości 18 metrów)";" W, S, M (szkło powiększające)";" Koncentracja, do 1 minuty";" Snop jasnego światła wystrzeliwuje z twojej dłoni, tworząc prostą o długości 18 metrów i szerokości 1,5 metra. Każde stworzenie na jego drodze musi wykonać rzut obronny na Kondycję. W przypadku niepowodzenia otrzymuje 6k8 obrażeń od światłości i zostaje oślepione do twojej następnej tury. Przy udanym rzucie, otrzymuje połowę tych obrażeń i nie zostaje oślepione. Nieumarli i szlamy mają utrudnienie w tym rzucie obronnym.<br><br>W czasie działania czaru, w każdej swojej turze możesz wykorzystać akcję, aby stworzyć nowy snop światła.<br><br>Podczas trwania czaru, w twojej dłoni świeci odrobiona olśniewającego blasku. Zapewnia ona jasne światło o promieniu 9 metrów oraz słabe w promieniu kolejnych 9 metrów. Jest to światło słoneczne.";"Druid"
"6";"PRZYWOŁANIE FEY";" Przywoływanie, 6. krąg";" 1 minuta";" 27 metrów";" W, S";" Koncentracja, do 1 godziny";" Przywołujesz fey o stopniu wyzwania nie większym niż 6, albo ducha fey, który przyjmuje formę zwierzęcia o stopniu wyzwania nie większym niż 6. Istota pojawia się w wolnej przestrzeni, którą widzisz w zasięgu czaru. Znika, kiedy jej PW spadają do 0, lub gdy czar dobiega końca. Istota jest przyjazna tobie i twoim sprzymierzeńcom. Wykonujesz za nią rzut na inicjatywę, gdyż działa w swoich własnych turach. Jest posłuszna twoim słownym poleceniom, dopóki są zgodne z jej charakterem (nie zużywają one twojej akcji). Jeśli nie wydasz polecenia, przywołana istota ogranicza się do obrony przed wrogami, ale nie wykonuje innych akcji. Gdy twoja koncentracja zostanie przerwana, fey nie znika, lecz tracisz nad nim kontrolę. Stworzenie staje się wrogie tobie i twoim sprzymierzeńcom, może też was zaatakować. Nie możesz odwołać niekontrolowanej istoty - znika ona dopiero godzinę po przywołaniu. MP dysponuje statystykami przywołanych fey. Na wyższych kręgach. Jeśli rzucasz ten czar, wykorzystując komórkę co najmniej 7. kręgu, za każdy krąg powyżej 6., maksymalny stopień wyzwania przywołanej istoty wzrasta o 1.";"Druid"
"6";"SPACER NA WIETRZE";" Przemiany, 6. krąg";" 1 minuta";" 9 metrów";" W,S,M (ogień i woda święcona)";" 8 godzin";" Ty i maksymalnie 10 przychylnych istot, które widzisz w zasięgu czaru, przyjmujecie na czas jego działania formę gazową i wygląd strzępów obłoku. Przebywając w tej formie, latasz z szybkością 90 metrów i masz odporność na obrażenia z niemagicznych broni. Jedyne akcje, jakie możesz wykonać w tej formie to Sprint, albo powrót do swojej normalnej postaci. Zmiana trwa 1 minutę, podczas której jesteś obezwładniony i nie możesz wykonywać ruchu. Do końca trwania czaru, możesz powrócić do formy gazowej, co również wymaga jednominutowej przemiany.<br><br>Jeżeli w momencie zakończenia zaklęcia latasz w formie gazowej, to przez 1 minutę zniżasz się z szybkością 18 metrów na runę, aż do bezpiecznego lądowania. Jeżeli nie możesz<br>w ten sposób wylądować w ciągu minuty, to spadasz z pozostałej do przebycia wysokości.";"Druid"
"6";"ŚCIANA CIERNI";" Przywoływanie, 6. krąg";" 1 akcja";" 36 metrów";" W,S, M (garść kolców)";" Koncentracja, do 10 minut";" Przywołujesz ścianę twardych, sprężystych i splątanych zarośli, najeżonych ostrymi jak brzytwa cierniami. Ściana pojawia się na stałej powierzchni. Możesz stworzyć ścianę o długości do 18 metrów, wysokości do 10 metrów i grubości 1,5 metra, albo okrąg o średnicy do 6 metrów, wysokości do 6 metrów i grubości 1,5 metra. Ściana blokuje pole widzenia.<br>W momencie pojawienia się ściany, każde stworzenie na jej obszarze musi wykonać rzut obronny na Zręczność. W przypadku niepowodzenia, otrzymuje 7k8 obrażeń kłutych. Udany rzut zmniejsza obrażenia o połowę. Stworzenie może poruszać się przez ścianę, choć jest to spowolnione i bolesne. Na każdy przebyty metr, musi poświęcić 4 metry szybkości. Ponadto, wchodząc w obszar ściany pierwszy raz w swojej turze lub kończąc w nim swoją turę, musi wykonać rzut obronny na Zręczność. W przypadku niepowodzenia, otrzymuje 7k8 obrażeń kłutych. Udany rzut zmniejsza obrażenia o połowę. <br><br>Na wyższych kręgach. Jeśli rzucasz ten czar wykorzystując komórkę co najmniej 7. kręgu, za każdy krąg powyżej 6., zwiększasz oba typy obrażeń o 1k8.";"Druid"
"6";"UCZTA BOHATERÓW";" Przywoływanie, 6. krąg";" 10 minut";" 9 metrów";" W, S, M (misa wysadzana klejnotami o wartości co najmniej 1000sz, zużywana przez zaklęcie)";" Natychmiastowy";" Urządzasz wspaniały bankiet, pełen doskonałego jadła i napitku. Uczta trwa 1 godzinę, po czym wszystko znika. Korzystne efekty posiłku zaczynają działać dopiero po upływie tej godziny. W uczcie może uczestniczyć 12 istot.<br><br>Uczestnik uczty zyskuje kilka korzyści:<br>*Zostaje uleczony ze wszystkich chorób i trucizn,<br>*Staje się niepodatny na trucizny i przerażenie,<br>*Ma ułatwienie we wszystkich rzutach obronnych na Mądrość.<br><br>Jego maksymalne PW zwiększają się o 2k10, odzyskuje także taką samą liczbę PW.<br><br>Efekty uczty utrzymują się przez 24 godziny.";"Druid"
"6";"ULECZENIE";" Wywoływanie, 6. krąg";" 1 akcja";" 18 metrów";" W, S";" Natychmiastowy";" Wybierasz stworzenie, które widzisz w zasięgu czaru. Opływa je strumień pozytywnej energii sprawiający, ze odzyskuje ono 70 PW.<br><br>Oprócz tego, czar usuwa ślepotę, głuchotę i wszystkie choroby leczonej istoty.<br><br>Zaklęcie nie działa na konstrukty i nieumarłych.<br><br>Na wyższych kręgach. Jeśli rzucasz ten czar, wykorzystując komórkę co najmniej 7. kręgu, za każdy krąg powyżej 6. zwiększasz liczbę przywracanych PW o 10.";"Druid"
"7";"BURZA OGNIA";" Wywoływanie, 7. krąg";" 1 akcja";" 45 metrów";" W, S";" Natychmiastowy";" Burza ryczących płomieni pojawia się we wskazanym przez ciebie miejscu w zasięgu czaru. Obszar działania czaru składa się z maksymalnie dziesięciu 3-metrowych sześcianów, które możesz dowolnie rozmieścić, przy czym każdy sześcian musi stykać się co najmniej z jedną ścianą z innym sześcianem. Istoty na obszarze działania czaru, muszą wykonać rzut obronny na Zręczność. W przypadku niepowodzenia, otrzymują 7k10 obrażeń od ognia. Udany rzut zmniejsza obrażenia o połowę.<br><br>Ogień uszkadza obiekty na obszarze działania czaru i podpala łatwopalne przedmioty, które nie są przez kogoś trzymane lub noszone. Możesz zadecydować, czy na jego działanie będą podatne rośliny.";"Druid"
"7";"MIRAŻ";" Iluzje, 7. krąg";" 10 minut";" Wzroku";" W, S";" 10 dni";" Sprawiasz, że teren na obszarze nie większym niż kwadrat o boku 1,5 km w wyglądzie, brzmieniu, zapachu, a nawet dotyku, robi wrażenie terenu innego rodzaju. Pole albo droga mogą wydać się bagniskiem, wzgórzem, rozpadliną lub innym trudnym albo wręcz nieprzebytym terenem. Staw możesz skryć pod iluzją wonnej łąki, przepaść pokazać jako łagodny stok, skalisty wąwóz może zostać szeroką i równą drogą. W ten sam sposób możesz zmieniać wygląd budynków, lub stworzyć ich iluzje tam, gdzie ich nie było. Zaklęciem tym jednak nie możesz zmienić, ukryć ani dodać żadnych stworzeń.<br><br>Iluzja oszukuje słuch, wzrok, dotyk i węch, dlatego może zmienić zwyczajną okolicę w trudny teren (i odwrotnie), bądź w inny sposób spowolnić podróż po nim. Elementy iluzorycznego terenu (jak kamień czy patyk) natychmiast znikają, jeśli usunie się je z obszaru działania czaru.<br><br>Istota ze zdolnością prawdziwego widzenia potrafi przejrzeć iluzję i widzi prawdziwy teren, lecz wszystkie pozostałe iluzoryczne wrażenia pozostają w mocy, zatem mimo świadomości iluzji, taka istota nadal może fizycznie wchodzić z nią w interakcje.";"Druid"
"7";"REGENERACJA";" Przemiany, 7. krąg";" 1 minuta";" Dotyk";" W, S, M (młynek modlitewny i woda święcona)";" 1 godzina";" Dotykasz wybranej istoty i pobudzasz jej naturalne zdolności regeneracyjne. Cel czaru odzyskuje 4k8 + 15 PW. Przez cały czas działania zaklęcia, na początku każdej swojej tury odzyskuje 1 PW (10 na minutę).<br><br>Utracone części ciała (palce, noga, ogon itp.) odrastają po dwóch minutach. Jeśli posiadasz odciętą część ciała i przyłożysz ją do kikuta, to dzięki zaklęciu, natychmiast przyrośnie z powrotem.";"Druid"
"7";"ODWRÓCENIE GRAWITACJI";" Przemiany, 7. krąg";" 1 akcja";" 30 metrów";" W, S, M (magnetyty i żelazne opiłki)";" Koncentracja, do 1 minuty";" Tym czarem odwracasz grawitację w obrębie walca o średnicy 15 metrów i wysokości 30 metrów, z punktem wyjścia znajdującym się w zasięgu. Wszystkie istoty i obiekty, które nie są w jakiś sposób przytwierdzone do ziemi, spadają<br>w górę aż na szczyt obszaru zaklęcia. Objęta czarem istota może wykonać rzut obronny na Zręczność, aby złapać się jakiegoś stałego obiektu i uniknąć upadku.<br><br>Jeżeli na drodze upadku znajduje się jakaś twarda przeszkoda lub powierzchnia (np. sufit), to spadające obiekty i istoty uderzają o nią z takim samym skutkiem, jak podczas normalnego upadku w dół. Jeśli obiekt lub istota osiągnie szczyt obszaru odwróconej grawitacji bez zderzenia z przeszkodą, to pozostaje tam do końca działania czaru, nieznacznie zmieniając wysokość.<br><br>Gdy zaklęcie dobiegnie końca, objęte nim istoty i obiekty spadają z powrotem.";"Druid"
"7";"SFERALNY PRZESKOK";" Przywoływanie, 7. krąg";" 1 akcja";" Dotyk";" W, S, M (rozwidlony metalowy pręt o wartości co najmniej 250sz, dostrojony do konkretnej sfery egzystencji)";" Natychmiastowy";" Zostajesz przeniesiony do innej sfery (+max 8 istot – musicie utworzyć krąg, trzymając się za ręce). Możesz ogólnie określić miejsce przeznaczenia (np. Pałac Dispatera w drugim kręgu Dziewięciu Piekieł, albo Mosiężne Miasto w Sferze Ognia) i pojawiasz się w nim albo w jego pobliżu.<br><br>Jeżeli znasz sekwencję pieczęci kręgu teleportacyjnego z innej sfery egzystencji, możesz także rzucić to zaklęcie tak, by przeniosło cię do tego kręgu. Jeśli ów krąg jest za mały, by pomieścić wszystkie przychylne istoty, to pojawiają się one w najbliższym wolnym miejscu w jego pobliżu...<br><br>Podręcznik gracza str.262";"Druid"
"8";"ANTYPATIA/SYMPATIA";" Uroki, 8. krąg";" 1 godzina";" 18 metrów";" W, S, M (grudka ałunu nasączonego octem -antypatia, kropla miodu - sympatia)";" 10 dni";" Wybierasz Większy lub mniejszy obiekt lub stworzenie, znajdujące się w zasięgu czaru Określasz rodzaj inteligentnych stworzeń: czerwone smoki, gobliny lub wampiry. Nakładasz na cel aurę:<br>*Antypatia. Wskazane przez ciebie stworzenia czują nieodpartą potrzebę opuszczenia obszaru i unikania celu zaklęcia. Gdy zbliża się na co najmniej 18 metrów, musi wykonać udany rzut obronny na Mądrość, albo staje się przerażone dopóki cel znajduje się 18m od niego. Przerażone stworzenie musi przeznaczyć swój ruch na przemieszczenie się do miejsca, z którego nie widać celu.<br>*Sympatia. Wskazane przez ciebie stworzenia czują nieodpartą potrzebę zbliżenia się do celu, jeśli znajduje się co najmniej 18m od niego. Gdy zbliży się lub zobaczy cel, musi wykonać udany rzut obronny na Mądrość. W przypadku niepowodzenia, będzie zmuszone przeznaczyć swój ruch w każdej turze na zbliżenie się do celu. Jeśli cel zaklęcia zrani zauroczoną istotę, może ona wykonać rzut obronny na Mądrość, by spróbować wyzwolić się spod uroku. Zakończenie efektu opisane na str. 211.";"Druid"
"8";"KONTROLA POGODY";" Przemiany, 8. krąg";" 10 minut";" Na siebie (krąg o promieniu 7,5 kilometra)";" W, S, M (płonące kadzidło i wymieszane z wodą kawałki drewna i ziemi)";" Koncentracja, do 8 godzin";" Aby rzucić to zaklęcie, musisz znajdować się pod otwartym niebem. Jeśli przemieścisz się w miejsce, z którego nie masz widoku na niebo, to zaklęcie zakończy się przedwcześnie. Możesz zmienić temperaturę, wiatr lub występowanie<br>opadów. Na zmianę pogody musisz poczekać 1k4 +10 minut. Po tym czasie możesz ponownie ją zmienić. Gdy zmieniasz warunki pogodowe, odszukaj aktualne warunki w tabelach i zmień je o jeden stopień w górę lub w dół. Możesz nadać też nowy kierunek wiatrowi. OPADY/TEMPERATURA/WIATR:<br>1 : Czyste niebo/Nieznośny upał/Cisza.<br>2: Lekkie Zachmurzenie/Gorąco/Umiarkowany wiatr.<br>3: Całkowite zachmurzenie lub zamglenie/ Ciepło/Silny wiatr.<br>4: Deszcz, grad, śnieg/Chłodno/Wichura.<br>5: Ulewny deszcz, gradobicie, zamieć/<br>Zimno/Huragan.<br>6: Lodowato (temperatura)";"Druid"
"8";"OSŁABIENIE UMYSŁU";" Uroki, 8. krąg";" 1 akcja";" 45 metrów";" W, S, M (garść kulek z gliny, kryształu, szkła lub minerałów)";" Natychmiastowy";" Uderzasz w umysł istoty, którą widzisz w zasięgu czaru, próbując rozbić w pył jej intelekt i osobowość. Cel otrzymuje 4k6 obrażeń psychicznych i musi wykonać rzut obronny na<br>Inteligencję. <br><br>W przypadku niepowodzenia jego Inteligencja i Charyzma przyjmują wartość 1. W tym stanie cel nie może rzucać zaklęć i aktywować magicznych przedmiotów. Nie rozumie języków i nie potrafi porozumieć się w zrozumiały sposób, ale rozpoznaje swoich przyjaciół i jest w stanie za nimi podążać, a nawet ich bronić.<br><br>Na koniec każdych 30 dni cel zaklęcia może ponowić rzut obronny. W przypadku powodzenia, zaklęcie się kończy. Czar można również zakończyć przy pomocy większego przywrócenia, uleczenia lub życzenia.";"Druid"
"8";"SŁONECZNY BLASK";" Wywoływanie, 8. krąg";" 1 akcja";" 45 metrów";" W, S, M (ogień i kawałek awenturynu)";" Natychmiastowy";" W promieniu 18 metrów od wskazanego punktu w zasięgu czaru, rozbłyskuje olśniewające światło słoneczne. Każda istota skąpana w tym świetle musi wykonać rzut obronny na Kondycję. W przypadku niepowodzenia otrzymuje 12k6<br>obrażeń od światłości i zostaje oślepiona na 1 minutę. Jeśli rzut się powiedzie, to istota otrzymuje połowę obrażeń i nie zostaje oślepiona. Nieumarli i śluzy mają utrudnienie w tym rzucie.<br><br>Oślepiona tym czarem istota, pod koniec każdej swojej tury, ponawia rzut obronny na Kondycję. Sukces uwalnia ją z efektu oślepienia.<br><br>Tym zaklęciem rozpraszasz każdą magicznie stworzoną ciemność występującą w jego obszarze działania.";"Druid"
"8";"TRZĘSIENIE ZIEMI";" Wywoływanie, 8. krąg";" 1 akcja";" 150 metrów";" W, S, M (szczypta ziemi, kamień i grudka gliny)";" Koncentracja, do 1 minuty";" Podczas działania tego czaru, obszarem w promieniu 30 metrów od wybranego punktu w zasięgu czaru, targają silne wstrząsy, przenoszące się na istoty i budynki mające kontakt z powierzchnią ziemi.<br><br>Ziemia na czas działania czaru staje się trudnym terenem. Przebywające tam istoty, które koncentrują się na zaklęciach, muszą wykonać rzut obronny na Kondycję. W przypadku niepowodzenia, ich koncentracja zostaje przerwana. <br><br>Kiedy rzucasz to zaklęcie oraz pod koniec każdej tury, w której się na nim koncentrujesz, każda istota w obszarze trzęsienia ziemi musi wykonać rzut obronny na Zręczność. W przypadku niepowodzenia, pada powalona. Zależnie od typu terenu objętego zaklęciem, możesz wywołać dodatkowe efekty określane przez MP.<br>Możesz tworzyć szczeliny oraz oddziaływać na budynki, zgodnie z zasadami na stronie 273.";"Druid"
"8";"TSUNAMI";" Przywoływanie, 8. krąg";" 1 minuta";" Wzroku";" W,S";" Koncentracja, do 6 rund";" Przywołujesz spiętrzoną ścianę wody o maksymalnych rozmiarach: 90 metrów wysokości, 90 metrów długości i 15 metrów grubości. W momencie jej pojawienia się, każda istota na jej obszarze musi wykonać rzut obronny na Siłę. W przypadku niepowodzenia, otrzymuje 6k10 obrażeń obuchowych. Udany rzut zmniejsza obrażenia o połowę. Na początku każdej swojej tury po pojawieniu się ściany, przemieszcza się ona wraz ze wszystkimi znajdującymi się w niej istotami o 15 metrów od ciebie. Każda Wielka lub mniejsza istota znajdująca się wewnątrz fali lub na jej drodze, musi wykonać rzut obronny na Siłę. W przypadku niepowodzenia, otrzymuje 5k10 obrażeń obuchowych. Obrażenia te można otrzymać tylko raz na rundę. Pod koniec tury, wysokość ściany zmniejsza się o 15 metrów, a zadawane przez nią obrażenia maleją o 1k10. Zaklęcie dobiega końca, kiedy wysokość ściany zmaleje do 0. <br>Istota porwana przez ścianę wody, może próbować pływać. Jednak z powodu siły fali, musi wykonać rzut obronny na Siłę (Atletyka) o ST rzutu obronnego przeciw twoim czarom. W przypadku niepowodzenia nie może się poruszyć. Istota, która wydostanie się z obszaru zaklęcia, spada na ziemię.";"Druid"
"8";"ZWIERZĘCE KSZTAŁTY";" Przemiany, 8. krąg";" 1 akcja";" 9 metrów";" W,S";" Koncentracja, do 24 godzin";" Przy pomocy magii zmieniasz innych w zwierzęta. Wybierz dowolną liczbę przychylnych istot, które widzisz w zasięgu czaru. Każdą z nich zamieniasz w Duże lub mniejsze zwierzę o stopniu wyzwania nie większym niż 4.W każdej następnej turze możesz użyć swojej akcji, by zamienić je w inne zwierzęta.Przemiana każdej z istot trwa przez cały czas działania czaru, chyba że wczesnej jej PW spadną do 0 albo umrze. Każdemu celowi możesz nadać inną postać. Jego statystyki zostaną zastąpione statystykami wybranego zwierzęcia, ale zachowa swój charakter oraz wartości Inteligencji, Mądrości i Charyzmy. Przemieniona istota przyjmuje PW swojej nowej formy. Wracając do swej naturalnej postaci, powraca też do poziomu PW sprzed przemiany. Jeśli powraca do naturalnej postaci w efekcie spadku PW do 0, to cale pozostałe obrażenia otrzymuje jej naturalna forma. <br><br>Podręcznik gracza str.288";"Druid"
"9";"BURZA ZEMSTY";" Przywoływanie, 9. krąg";" 1 akcja";" Wzroku";" W,S";" Koncentracja, do 1 minuty";" Przywołujesz skłębiona burzową chmurę o promieniu 108 metrów. W tym obszarze błyskają pioruny, huczą grzmoty i szaleje wichura. Każda istota znajdująca się pod ową chmurą w momencie jej pojawienia (choć nie więcej niż 1500 metrów poniżej niej) musi wykonać rzut obronny na Kondycję. W przypadku niepowodzenia otrzymuje 2k6 obrażeń od dźwięku i staje się ogłuchła na 5 minut. Jeśli w kolejnych rundach utrzymujesz koncentrację na tym zaklęciu, burza powoduje w twojej turze różne efekty. *Runda 2. Leje się kwaśny deszcz. Istoty i obiekty otrzymują po 1k6 obrażeń od kwasu. *Runda 3. Sprowadzasz na wybrane istoty 6 piorunów, przy czym na jedne cel może przypadać jeden piorun. Istota wykonuje rzut obronny na Zręczność. Niepowodzenie – 10k6<br>obrażeń od elektryczności. Powodzenie – połowa obrażeń...<br><br>Podręcznik gracza str.215";"Druid"
"9";"PRAWDZIWE ZMARTWYCHWSTANIE";" Nekromancja, 9. krąg";" 1 godzina";" Dotyk";" W, S, M (skropienie wodą święconą i diamenty o wartości co najmniej25 000 sz, zużywane przez zaklęcie)";" Natychmiastowy";" Dotykasz istoty zmarłej nie dawniej niż 200 lat temu z powodów innych niż starość. Jeżeli jej dusza jest wolna i chętna, to powraca do ciała, a istota zostaje przywrócona do życia z pełną pulą swoich PW.<br><br>Tym zaklęciem zamykasz wszystkie rany, neutralizujesz każdą truciznę, leczysz wszystkie choroby i zdejmujesz wszelkie klątwy, które działały na wskrzeszoną istotę w momencie śmierci. Naprawiasz również uszkodzone<br>organy i kończyny oraz przywracasz utracone. Jeśli stworzenie było nieumarłym, zostaje przywrócone do swojej wcześniejszej, żywej formy...<br>Podręcznik gracza str.251<br>";"Druid"
"9";"PROFETYZM";" Wieszczenie, 9. krąg";" 1 minuta";" Dotyk";" W, S, M (pióro kolibra)";" 8 godzin";" Dotykasz przychylnej istoty i obdarzasz ją ograniczoną zdolnością spoglądania w najbliższą przyszłość. Przez czas trwania czaru nie będzie można jej zaskoczyć i będzie miała ułatwienie w testach ataku, w testach cech i w rzutach obronnych. Ponadto, przez ten czas inni będą mieli utrudnienie w testach ataku przeciwko niej.<br><br>Zaklęcie kończy się natychmiast, jeśli przed jego<br>wygaśnięciem rzucisz je ponownie.";"Druid"
"9";"ZMIENNOKSZTAŁTNOŚĆ";" Przemiany, 9. krąg";" 1 akcja";" Na siebie";" W,S,M (jadeitowy diament o wartości 1500sz, umieszczony na głowie przed rzucaniem czaru)";" Koncentracja, do 1 godziny";" Przyjmujesz formę dowolnego stworzenia o stopniu wyzwania równym twojemu poziomowi lub niższym. Forma nie może być konstruktem ani nieumarłym i musiałeś ją widzieć chociaż raz. Twoja zmieniona forma nie posiada poziomu w żadnej klasie ani nie potrafi rzucać czarów. Zachowujesz swoje wartości Inteligencji, Charyzmy, Mądrości oraz wszystkie biegłości w umiejętnościach i rzutach obronnych. Jeśli istota ma te same biegłości co ty, ale z większą premią, to używasz jej premii. Nie możesz korzystać z żadnych akcji legendarnych ani związanych z leżem istoty, w którą się zamieniasz...<br><br>Podręcznik gracza str.287";"Druid"
"0";"GRZMOT";" Wywoływanie, sztuczka";" 1 akcja";" 1,5 metry";" S";" Natychmiastowy";" Tworzysz odgłos gromu słyszalny z odległości 30 metrów. Każde stworzenie znajdujące się w zasięgu czaru  (oprócz ciebie) musi wykonać rzut obronny na Kondycję. W przypadku niepowodzenia otrzymuje 1k6 obrażeń od dźwięku.<br><br>Obrażenia z tego zaklęcia zwiększają się o lk6, gdy osiągniesz 5. poziom (do 2k6), 11. poziom (do 3k6)i 17. poziom (do 4k6).";"Druid (XGE)"
"0";"KONTROLA PŁOMIENI";" Przemiany, sztuczka";" 1 akcja";" 18 metrów";" S";" Natychmiastowy lub 1 godzina (patrz poniżej)";" Wybierasz niemagiczny płomień, który widzisz w zasięgu czaru i który mieści się w sześcianie o boku 1,5 metra. Możesz na niego oddziaływać w jeden z następujących sposobów:<br><br>-Natychmiast podsycasz płomień, który rośnie o 1,5 metra w jednym kierunku, pod warunkiem, że w nowym miejscu znajduje się drewno lub inne paliwo.<br>-Natychmiast gasisz płomienie w tym obszarze.<br>-Dwukrotnie zwiększasz albo o połowę zmniejszasz obszar jasnego i słabego światła emitowanego przez płomień, albo zmieniasz jego kolor. Możesz też wykonać. obie zmiany naraz Efekt trwa przez 1 godzinę<br>-Powodujesz pojawienie się w płomieniach prostych kształtów - takich jak uproszczone formy istot, nieruchome przedmioty lub miejsca i możesz nimi poruszać. Efekt trwa przez 1 godzinę<br><br>Jeśli rzucisz tę sztuczkę wielokrotnie, jednocześnie aktywne mogą być najwyżej 3 jej nienatychmiastowe efekty. Każdy z nich możesz zakończyć w ramach akcji.";"Druid (XGE)"
"0";"KSZTAŁTOWANIE WODY";" Przemiany, sztuczka";" 1 akcja";" 9 metrów";" S";" Natychmiastowy or 1 godzina (patrz poniżej)";" Wybierasz obszar wody, który widzisz w zasięgu czaru i który mieści się w sześcianie o boku 1,5 metra. Możesz na niego oddziaływać w jeden z następujących sposobów:<br><br>-Natychmiast przesuwasz lub winny sposób zmieniasz ruch wody do 1,5 metra w dowolnym kierunku. Ruch ten nie wystarcza do zadania obrażeń.<br>-Sprawiasz, że woda przybiera proste kształty, którymi możesz poruszać. Efekt trwa przez 1 godzinę.<br>-Zmieniasz kolor albo przejrzystość wody. Zmiana musi być jednolita na całym obszarze wody. Efekt trwa przez 1 godzinę.<br>-Zamrażasz wodę, o ile nie ma w niej żadnych stworzeń. Lód topnieje po 1 godzinie.<br><br>Jeśli rzucisz tę sztuczkę wielokrotnie, jednocześnie aktywne mogą być najwyżej dwa jej nienatychmiastowe efekty. Każdy z nich możesz zakończyć w ramach akcji.";"Druid (XGE)"
"0";"KSZTAŁTOWANIE ZIEMI";" Przemiany, sztuczka";" 1 akcja";" 9 metrów";" S";" Natychmiastowy lub 1 godzina (patrz poniżej)";" Wybierasz fragment ziemi albo kamienia, który Widzisz w zasięgu czaru i który mieści się w sześcianie o boku 1,5 metra. Możesz na niego oddziaływać w jeden z następujących sposobów:<br><br>-Jeśli celem czaru jest luźna ziemia, możesz ją natychmiast wydobyć, przemieścić po podłożu i złożyć 1,5 metra dalej. Ruch ten nie wystarcza do zadania obrażeń.<br>-Sprawiasz, że na ziemi albo kamieniu pojawiają się kształty, kolory albo oba te efekty. Możesz w ten sposób tworzyć słowa, obrazy lub wzory. Efekt trwa przez 1 godzinę.<br>-Jeśli wybrany fragment ziemi albo kamienia znajduje się na podłożu, możesz zmienić ten obszar w trudny teren. Możesz także zmienić podłoże w normalny teren, jeśli już jest trudnym terenem. Efekt trwa przez 1 godzinę.<br><br>Jeśli rzucisz tę sztuczkę wielokrotnie, jednocześnie aktywne mogą być najwyżej dwa jej nienatychmiastowe efekty. Każdy z nich możesz zakończyć w ramach akcji";"Druid (XGE)"
"0";"MAGICZNY KAMYK";" Przemiany, sztuczka";" 1 akcja dodatkowa";" Dotyk";" W, S";" 1 minuta";"   Dotykasz od jednego do trzech kamyków i nasycasz je magią. Możesz wykonać atak dystansowy czarem, rzucając takim kamykiem lub strzelając nim Z procy. Może to również zrobić ktoś inny. Rzucony kamyk ma zasięg 18 metrów. Jeśli atak wykonuje ktoś inny, to do testu ataku dodaje twój modyfikator z cechy bazowej zamiast swojego własnego. Przy trafieniu cel otrzymuje obrażenia obuchowe w wysokości 1k6 + twój modyfikator z cechy bazowej. Następnie efekt na tym kamyku się kończy, niezależnie od tego, czy udało ci się trafić.<br><br>Ponowne rzucenie czaru powoduje zakończenie obecnego efektu na wszystkich kamykach wciąż objętych poprzednim czarem.";"Druid (XGE)"
"0";"ODMROŻENIE";" Wywoływanie, sztuczka";" 1 akcja";" 18 metrów";" W, S";" Natychmiastowy";"   Powodujesz, że porażający mróz otacza jedno stworzenie, które widzisz w zasięgu czaru. Cel musi wykonać rzut obronny na Kondycję. W przypadku niepowodzenia otrzymuje 1k6  obrażeń od zimna i ma utrudnienie w następnym teście ataku bronią wykonanym przed końcem swojej następnej tury.<br><br>Obrażenia z tego zaklęcia zwiększają się o 1k6,<br>gdy osiągniesz 5. poziom (do 2k6), 11. poziom (do 3k6) i 17. poziom (do 4k6).";"Druid (XGE)"
"0";"PIERWOTNA DZIKOŚĆ";" Przemiany, sztuczka";" 1 akcja";" Na siebie";" S";" Natychmiastowy";" Wykorzystujesz pierwotną magię, by wyostrzyć swoje zęby lub paznokcie i zadać żrący cios. Wykonaj atak wręcz czarem przeciw stworzeniu W obrębie 1,5 metra od ciebie. Przy trafieniu cel otrzymuje 1k10 obrażeń od kwasu. Po ataku zęby lub paznokcie wracają do normy.<br><br>Obrażenia z tego zaklęcia zwiększają się o 1k10, gdy osiągniesz 5. poziom (do 2k10), 11. poziom (do 3k10) i 17. poziom (do 4k10).";"Druid (XGE)"
"0";"PODMUCH";" Przemiany, sztuczka";" 1 akcja";" 9 metrów";" W, S";" Natychmiastowy";" Przejmujesz kontrolę nad powietrzem i rozkazujesz mu stworzyć jeden z następujących efektów w punkcie, który widzisz w zasięgu czaru:<br><br>-Jedna Średnia lub mniejsza istota musi wykonać rzut obronny na Siłę. W przypadku niepowodzenia zostaje odepchnięta do 1,5 metra od ciebie.<br><br>-Tworzysz podmuch powietrza zdolny przesunąć jeden obiekt, który nie jest noszony ani trzymany i waży nie więcej niż 2,5 kilograma. Obiekt zostaje odepchnięty na odległość do 3 metrów od ciebie. Ruch ten nie wystarcza do zadania obrażeń.<br><br>-Tworzysz nieszkodliwy efekt sensoryczny z użyciem powietrza, na przykład szelest liści, powodujesz zatrzaśnięcie okiennic lub łopotanie odzieży na wietrze.";"Druid (XGE)"
"0";"ROBACTWO";" Przywoływanie, sztuczka";" 1 akcja";" 9 metrów";" W, S, M (żywa pchła)";" Natychmiastowy";"   Powodujesz chwilowe pojawienie się chmury roztoczy, pcheł i innych pasożytów na istocie, którą widzisz w zasięgu czaru. Cel musi wykonać rzut obronny na Kondycje. W przypadku niepowodzenia otrzymuje 1k6 obrażeń od, trucizny przemieszcza się 1,5 metra w losowym kierunku, o ile może się poruszać, a jego szybkość wynosi co najmniej 1,5 metra. Określ kierunek, rzucając k4: 1 - północ, 2 -  południe, 3 - wschód, 4 - zachód. Ruch ten nie prowokuje ataków okazyjnych. Jeśli wybrany kierunek jest zablokowany, 15, to cel pozostaje w miejscu. 7<br><br>Obrażenia z tego zaklęcia zwiększają się o 1k6, .<br>gdy osiągniesz 5. poziom (do 2k6), 11. poziom (do 3k6) i 17. poziom (do 4k6)";"Druid (XGE)"
"0";"STWORZENIE OGNISKA";" Przywoływanie, sztuczka";" 1 akcja";" 18 metrów";" W, S";" Koncentracja, do 1 minuty";"   Tworzysz ognisko W miejscu na ziemi, które Widzisz w zasięgu czaru. Podczas trwania czaru magiczne ognisko wypełnia obszar sześcianu o boku 1,5 metra. Gdy rzucasz zaklęcie, każde stworzenie znajdujące się w przestrzeni zajmowanej przez ognisko musi wykonać rzut obronny na Zręczność. W przypadku niepowodzenia otrzymuje 1k8 obrażeń od ognia. Stworzenie musi wykonać rzut obronny również wtedy, gdy wchodzi w obszar ogniska po raz pierwszy w swojej turze lub kończy tam swoją turę.<br><br>Ognisko podpala łatwopalne obiekty w swoim obszarze, które nie są noszone ani trzymane.<br><br>Obrażenia z tego zaklęcia zwiększają się o 1k8,<br>gdy osiągniesz 5. poziom (do 2k8), 11. poziom (do 3k8) i 17. poziom (do 4k8).";"Druid (XGE)"
"1";"LODOWY NÓŻ";" Przywoływanie, 1. krąg";" 1 akcja";" 18 metrów";" S, M (kropla wody lub kawałek lodu)";" Natychmiastowy";" Tworzysz odłamek lodu i rzucasz nim w jedno stworzenie w zasięgu czaru. Wykonujesz atak dystansowy czarem przeciw wybranemu celowi. Przy trafieniu cel otrzymuje 1k10 obrażeń kłutych. Następnie odłamek wybucha, niezależnie od tego, czy udało ci się trafić. Cel i każde stworzenie w obrębie 1,5 metra od niego musi wykonać rzut obronny na Zręczność. W przypadku niepowodzenia otrzymuje 2k6 obrażeń od zimna.<br><br>Na wyższych kręgach. Jeśli rzucasz ten czar, wykorzystując komórkę co najmniej 2. kręgu, za każdy krąg powyżej 1. zwiększasz obrażenia od zimna o 1k6.";"Druid (XGE)"
"1";"POCHŁONIĘCIE ŻYWIOŁÓW";" Odpychanie, 1. krąg";" 1 reakcja podejmowana w odpowiedzi na otrzymanie obrażeń od dźwięku, elektryczności, kwasu, ognia albo zimna";" Na siebie";" S";" 1 runda";" Czar przejmuje część oddziałującej na ciebie energii,<br>zmniejsza jej wpływ i przygotowuje ją do wykorzystania w twoim następnym ataku wręcz. Do początku swojej następnej tury zyskujesz odporność na obrażenia takiego typu, jak te wywołujące twoją reakcję. Co więcej, kiedy po raz pierwszy trafisz atakiem wręcz w swojej następnej turze, cel otrzymuje dodatkowo 1k6 obrażeń tego typu, a czar dobiega końca.<br><br>Na wyższych kręgach. Jeśli rzucasz ten czar, wykorzystując komórkę co najmniej 2. kręgu, za każdy krąg powyżej 1. zwiększasz zadawane obrażenia dodatkowe o 1k6.";"Druid (XGE)"
"1";"SIDŁA";" Odpychanie, 1. krąg";" 1 minuta";" Dotyk";" S, M (7,5 metra liny, zużywane przez zaklęcie)";" 8 godzin";" Podczas rzucania tego czaru układasz z liny okrąg O promieniu 1,5 metra na ziemi lub innym podłożu. Po zakończeniu rzucania lina znika, a okrąg staje się magiczną pułapką.<br><br>Jest ona niemal niewidzialna, a odróżnienie jej Od podłoża wymaga udanego testu Inteligencji (Śledztwo) o ST rzutu obronnego przeciw twoim czarom. <br><br>Pułapka uruchamia się, gdy Małe, Średnie lub Duże stworzenie staje na podłożu w obszarze działania czaru. Musi ono wykonać rzut obronny na Zręczność. W przypadku niepowodzenia zostaje magicznie wyrzucone w powietrze i zawisa głową w dół 90 centymetrów nad miejscem rzucenia czaru. Stworzenie jest tam unieruchomione przez czas trwania czaru...<br><br>Przewodnik Xanathara po wszystkim str.164";"Druid (XGE)"
"1";"WIĘŹ Z BESTIĄ";" Wieszczenie, 1. krąg";" 1 akcja";" Dotyk";" W, S, M (odrobina futra zawinięta w materiał)";" Koncentracja, do 10 minut";" Dotykasz jednej przyjaznej lub zauroczonej przez ciebie bestii i tworzysz z nią telepatyczną więź. Czar nie działa na bestie o Inteligencji 4 lub większej. Podczas trwania zaklęcia połączenie pozostaje aktywne, dopóki macie siebie nawzajem w zasięgu wzroku. Dzięki połączeniu bestia rozumie twoje telepatyczne wiadomości i może przekazywać ci proste emocje i pojęcia.W czasie trwania połączenia bestia ma ułatwienie w testach ataku przeciw stworzeniom, które widzisz w obrębie 1,5 metra od siebie.";"Druid (XGE)"
"1";"WSTRZĄS ZIEMI";" Wywoływanie, 1. krąg";" 1 akcja";" 3 metry";" W, S";" Natychmiastowy";" Wywołujesz wstrząs ziemi W obrębie zasięgu czaru. Każde stworzenie (oprócz ciebie) znajdujące się na tym obszarze musi wykonać rzut obronny na Zręczność. W przypadku niepowodzenia otrzymuje 1k6 obrażeń obuchowych i zostaje powalone. Jeśli obszar ten pokryty jest luźną ziemią lub kamieniami, staje się trudnym terenem, dopóki nie zostanie uprzątnięty. Ręczne oczyszczenie każdego 1,5-metrowego fragmentu wymaga co najmniej 1 minuty.<br><br>Na wyższych kręgach. Jeśli rzucasz ten czar, wykorzystując komórkę co najmniej 2. kręgu, za każdy krąg powyżej 1. zwiększasz zadawane obrażenia o 1k6.";"Druid (XGE)"
"2";"OCHRONNY WIATR";" Wywoływanie, 2. krąg";" 1 akcja";" Na siebie";" W";" Koncentracja, do 10 minut";" Otacza cię silny wiatr (30 kilometrów na godzinę) wiejący w obrębie 3 metrów wokół ciebie, wyśrodkowany na tobie i przemieszczający się wraz z tobą. Wiatr utrzymuje się przez czas trwania czaru. Wiatr wywołuje następujące efekty:<br><br>-Powoduje, że stworzenia w tym obszarze (łącznie z tobą) są ogłuchłe.<br><br>-Gasi w tym obszarze niechronione płomienie wielkości pochodni lub mniejsze.<br><br>-Odpycha parę, gaz i mgłę, które mogą zostać rozwiane przez silny Wiatr.<br><br>-Obszar ten stanowi trudny teren dla wszystkich stworzeń oprócz ciebie.<br><br>-Testy ataków dystansowych bronią są wykonywane z utrudnieniem, jeśli taki atak przechodzi przez  ten obszar.";"Druid (XGE)"
"2";"PISANIE NA NIEBIE";" Przemiany, 2. krąg (rytuał)";" 1 akcja";" Wzroku";" W, S";" Koncentracja, do 1 godziny";" Powodujesz pojawienie się do dziesięciu słów na części nieba, którą widzisz. Wyglądają na wykonane z chmur i pozostają w jednym miejscu przez czas trwania czaru. Słowa znikają, gdy zaklęcie dobiega końca. Silny wiatr może rozwiać chmury i szybciej zakończyć efekt.";"Druid (XGE)"
"2";"PYŁOWY WIR";" Przywoływanie, 2. krąg";" 1 akcja";" 18 metrów";" W, S, M (szczypta pyłu)";" Koncentracja, do 1 minuty";" Wybierasz obszar powietrza, który widzisz w zasięgu czaru i który mieści się W sześcianie o boku 1,5 metra. Energia żywiołów przypominająca wir pyłu pojawia się tam i utrzymuje się przez czas trwania czaru.<br><br>Każda istota kończąca swoją turę w obrębie 1,5 metra od niego musi wykonać rzut obronny na Siłę. W przypadku niepowodzenia otrzymuje 1k8 obrażeń obuchowych i zostaje odepchnięta o 3 metry od pyłowego wiru. Udany rzut zmniejsza obrażenia o połowę i zapobiega odepchnięcia.<br><br>W ramach akcji dodatkowej możesz przemieścić wir na odległość do 9 metrów w dowolnym kierunku. Jeśli wir porusza się nad piaskiem, pyłem, sypką ziemią lub lekkim żwirem, zasysa je i tworzy wokół siebie chmurę o promieniu 3 metrów, która utrzymuje się do początku twojej następnej tury. Obszar ten jest pozbawiony widoczności.<br><br>Na wyższych kręgach. Jeśli rzucasz ten czar, wykorzystując komórkę co najmniej 3. kręgu, za każdy krąg powyżej 2. zwiększasz zadawane obrażenia o 1k8.";"Druid (XGE)"
"2";"UZDRAWIAJĄCY DUCH";" Przywoływanie, 2. krąg";" 1 akcja dodatkowa";" 18 metrów";" W, S";" Koncentracja, do 1 minuty";" Wzywasz ducha natury, by ulżyć rannym w cierpieniu. Niematerialny duch pojawia się w przestrzeni będącej sześcianem o boku 1,5 metra, którą widzisz w zasięgu czaru. Duch wygląda jak przezroczysta bestia lub istota fey (wedle twojego wyboru).<br><br>Podczas trwania czaru, kiedy ty albo stworzenie, które widzisz, wchodzi w przestrzeń zajmowaną„przez ducha po raz pierwszy w swojej turze albo rozpoczyna tam swoją turę, możesz sprawić, aby duch przywrócił mu 1k6 punktów wytrzymałości (bez konieczności użycia akcji). Duch nie może uleczyć konstruktów i nieumarłych. Duch może leczyć liczbę razy równą 1+ twój modyfikator z cechy bazowej (minimum dwa), a po jej wykorzystaniu znika.<br><br>W ramach akcji dodatkowej w swojej turze możesz przemieścić ducha na odległość do 9 metrów w miejsce które widzisz.<br><br>Na wyższych kręgach. Jeśli rzucasz ten czar, wykorzystując komórkę co najmniej 3. kręgu, za każdy krąg powyżej 2. leczenie przywraca dodatkowe 1k6 punktów wytrzymałości.";"Druid (XGE)"
"2";"UZIEMIENIE";" Przemiany, 2. krąg";" 1 akcja";" 90 metrów";" W";" Koncentracja, do 1 minuty";"   Wybierasz stworzenie, które widzisz w zasięgu czaru. Oplatają je żółte wstęgi magicznej energii. Cel musi wykonać rzut obronny na Siłę. W przypadku niepowodzenia jego szybkość lotu (jeśli ją posiada) spada do 0 na czas trwania czaru. Stworzenie znajdujące się W powietrzu - objęte działaniem tego czaru - opada bezpiecznie z prędkością 18 metrów na rundę do chwili zetknięcia z ziemią lub zakończenia czaru.";"Druid (XGE)"
"3";"FALA PRZYPŁYWU";" Przywoływanie, 3. krąg";" 1 akcja";" 36 metrów";" W, S, M (kropla wody)";" Natychmiastowy";" Przywołujesz falę wody, która uderza w obszar w zasięgu czaru. Obszar ten może mieć do 9 metrów długości, do 3 metrów szerokości i do 3 metrów wysokości. Każde stworzenie w tym obszarze musi wykonać rzut obronny na Zręczność. W przypadku niepowodzenia otrzymuje 4k8 obrażeń obuchowych i zostaje powalone. Udany rzut zmniejsza obrażenia o połowę i zapobiega powaleniu. Następnie woda rozlewa się po ziemi we wszystkich kierunkach,<br>gasząc niechronione płomienie w tym obszarze i w obrębie 9 metrów od niego, po czym znika.";"Druid (XGE)"
"3";"PŁOMIENNE STRZAŁY";" Przemiany, 3. krąg";" 1 akcja";" Dotyk";" W, S";" Koncentracja, do 1 godziny";" Dotykasz kołczanu ze strzałami lub bełtami. Przy trafieniu atakiem dystansowym bronią z użyciem amunicji wyciągniętej z kołczanu cel otrzymuje 1k6 dodatkowych obrażeń od ognia. Działanie czaru na pocisk kończy się niezależnie od tego, czy udało ci się trafić, a samo zaklęcie kończy się po wyciągnięciu z kołczanu 12 sztuk amunicji. <br><br>Na wyższych kręgach. Jeśli rzucasz ten czar, wykorzystując komórkę co najmniej 4. kręgu, za każdy krąg powyżej 3. możesz zwiększyć liczbę sztuk amunicji objętych tym czarem o 2.";"Druid (XGE)"
"3";"ŚCIANA WODY";" Wywoływanie, 3. krąg";" 1 akcja";" 18 metrów";" W, S, M (kropla wody)";" Koncentracja, do 10 minut";" Tworzysz ścianę wody na ziemi W punkcie, który widzisz w zasięgu czaru. Możesz nadać jej formę płaskiego- muru o długości do 9 metrów, wysokości do 3 metrów i grubości do 30. centymetrów albo pierścienia o średnicy do 6 metrów, wysokości do 6 metrów i grubości do 30 centymetrów. Ściana znika, gdy zaklęcie dobiegnie końca. Przestrzeń zajmowana przez ścianę stanowi trudny teren.<br><br>Każdy test ataku dystansowego bronią, który wchodzi w przestrzeń zajmowaną przez ścianę, jest wykonywany z utrudnieniem, a obrażenia od ognia są zmniejszone o połowę, jeśli wywołujący je efekt przechodzi przez ścianę, aby dosięgnąć celu. Czary, które zadają obrażenia od zimna i przechodzą przez ścianę, powodują zamarznięcie odpowiedniego jej fragmentu (wielkości co najmniej kwadratu o boku 1,5 metra). Każdy zamarznięty kwadrat o boku 1,5 metra ma KP 5 i 15 PW. Ulega zniszczeniu, jeśli jego PW spadną do 0. Gdy fragment zostaje zniszczony, woda nie wypełnia ponownie tego obszaru.";"Druid (XGE)"
"3";"WYBUCH ZIEMI";" Przemiany, 3. krąg";" 1 akcja";" 36 metrów";" W, S, M (kawałek obsydianu)";" Natychmiastowy";" Wybierasz punkt na ziemi, który widzisz w zasięgu czaru. Fontanna kamieni i rozrytej ziemi wybucha w obszarze sześcianu o boku 6 metrów i środku W tym punkcie. Każde stworzenie W tym obszarze musi wykonać rzut obronny na Zręczność. W przypadku niepowodzenia otrzymuje 3k12 obrażeń obuchowych. Udany rzut zmniejsza obrażenia o połowę. Ponadto obszar ten zmienia się w trudny teren, dopóki nie zostanie uprzątnięty. Ręczne oczyszczenie każdego 1,5-metrowego fragmentu wymaga co najmniej 1 minuty.<br><br>Na wyższych kręgach. Jeśli rzucasz ten czar, wykorzystując komórkę co najmniej 4. kręgu, za każdy krąg powyżej 3. zwiększasz obrażenia o 1k12.";"Druid (XGE)"
"4";"STRAŻNIK NATURY";" Przemiany, 4. krąg";" 1 akcja dodatkowa";" Na siebie";" W";" Koncentracja, do 1 minuty";" Duch natury odpowiada na twoje wezwanie i przekształca cię w potężnego strażnika. Przemiana trwa do zakończenia czaru. Wybierasz jedną z form: pierwotną bestię lub olbrzymie drzewo. <br><br>Pierwotna bestia. Twoje ciało porasta zwierzęce futro,  rysy twarzy dziczeją. Zyskujesz następujące korzyści:<br>- Twoja szybkość chodzenia zwiększa się o 3 metry. <br>- Zyskujesz zdolność widzenia w ciemności na odległość 36 metrów.<br>- Masz ułatwienie w testach ataku opartych na Sile. <br>-Twoje ataki wręcz bronią przy trafieniu zadają 1k6 dodatkowych obrażeń od mocy.<br><br>Olbrzymie drzewo. Twoja skóra zaczyna przypominać korę, a z włosów wyrastają liście. Zyskujesz następujące korzyści:<br>- Zyskujesz 10 tymczasowych PW.<br>-Masz ułatwienie w rzutach obronnych na Kondycję.<br>-Masz ułatwienie w testach ataku opartych na Zręczności i Mądrości.<br>. Gdy stoisz na ziemi, obszar W obrębie 4,5 metra od ciebie stanowi trudny teren dla twoich wrogów.";"Druid (XGE)"
"4";"WODNA KULA";" Przywoływanie, 4. krąg";" 1 akcja";" 27 metrów";" W, S, M (kropelka wody)";" Koncentracja, do 1 minuty";" Przywołujesz sferę wody o promieniu 1,5 metra ze środkiem w punkcie, który widzisz w zasięgu czaru. Sfera może się unosić, ale najwyżej 3 metry nad podłożem. Sfera utrzymuje się przez czas trwania czaru.<br><br>Każde stworzenie znajdujące się w sferze musi wykonać rzut obronny na Siłę. Udany rzut powoduje bezpieczne przeniesienie stworzenia poza sferę na wybrane przez nie najbliższe wolne miejsce. Wielkie lub większe stworzenia odnoszą automatyczny sukces w tym rzucie, a Duże lub mniejsze mogą zdecydować się na porażkę. W przypadku niepowodzenia stworzenie zostaje unieruchomione przez sferę i otoczone wodą. Pod koniec każdej swojej tury stworzenie może powtórzyć rzut obronny. Udany rzut oznacza wyzwolenie się spod działania efektu...<br><br>Przewodnik Xanathara po wszystkim str.169<br><br>";"Druid (XGE)"
"4";"ZAUROCZENIE POTWORA";" Uroki, 4. krąg";" 1 akcja";" 9 metrów";" W, S";" 1 godzina";" Próbujesz zauroczyć stworzenie, które widzisz w zasięgu czaru. Musi ono wykonać rzut obronny na Mądrość, w którym ma ułatwienie, jeśli walczy z tobą lub którymś z twoich towarzyszy. przypadku niepowodzenia zostaje przez ciebie zauroczone na czas trwania zaklęcia lub do momentu, w którym ty lub któryś twoich towarzyszy   zadziałacie na jego szkodę. Zauroczone stworzenie jest przyjazne wobec ciebie. Gdy czar dobiega końca, cel ma świadomość, że został przez ciebie zauroczony. <br><br>Na wyższych kręgach. Jeśli rzucasz ten czar, wykorzystując komórkę co najmniej 5. kręgu, za każdy krąg powyżej 4. możesz objąć czarem dodatkową istotę. Wszystkie cele muszą znajdować się w obrębie 9 metrów od siebie nawzajem w chwili rzucania czaru.";"Druid (XGE)"
"4";"ŻYWIOŁ ZGUBY";" Przemiany, 4. krąg";" 1 akcja";" 27 metrów";" W, S";" Koncentracja, do 1 minuty";" Wybierasz stworzenie, które widzisz w zasięgu czaru, i jeden z następujących typów obrażeń: od dźwięku, elektryczności, kwasu, ognia albo zimna. Cel musi wykonać rzut obronny na Kondycję. W przypadku niepowodzenia zostaje objęty działaniem czaru na czas jego trwania. Gdy cel będący pod wpływem tego czaru po raz pierwszy w każdej turze otrzymuje obrażenia wybranego typu, otrzymuje dodatkowo 2k6 obrażeń tego samego typu. Co więcej, na czas trwania czaru cel traci odporność na ten typ obrażeń. <br><br>Na wyższych kręgach. Jeśli rzucasz ten czar, wykorzystując komórkę co najmniej 5. kręgu, za każdy krąg powyżej 4. 7 możesz objąć czarem dodatkową istotę. Wszystkie cele muszą znajdować się w obrębie 9 metrów od siebie nawzajem w chwili rzucania czaru.";"Druid (XGE)"
"5";"KIPIEL";" Wywoływanie, 5. krąg";" 1 akcja";" 36 metrów";" W, S, M (lejek z liścia lub kawałka papieru)";" Koncentracja, do 1 minuty";" Wirująca masa wody o głębokości 1,5 metra pojawia się na obszarze o promieniu 9 metrów i środku w punkcie, który widzisz w zasięgu czaru. Punkt ten musi znajdować się na ziemi lub w zbiorniku wodnym. Podczas trwania czaru obszar ten stanowi trudny teren, a każde stworzenie rozpoczynające w nim swoją turę musi wykonać rzut obronny na Siłę. W przypadku niepowodzenia otrzymuje 6k6  obrażeń obuchowych i zostaje przyciągnięte o 3 metry do środka.";"Druid (XGE)"
"5";"KONTROLA WIATRU";" Przemiany, 5. krąg";" 1 akcja";" 90 metrów";" W, S";" Koncentracja, do 1 godziny";" Przejmujesz kontrolę nad powietrzem, które widzisz w zasięgu czaru i które mieści się w sześcianie o boku 30 metrów. Podczas rzucania czaru wybierz jedną z podanych możliwości. Efekt utrzymuje się przez czas trwania czaru, chyba że zmienisz go na inny w ramach akcji w późniejszej turze. Możesz również w ramach akcji tymczasowo wstrzymać efekt lub wznowić efekt uprzednio wstrzymany.<br><br>Podmuchy. W wybranym obszarze wiatr zaczyna wiać poziomo we wskazanym przez ciebie kierunku. Wybierasz moc wiatru - słaby, umiarkowany lub silny. Przy umiarkowanym lub silnym wietrze testy ataków dystansowych bronią są wykonywane z utrudnieniem, jeśli atak ma swoje źródło lub cel w tym obszarze lub jeśli przez niego przechodzi. Przy silnym wietrze poruszanie się pod wiatr kosztuje dodatkowy metr szybkości za każdy przebyty metr...<br><br>Przewodnik Xanathara po wszystkim str.155";"Druid (XGE)"
"5";"PRZEMIANA SKAŁY";" Przemiany, 5. krąg";" 1 akcja";" 36 metrów";" W, S, M (glina i woda)";" Do rozproszenia";" Wybierasz obszar kamienia lub błota, który widzisz w zasięgu czaru i który mieści się w sześcianie o boku 12 metrów, a także jeden z następujących efektów. <br><br>Przemiana skały w błoto. <br><br>Przemiana błota w skałę<br><br>Przewodnik Xanathara po wszystkim str.162";"Druid (XGE)"
"5";"WŚCIEKŁOŚĆ NATURY";" Wywoływanie, 5. krąg";" 1 akcja";" 36 metrów";" W, S";" Koncentracja, do 1 minuty";" Wzywasz duchy natury, by ruszyły na twoich wrogów. Wybierasz punkt, który widzisz w zasięgu czaru. Duchy sprawiają, że w obszarze sześcianu o boku 18 metrów i środku w wybranym punkcie drzewa, kamienie 1 trawy ożywają na czas trwania czaru.<br><br>Drzewa...<br><br>Kamienie... <br><br>Korzenie i pnącza...  <br><br>Trawy i zarośla... <br><br>Przewodnik Xanathara po Wszystkim str.169";"Druid (XGE)"
"6";"DRUIDYCZNY GAJ";" Odpychanie, 6. krąg";" 10 minut";" Dotyk";" W, S, M (jemioła ścięta złotym sierpem w świetle pełni księżyca, zużywana przez zaklęcie)";" 24 godziny";" Wzywasz duchy natury, by chroniły obszar znajdujący się na otwartym terenie lub pod ziemią. Obszar ten może mieścić się w sześcianie o boku od 9 do 27 metrów. Budynki i inne konstrukcje są wyłączone z obszaru działania zaklęcia. Rzucanie tego czaru na tym samym obszarze codziennie przez cały rok powoduje jego utrwalenie do czasu rozproszenia.<br>Zaklęcie wywołuje na tym obszarze opisane niżej efekty. Podczas rzucania czaru możesz określić stworzenia, które będą niepodatne na jego efekty. Możesz także ustalić hasło, które po wypowiedzeniu zapewnia niepodatność na te efekty...<br><br>Przewodnik Xanathara po wszystkim str.152<br><br>";"Druid (XGE)"
"6";"INWESTYTURA KAMIENIA";" Przemiany, 6. krąg";" 1 akcja";" Na siebie";" W, S";" Koncentracja, do 10 minut";"   Podczas trwania czaru twoje ciało pokrywa warstwa kamieni i zyskujesz następujące korzyści:<br>-Masz odporność na obrażenia cięte, kłute i obuchowe z niemagicznych ataków.<br>-W ramach akcji możesz wywołać małe trzęsienie ziemi w promieniu 4,5 metra wokół siebie. Inne stworzenia znajdujące się na ziemi w tym obszarze muszą wykonać rzut obronny na Zręczność. W przypadku niepowodzenia zostają powalone.<br>-Pokonywanie trudnego terenu spowodowanego ziemią lub skałą nie kosztuje cię dodatkowej szybkości. Możesz przechodzić przez ubitą ziemię lub litą skałę jak przez powietrze bez naruszania ich struktury, ale nie możesz zakończyć w nich swojego ruchu. Jeśli to zrobisz, zostajesz wypchnięty w najbliższe wolne miejsce i ogłuszony do końca swojej następnej tury, a zaklęcie dobiega końca. ";"Druid (XGE)"
"6";"INWESTYTURA LODU";" Przemiany, 6. krąg";" 1 akcja";" Na siebie";" W, S";" Koncentracja, do 10 minut";"   Podczas trwania czaru twoje ciało pokrywa warstwa szronu i zyskujesz następujące korzyści:<br>-Masz niepodatność na obrażenia od zimna i odporność na obrażenia od ognia.<br>-Pokonywanie trudnego terenu spowodowanego lodem lub śniegiem nie kosztuje cię dodatkowej szybkości.<br>-Obszar w promieniu 3 metrów od ciebie pokrywa się , lodem i stanowi trudny teren dla wszystkich stworzeń oprócz ciebie. Obszar ten przemieszcza się wraz z tobą.<br>-W ramach akcji możesz wyciągnąć rękę w wybranym kierunku i stworzyć stożek lodowatego wiatru o długości 4,5 metra. Każde stworzenie w tym obszarze musi wykonać rzut obronny na Kondycję, W Przypadku niepowodzenia otrzymuje 4k6 obrażeń od zimna. Udany rzut zmniejsza obrażenia o połowę. Szybkość stworzenia, które poniosło porażkę w rzucie obronnym, zmniejsza się o połowę do początku twojej następnej tury.";"Druid (XGE)"
"6";"INWESTYTURA OGNIA";" Przemiany, 6. krąg";" 1 akcja";" Na siebie";" W, S";" Koncentracja, do 10 minut";"   Twoje ciało pokrywają płomienie, które emanują jasnym światłem w promieniu 9 metrów i słabym światłem w promieniu kolejnych 9 metrów przez czas trwania czaru. Płomienie nie wyrządzają ci krzywdy. Podczas trwania czaru zyskujesz następujące korzyści:<br>-Masz niepodatność na obrażenia od ognia i odporność na obrażenia od zimna.<br>-Każde stworzenie wchodzące po raz pierwszy w swojej turze w obszar w obrębie 1,5 metra od ciebie lub kończące tam swoją turę otrzymuje 1k10 obrażeń od ognia. <br>-W ramach akcji możesz stworzyć linię ognia - w kształcie prostej o długości 4,5 metra i szerokości 1,5 metra rozciągającą się od ciebie w wybranym kierunku. Każde stworzenie, które znajdzie się w tym obszarze, musi wykonać rzut obronny na Zręczność. W przypadku niepowodzenia otrzymuje 4k8 obrażeń od ognia. Udany rzut zmniejsza obrażenia o połowę.";"Druid (XGE)"
"6";"INWESTYTURA WIATRU";" Przemiany, 6. krąg";" 1 akcja";" Na siebie";" W, S";" Koncentracja, do 10 minut";"   Podczas trwania czaru wokół ciebie wiruje wiatr i zyskujesz następujące korzyści:<br>-Testy ataków dystansowych bronią przeciw tobie są wykonywane z utrudnieniem.<br>-Masz szybkość lotu 18 metrów. Jeśli zaklęcie dobiega końca, a ty nadal znajdujesz się w powietrzu, spadasz, chyba że możesz jakoś temu zapobiec. <br>-W ramach akcji możesz stworzyć sześcian wirującego wiatru o boku 4,5 metra i środku w punkcie, który widzisz w obrębie 18 metrów od siebie. Każde stworzenie w tym obszarze musi wykonać rzut obronny na Kondycję. W przypadku niepowodzenia otrzymuje 2k10 obrażeń obuchowych. Udany rzut zmniejsza obrażenia o połowę. Jeśli Duże lub mniejsze stworzenie poniesie porażkę w rzucie obronnym, to zostaje również odepchnięte na odległość do 3 metrów od środka sześcianu.";"Druid (XGE)"
"6";"KOŚCI ZIEMI";" Przemiany, 6. krąg";" 1 akcja";" 36 metrów";" W, S";" Natychmiastowy";" Powodujesz, że z ziemi wyrasta do sześciu kolumn w miejscach, które widzisz w zasięgu czaru. Każda kolumna ma kształt walca o średnicy 1,5 metra i wysokości, do 9 metrów. Podłoże, z którego wyrasta kolumna, musi mieć wystarczającą powierzchnię, by zmieścić średnicę kolumny. Możesz wybrać miejsce zajmowane przez istotę jeśli jest ona Średnia lub mniejsza. Każda kolumna ma KP 5 i 30 PW. Kiedy jej PW spadną do 0, kolumna się rozpada, a powstały gruz zmienia obszar o promieniu 3 metrów w trudny teren, dopóki nie zostanie on uprzątnięty. Ręczne oczyszczenie każdego 1,5-metrowego fragmentu wymaga co najmniej 1 minuty...<br><br>Przewodnik Xanathara po wszystkim str.155";"Druid (XGE)"
"6";"PIERWOTNA OCHRONA";" Odpychanie, 6. krąg";" 1 akcja";" Na siebie";" W, S";" Koncentracja, do 1 minuty";" Zyskujesz odporność na obrażenia od dźwięku, elektryczności, kwasu, ognia i zimna na czas trwania czaru. <br><br>Kiedy otrzymasz obrażenia jednego z tych typów, możesz w ramach reakcji zyskać niepodatność na ten typ obrażeń również przeciw atakowi, na który reagujesz.Jeśli to zrobisz, odporność się kończy, a ty masz niepodatność do końca swojej następnej tury, kiedy to czar dobiega końca.";"Druid (XGE)"
"7";"TRĄBA POWIETRZNA";" Wywoływanie, 7. krąg";" 1 akcja";" 90 metrów";" W, M (kawałek słomy)";" Koncentracja, do 1 minuty";" Z punktu, który widzisz W zasięgu czaru, unosi się wyjąca trąba powietrzna. Ma kształt walca o promieniu 3 metrów, wysokości 9 metrów i punkcie wyjścia we wskazanym miejscu. Podczas trwania czaru w ramach akcji możesz przesunąć trąbę powietrzną do 9 metrów po podłożu w dowolnym kierunku. Wciąga ona Średnie lub mniejsze obiekty, które nie są o niczego przymocowane, noszone ani trzymane...<br><br>Przewodnik Xanathara po wszystkim str.167";"Druid (XGE)"
