"0";"KUGLARSTWO";" Przemiany, sztuczka";" 1 akcja";" 3 metry";" W, S";" Do 1 godziny";" Wywołujesz jeden z magicznych efektów:<br>1. Sensoryczny, np.: deszcz iskier, podmuch wiatru, muzyka lub dziwaczny zapach.<br>2. Natychmiast gasisz/zapalasz świecę, pochodnię lub małe ognisko.<br>3. Natychmiast oczyszczasz/brudzisz obiekt o objętości do 27 litrów.<br>4. Na godzinę schładzasz, podgrzewasz lub nadajesz smak nieożywionej materii o objętości do 27 litrów.<br>5. Sprawiasz, że na obiekcie lub powierzchni, na godzinę pojawia się określony kolor, znak lub symbol.<br>6. Tworzysz niemagiczną błyskotkę/iluzoryczny obraz, mieszczący się w twojej dłoni, będącą widoczną do twojej następnej tury.<br>Jeśli rzucisz to zaklęcie wiele razy, możesz jednocześnie utrzymać do trzech spośród nienatychmiastowych efektów, a w ramach akcji możesz odwołać pojedynczy efekt.";"Zaklinacz"
"0";"KWASOWY ROZPRYSK";" Przywoływanie, sztuczka";" 1 akcja";" 18 metrów";" W, S";" Natychmiastowy";" Ciskasz bąblem kwasu. Wybierz jedną lub dwie istoty, które widzisz, oddalone od siebie najwyżej o 1,5 metra. Cel musi wykonać rzut obronny na Zręczność. W przypadku niepowodzenia, otrzymuje 1k6 obrażeń od kwasu.<br><br>Obrażenia z tego zaklęcia zwiększają się o 1k6, gdy osiągniesz 5. poziom (do 2k6), 11. poziom (do 3k6) i 17. poziom (do 4k6).";"Zaklinacz"
"0";"MAGICZNA DŁOŃ";" Przywoływanie, sztuczka";" 1 akcja";" 9 metrów";" W, S";" 1 minuta";" W wybranym miejscu w zasięgu czaru, pojawia się widmowa dłoń unosząca się w powietrzu. Będzie istniała przez minutę, ale zniknie wcześniej, jeśli odwołasz ją w ramach swojej akcji, znajdzie się dalej niż 9 metrów od ciebie, albo ponownie<br>rzucisz to zaklęcie. <br><br>Możesz przeznaczyć swoją akcję an kontrolowanie dłoni. Możesz używać jej do manipulowania przedmiotem, otwierania niezamkniętych na klucz drzwi lub pojemnika, chowania lub wyjmowania przedmiotu z otwartego pojemnika, albo wylania zawartości fiolki. Za każdym razem, gdy używasz dłoni, możesz przemieścić ją na odległość do 9 metrów.<br><br>Dłoń nie może atakować, uruchamiać magicznych przedmiotów, ani nieść więcej niż 5kg.";"Zaklinacz"
"0";"NAPRAWA";" Przemiany, sztuczka";" 1 minuta";" Dotyk";" W, S, M (dwa magnetyty)";" Natychmiastowy";" Czar naprawia pojedyncze uszkodzenie lub rozdarcie dotkniętego przedmiotu, np.: pęknięte ogniwo łańcucha, złamany na pół klucz, rozdarty płaszcz czy cieknący bukłak. Naprawiasz usterki, nie pozostawiając po nich śladu, o ile żaden z wymiarów uszkodzenia lub rozdarcia nie przekracza 30cm.<br><br>Przy pomocy tego czaru, możesz fizycznie naprawić magiczny przedmiot lub konstrukt, jednak nie przywracasz mu magicznego działania.";"Zaklinacz"
"0";"OGNISTY POCISK";" Wywoływanie, sztuczka";" 1 akcja";" 36 metrów";" W, S";" Natychmiastowy";" Ciskasz garścią ognia w istotę lub obiekt w zasięgu czaru. Wykonaj atak dystansowy czarem. Przy trafieniu, cel otrzymuje 1k10 obrażeń od ognia. Łatwopalne rzeczy trafione tym czarem zajmują się ogniem, o ile nie są przez kogoś noszone lub trzymane.<br><br>Obrażenia z tego zaklęcia zwiększają się o 1k10, gdy osiągniesz 5. poziom (do 2k10), 11. poziom (do 3k10) i 17. poziom (do 4k10).";"Zaklinacz"
"0";"OSŁONA PRZED ORĘŻEM";" Odpychanie, sztuczka";" 1 akcja";" Na siebie";" W, S";" 1 runda";" Wyciągasz przed siebie dłoń i kreślisz w powietrzu znak ochronny.<br><br>Do końca swojej następnej tury masz odporność na zadawane bronią obrażenia cięte, kłute i obuchowe.";"Zaklinacz"
"0";"POMNIEJSZA ILUZJA";" Iluzja, sztuczka";" 1 akcja";" 9 metrów";" S, M (trochę zwierzęcego runa)";" 1 minuta";" Tworzysz w zasięgu czaru dźwiękową lub wizualną iluzję. Iluzja kończy się, gdy rozproszysz ją wcześniej w ramach swojej akcji albo ponownie rzucisz to zaklęcie. Dźwięk, który tworzysz, może mieć zakres głośności od szeptu do krzyku. Może to być jakikolwiek dźwięk. Efekt trwa nieprzerwanie, ale możesz także stworzyć oddzielnie dźwięki pojawiające się w różnych momentach trwania czaru.<br><br>Jeśli tworzysz obraz obiektu, to musi on mieścić się w sześcianie o boku 1,5m. Obraz ten nie może emitować dźwięku ani światła, wydzielać zapachu czy tworzyć efektów sensorycznych. Fizyczna interakcja z obrazem zdemaskuje iluzję, gdyż jest ona niematerialna.<br><br>Kiedy jakaś istota poświęci swoją akcję na zbadanie stworzonego dźwięku lub obrazu, może wykryć iluzję po udanym teście na Inteligencji (Śledztwo) o ST rzutu obronnego przeciw twoim czarom. Jeżeli ktoś rozpozna iluzję, to staje się ona dla niego ledwie dostrzegalna.";"Zaklinacz"
"0";"PORAŻAJĄCY UŚCISK";" Wywoływanie, sztuczka";" 1 akcja";" Dotyk";" W, S";" Natychmiastowy";" Z twojej dłoni wyskakuje błyskawica porażająca istotę, której uda ci się dotknąć. Wykonaj atak wręcz czarem, przeciwko wybranemu celowi. Jeśli nosi on metalową zbroję, masz ułatwienie w tym teście. Przy trafieniu, cel otrzymuje 1k8 obrażeń od elektryczności i do początku swojej następnej tury nie może wykonać reakcji.<br><br>Obrażenia z tego zaklęcia zwiększają się o 1k8, gdy osiągniesz 5. poziom (do2k8), 11. poziom (do 3k8), 17. poziom (do 4k8).";"Zaklinacz"
"0";"PRAWDZIWE UDERZENIE";" Wieszczenie, sztuczka";" 1 akcja";" 9 metrów";" S";" Koncentracja, do 1 rundy";" Wyciągasz dłoń, wskazując palcem cel w zasięgu czaru. Twoja magia umożliwia ci krótki wgląd w jego obronę. <br><br>W swojej następnej turze masz ułatwienie w pierwszym teście ataku przeciw niemu, zakładając, że w międzyczasie czar nie dobiegł końca.";"Zaklinacz"
"0";"PROMIEŃ MROZU";" Wywoływanie, sztuczka";" 1 akcja";" 18 metrów";" W, S";" Natychmiastowy";" Lodowaty promień biało – błękitnego światła, wystrzeliwuje ku istocie znajdującej się w zasięgu czaru. Wykonaj atak dystansowy czarem.<br><br>Przy trafieniu, cel otrzymuje 1k8 obrażeń od zimna, a jego szybkość zostaje zmniejszona o 3 metry, do rozpoczęcia twojej następnej tury.<br><br>Obrażenia z tego zaklęcia zwiększają się o 1k8, gdy osiągniesz 5. poziom (do 2k8), 11. poziom (do 3k8) i 17. poziom (do 4k8).";""
"0";"PRZESZYWAJĄCY DOTYK";" Nekromancja, sztuczka";" 1 akcja";" 36 metrów";" W, S";" 1 runda";" Na miejscu zajmowanym przez istotę, tworzysz widmową kościaną dłoń. Wykonaj atak dystansowy czarem przeciw tej istocie, aby przeniknąć ją grobowym chłodem. W przypadku trafienia, otrzymuje 1k8 obrażeń nekrotycznych i nie może odzyskać PW, aż do rozpoczęcia twojej następnej tury. Do tego czasu ściska ją widmowa ręka.<br><br>Jeżeli celem zaklęcia jest nieumarły, to po trafieniu, do końca swojej następnej tury ma utrudnienie w testach ataku przeciw tobie.<br><br>Obrażenia z tego zaklęcia zwiększają się o 1k8, gdy osiągniesz 5. poziom (do 2k8), 11. poziom (do 3k8) i 17. poziom (do 4k8).";"Zaklinacz"
"0";"PRZYJAŹŃ";" Uroki, sztuczka";" 1 akcja";" Na siebie";" S, M (trochę makijażu na twarz)";" Koncentracja, do 1 minuty";" Działanie czaru zapewnia ci ułatwienie we wszystkich testach Charyzmy wykonywanych względem wybranej istoty, która nie jest do ciebie wrogo nastawiona. Gdy działanie czaru dobiega końca, zdaje sobie ona sprawę, że wpłynąłeś na nią magiczni, i staje się wroga. Istota agresywna może cię zaatakować. Nieagresywna może poszukiwać innego sposobu na wyrównanie rachunków (według uznania MP), zależnie od rodzaju waszej interakcji.";"Zaklinacz"
"0";"ŚWIATŁO";" Wywoływanie, sztuczka";" 1 akcja";" Dotyk";" W, M (świetlik lub fosforyzujący mech)";" 1 godzina";" Dotykasz obiektu, którego żaden z wymiarów nie przekracza 3m. Dopóki czar trwa, obiekt świeci światłem w promieniu kolejnych 6m. Czar dobiega końca, gdy rzucisz go ponownie lub zakończysz go w ramach swojej akcji.<br><br>Jeżeli rzucasz ten czar na przedmiot trzymany lub noszony przez wrogą istotę, to musi ona wykonać udany rzut obronny na Zręczność, by uniknąć efektu.";"Zaklinacz"
"0";"TAŃCZĄCE ŚWIATŁA";" Wywoływanie, sztuczka";" 1 akcja";" 36 metrów";" W,S,M (kawałek fosforu, drewna wiązu lub świetlik)";" Koncentracja, do 1 minuty";" Tworzysz w zasięgu czaru do czterech świateł o rozmiarze i wyglądzie pochodni, latarń lub świecących kul, unoszących się w powietrzu przez czas działania czaru. Możesz także z tych czterech świateł złożyć świecącą formę przypominającą Średniego humanoida. Niezależnie od wybranej formy, każde z nich świeci słabym światłem w promieniu 3.<br><br>W ramach akcji dodatkowej w swojej turze, możesz przemieścić światła na odległość do 18m w nowe miejsce w zasięgu czaru. Każde światło musi znajdować się do 6m od innego światła stworzonego tym czarem i gaśnie, gdy wyjdzie poza zasięg czaru.";"Zaklinacz"
"0";"TRUJĄCY ROZPRYSK";" Przywoływanie, sztuczka";" 1 akcja";" 3 metry";" W, S";" Natychmiastowy";" Wyciągasz dłoń ku istocie, którą widzisz w zasięgu czaru, i pryskasz w nią obłokiem szkodliwego gazu. Musi ona wykonać rzut obronny na Kondycję. W przypadku niepowodzenia otrzymuje 1k12 obrażeń od trucizny.<br><br>Na wyższych kręgach. Obrażenia zwiększają się o 1k12 gdy osiągniesz 5. poziom (do 2k12), 11. poziom (do 3k12) i 17. poziom (do 4k12).";"Zaklinacz"
"0";"WIADOMOŚĆ";" Przemiany, sztuczka";" 1 akcja";" 36 metrów";" W, S, M (kawałek miedzianego drutu)";" 1 runda";" Wskazujesz palcem istotę w zasięgu czaru i szepczesz wiadomość. Tylko adresat słyszy tę wiadomość i może na nią odpowiedzieć szeptem, który usłyszysz tylko ty.<br><br>Możesz rzucić to zaklęcie przez stałe obiekty, jeśli znasz adresata i wiesz, że znajduje się po drugiej stronie przeszkody. Zaklęcie zostaje zablokowane, jeśli na jego drodze znajduje się strefa magicznej ciszy, 30cm kamienia, 2,5cm metalu, cienka warstwa ołowiu lub 90cm drewna. Wiadomość nie musi podążać po prostej, może omijać przeszkody i korzystać z otwartych przejść.";"Zaklinacz"
"1";"BARWNA KULA";" Wywoływanie, 1. krąg";" 1 akcja";" 27 metrów";" W, S, M (diament o wartości co najmniej 50 sz)";" Natychmiastowy";" Miotasz kulą energii o średnicy 10 centymetrów w istotę, którą widzisz w zasięgu czaru. Wybierasz typ stworzonej kuli: dźwięk, elektryczność, kwas, ogień, trucizna albo zimno, po czym wykonujesz atak dystansowy czarem. Przy trafieniu, cel otrzymuje 3k8 obrażeń wybranego typu.<br><br>Na wyższych kręgach. Jeśli rzucasz ten czar,<br>wykorzystując komórkę co najmniej 2. kręgu, za każdy krąg powyżej 1. obrażenia zwiększają się o 1k8.";"Zaklinacz"
"1";"BŁYSKAWICZNY ODWRÓT";" Przemiany, 1. krąg";" 1 akcja dodatkowa";" Na siebie";" W, S";" Koncentracja, do 10 minut";" Ten czar pozwala ci niewiarygodnie szybko się przemieszczać. Gdy go rzucisz, potem w ramach każdej swojej akcji dodatkowej w czasie jego trwania, możesz wykonać Sprint.";"Zaklinacz"
"1";"CHMURA MGŁY";" Przywoływanie, 1. krąg";" 1 akcja";" 36 metrów";" W, S";" Koncentracja, do 1 godziny";" Przywołujesz kulistą chmurę mgły o promieniu 6m, której środek znajduje się w zasięgu zaklęcia. Mgła rozprzestrzenia się wokół rogów i załomów, a jej obszar jest pozbawiony widoczności. Chmura utrzymuje się do wygaśnięcia czaru, choć wcześniej może ją też rozwiać wiatr o umiarkowanej lub większej prędkości (co najmniej 15km/h).<br><br>Na wyższych kręgach. Jeśli rzucasz ten czar,<br>wykorzystując komórkę co najmniej 2. kręgu, za każdy krąg powyżej 1., zwiększasz promień chmury o 6 metrów.";"Zaklinacz"
"1";"FALA GROMU";" Wywoływanie, 1. krąg";" 1 akcja";" Na siebie (sześcian o boku 4,5 metra)";" W, S";" Natychmiastowy";" Uwalniasz falę ogłuszającej mocy.<br><br>W przestrzeni o kształcie wychodzącego od ciebie sześcianu o boku 4,5m, wszystkie istoty muszą wykonać rzut obronny na Kondycję.<br><br>W przypadku niepowodzenia, otrzymują po 2k8 obrażeń od dźwięku i zostają odepchnięte o 3m od ciebie. Po udanym rzucie, otrzymują połowę obrażeń i nie zostają odepchnięte.<br><br>Ponadto, niezabezpieczone przedmioty znajdujące się w całości na obszarze działania czaru zostają automatycznie odepchnięte o 3 metry od ciebie, a zaklęcie wywołuje ogłaszający huk słyszalny z odległości 90 metrów.<br><br>Na wyższych kręgach. Jeśli rzucasz ten czar,<br>wykorzystując komórkę co najmniej 2. kręgu, za każdy krąg powyżej 1. zwiększasz obrażenia o 1k8.";"Zaklinacz"
"1";"FAŁSZYWE ŻYCIE";" Nekromancja, 1. krąg";" 1 akcja";" Na siebie";" W, S, M (niewielka ilość alkoholu lub spirytusu)";" 1 godzina";" Zyskujesz 1k4+4 tymczasowych PW na czas trwania czaru.<br><br>Na wyższych kręgach. Jeśli rzucasz ten czar, wykorzystując komórkę co najmniej 2. kręgu, za każdy krąg powyżej 1. zyskujesz 5 dodatkowych PW.";"Zaklinacz"
"1";"KOLOROWY ROZPRYSK";" Iluzje, 1. krąg";" 1 akcja";" Na siebie (stożek o długości 4,5 metra)";" W, S, M (szczypta pyłu lub piasku, zabarwionego na czerwono, żółto i niebiesko)";" 1 runda";" Z twojej dłoni bucha oślepiające kolorowe światło. Rzuć 6k10, by określić łączną pulę punktów wytrzymałości stworzeń, które może objąć zaklęcie. Czar działa na istoty stojące wewnątrz wychodzącego z twojej dłoni stożka o długości 4.5 metra, w kolejności rosnącej według aktualnie posiadanych PW (z pominięciem istot nieprzytomnych i niewidzących).<br>Począwszy od istoty mającej aktualnie najmniej PW, każde objęte zaklęciem stworzenie zostaje oślepione do końca twojej następnej tury. Odejmuj od puli PW każdej objętej już istoty przed przejściem do kolejnej. Aby czar zadziałał na kolejną istotę, jej aktualne PW muszą mieścić się w pozostałej jeszcze puli punktów.<br><br>Na wyższych kręgach. Jeśli rzucasz ten czar,<br>wykorzystując komórkę co najmniej 2, kręgu, za każdy krąg powyżej 1. dodajesz 2k10 do puli PW obejmowanych czarem.";"Zaklinacz"
"1";"MAGICZNY POCISK";" Wywoływanie, 1. krąg";" 1 akcja";" 36 metrów";" W, S";" Natychmiastowy";" Wywołujesz trzy świetliste strzałki stworzone z magicznej energii. Każda z nich uderza w wybrany przez ciebie cel, który widzisz w zasięgu zaklęcia. Strzałka zadaje celowi 1k4 + 1 obrażeń od mocy. Strzałki uderzają jednocześnie, a ty możesz skierować je przeciw jednemu celowi lub kilku celom.<br><br>Na wyższych kręgach. Jeśli rzucasz ten czar,<br>wykorzystując komórkę co najmniej 2. kręgu, każdy krąg powyżej 1 . tworzysz dodatkową strzałkę.";"Zaklinacz"
"1";"MILCZĄCY OBRAZ";" Iluzje 1. krąg";" 1 akcja";" 18 metrów";" W, S, M (odrobina zwierzęcego runa)";" Koncentracja, do 10 minut";" Tworzysz iluzję obiektu, stworzenia lub innego widzialnego zjawiska, nieprzekraczającego wielkością sześcianu o boku 4,5m. Obraz pojawia się w miejscu wskazanym w zasięgu czaru. Jest czysto wizualny - nie może towarzyszyć mu dźwięk, zapach, ani inny efekt sensoryczny.<br><br>W ramach swojej akcji, możesz przenieść ten obraz do dowolnego miejsca w zasięgu czaru Zmieniając jego położenie, możesz wpłynąć na jego wygląd tak, by ruch wyglądał na jego własny. Przykładowo - możesz wywołać i przemieszczać obraz stworzenia, kształtując go tak, by wyglądał, jakby to stworzenie chodziło.<br><br>Fizyczna interakcja demaskuje iluzję, gdyż przenikają przez nią przedmioty. Istota przeznaczając akcję na zbadanie iluzji, może ją przejrzeć przy udanym teście Inteligencji (Śledztwo) o ST rzutu obronnego przeciw twoim czarom. Rozpoznawszy iluzję, istota może widzieć przez nią.";"Zaklinacz"
"1";"PIÓRKOSPADANIE";" Przemiany, 1. krąg";" 1 reakcja na upadek twój lub istoty w obrębie 18 metrów";" 18 metrów";" W, M (piórko lub trochę puchu)";" 1 minuta";" Wybierz do 5 spadających istot znajdujących się w zasięgu czaru. <br>W czasie działania czaru, ich szybkość spadania maleje do 18 m na rundę. Jeżeli któraś z nich w tym czasie wyląduje, to nie otrzyma obrażeń od upadku i może wylądować na nogach, a działanie zaklęcia dla niej się skończy. ";"Zaklinacz"
"1";"PŁONĄCE DŁONIE";" Wywoływanie, 1. krąg";" 1 akcja";" Na siebie (stożek o długości 4,5 metra)";" W, S";" Natychmiastowy";" Wyciągasz przed siebie rozczapierzone palce dłoni złączonych kciukami, bucha z nich wachlarz płomieni. Każda istota znajdująca się na obszarze stożka o długości 4,5 metra, musi wykonać rzut obronny na Zręczność. W przypadku niepowodzenia, otrzymuje 3k6 obrażeń od ognia. Udany rzut zmniejsza obrażenia o połowę. Ogień stworzony tym czarem podpala łatwopalne obiekty, które nie są przez nikogo noszone ani trzymane<br><br>Na wyższych kręgach. Jeśli rzucasz ten czar,<br>wykorzystując komórkę co najmniej 2. kręgu, za każdy krąg powyżej 1. zwiększasz zadawane obrażenia o 1k6.";"Zaklinacz"
"1";"PROMIEŃ ZATRUCIA";" Nekromancja, 1. krąg";" 1 akcja";" 18 metrów";" W, S";" Natychmiastowy";" Ku istocie w zasięgu czaru mknie promień chorobliwie zielonej energii. Wykonaj atak dystansowy czarem. Przy trafieniu cel otrzymuje 2k8 obrażeń od trucizny i musi wykonać rzut obronny na Kondycję. W przypadku niepowodzenia zostaje zatruty do końca twojej następnej tury.<br><br>Na wyższych kręgach. Jeśli rzucasz ten czar,<br>wykorzystując komórkę co najmniej 2. kręgu, za każdy krąg powyżej 1. zwiększasz zadawane obrażenia o 1k8.";"Zaklinacz"
"1";"PRZEBRANIE SIEBIE";" Iluzje, 1. krąg";" 1 akcja";" Na siebie";" W, S";" 1 godzina";" Zmieniasz wygląd, włącznie z ubraniem, opancerzeniem, bronią itp.. Efekt trwa przez cały czas działania czaru, lub do chwili, w której go zakończysz w ramach swojej akcji. Możesz sprawić, że będziesz wyglądać na wyższego lub niższego o 30cm, szczupłego, grubego lub przeciętnej budowy ciała, więc przyjmując nowy wygląd, jesteś ograniczony do tego samego układu kończyn. Poza tym, zakres zmian zależy od ciebie.<br><br>Fizyczne sprawdzenie zdemaskuje twoją iluzję. Przykładowo - jeśli swój strój wzbogacisz o iluzoryczny kapelusz, inne przedmioty będą przez niego przenikać, a dotykająca go osoba nie poczuje pod palcami nic, albo wymaca twoją głowę i włosy. Jeśli użyjesz zaklęcia, by wydawać się szczuplejszym, niż jesteś, to sięgająca ku tobie dłoń zderzy się z tobą, choć będzie wyglądać, jakby właściciel zatrzymał ją<br>w powietrzu. <br><br>Aby odkryć twoje przebranie, należy użyć akcji w celu przyjrzenia się twojemu wyglądowi i zdać test Inteligencji (Śledztwo) o ST rzutu obronnego przeciw twoim czarom.";"Zaklinacz"
"1";"ROZUMIENIE JĘZYKÓW";" Wieszczenie, 1. krąg (rytuał)";" 1 akcja";" Na siebie";" W, S, M (szczypta sadzy i soli)";" 1 godzina";" Na czas działania czaru uzyskujesz zdolność dosłownego rozumienia mowy W każdym języku, jaki słyszysz. Rozumiesz także pismo, które widzisz, ale musisz W tym celu dotykać powierzchni, na której zostały zapisane słowa. Przeczytanie jednej strony tekstu zajmuje około 1 minuty. Przy pomocy tego zaklęcia nie rozszyfrujesz tajnych wiadomości W tekście ani glifu, takiego jak magiczna pieczęć, który nie jest częścią języka pisanego.";"Zaklinacz"
"1";"SKOK";" Przemiany, 1. krąg";" 1 akcja";" Dotyk";" W, S, M (tylna noga pasikonika)";" 1 minuta";" Dotykasz wybranej istoty. Odległość jej skoku zostaje potrojona na czas działania czaru.";"Zaklinacz"
"1";"TARCZA";" Odpychanie, 1. krąg";" 1 reakcja podejmowana, gdy trafia cię atak, lub stajesz się celem magicznego pocisku";" Na siebie";" W, S";" 1 runda";" Sprawiasz, że pojawia się przy tobie chroniąca cię bariera magicznej mocy. Do rozpoczęcia swojej następnej tury masz premię +5 do KP również przeciwko atakowi, na który reagujesz, oraz nie otrzymujesz obrażeń od magicznego pocisku.";"Zaklinacz"
"1";"UŚPIENIE";" Uroki, 1. krąg";" 1 akcja";" 27 metrów";" W, S, M (szczypta piasku, różane płatki lub świerszcz)";" 1 minuta";" Tym zaklęciem sprawiasz, że objęte nimi istoty pogrążają się w magicznym śnie. Rzuć 5k8, by określić łączną pulę punktów wytrzymałości stworzeń, które obejmie zaklęcie. Czar działa na istoty znajdujące się w obrębie 6m od wskazanego punktu w zasięgu, w kolejności rosnącej według aktualnie posiadanych PW (z pominięciem istot nieprzytomnych).<br><br>Poczynając od istoty mającej najmniej aktualnych PW, wszystkie kolejne objęte tym czarem padają nieprzytomne i śpią do momentu wygaśnięcia czaru, otrzymania obrażeń albo do chwili, w której ktoś przeznaczy swoją akcję na obudzenie ich potrząśnięciem lub uderzeniem. Odejmij od puli PW każdej objętej już istoty, przed przejściem do kolejnej. Aby czar zadziałał na kolejną istotę, jej aktualne PW muszą mieścić się w pozostałej jeszcze puli punktów.";"Zaklinacz"
"1";"WIEDŹMI POCISK";" Wywoływanie, 1. krąg";" 1 akcja";" 9 metrów";" W, S, M (gałązka z drzewa uderzonego piorunem)";" Koncentracja, do 1 minuty";" Promień trzaskającej, błękitnej energii wystrzela w kierunku stworzenia w zasięgu czaru i tworzy łuk elektryczności pomiędzy tobą a nim. Wykonaj atak dystansowy czarem przeciwko celowi zaklęcia. Przy trafieniu otrzymuje on 1k12 obrażeń od elektryczności, a w każdej kolejnej turze podczas trwania czaru możesz w ramach swojej akcji automatycznie zadać mu kolejne 1k12 obrażeń.<br><br>Zaklęcie kończy się, jeśli wykorzystasz swoją akcję do czegokolwiek innego. Przestanie działać również wtedy, kiedy twój cel wyjdzie poza zasięg zaklęcia albo znajdzie się za całkowitą osłoną.<br><br>Na wyższych kręgach. Jeśli rzucasz ten czar,<br>wykorzystując komórkę co najmniej 2. kręgu, za każdy krąg powyżej 1. zwiększasz początkowe obrażenia o 1k12.";"Zaklinacz"
"1";"WYKRYCIE MAGII";" Wieszczenie, 1. krąg rytuał";" 1 akcja";" Na siebie";" W, S, M";" Koncentracja, do 10 min";" Podczas trwania czaru, wyczuwasz magię w obrębie 9m od siebie. Gdy wykryjesz w ten sposób obecność magii w stworzeniu lub obiekcie, możesz wykorzystać swoją akcję, by zobaczyć jego nikłą aurę i dowiedzieć się, z jakiej szkoły pochodzi ta magia (jeśli przynależy do którejś ze szkół). <br><br>Wykrycie magii przenika przez większość barier, ale jest blokowane przez kamień o grubości 30 cm, metal o grubości 2,5cm, drewno lub ziemię o grubości 90 cm lub cienką warstwę ołowiu.";"Zaklinacz"
"1";"ZAUROCZENIE OSOBY";" Uroki, 1. krąg";" 1 akcja";" 9 metrów";" W, S";" 1 godzina";" Próbujesz zauroczyć humanoida, którego widzisz w zasięgu czaru. Musi on wykonać rzut obronny na Mądrość, w którym ma ułatwienie, jeśli walczy z tobą, lub z którymś z twoich towarzyszy. W przypadku niepowodzenia zostaje przez ciebie zauroczony na czas trwania zaklęcia lub do momentu, w którym ty, lub któryś z twoich towarzyszy zadziałacie na jego szkodę. Zauroczony humanoid postrzega ciebie jako<br>przyjaznego znajomego. Gdy czar dobiega końca, cel ma świadomość, że został przez ciebie zauroczony.<br><br>Na wyższych kręgach. Jeśli rzucasz ten czar,<br>wykorzystując komórkę co najmniej 2. kręgu, za każdy krąg powyżej 1. możesz objąć zauroczeniem dodatkową istotę. W momencie rzucania czaru, wszystkie cele muszą przebywać w obrębie 9m od siebie.";"Zaklinacz"
"1";"ZBROJA MAGA";" Odpychanie, 1. krąg";" 1 akcja";" Dotyk";" W,S,M (kawałek wyprawionej skóry)";" 8 godzin";" Dotykasz przychylnej istoty, która nie nosi pancerza, i na czas trwania czaru otaczasz ją ochronną magiczną energią.<br><br>KP celu przyjmuje wartość 13 + jego modyfikator ze Zręczności. <br><br>Efekt mija, gdy cel założy zbroję lub gdy zakończysz czar w ramach swojej akcji.";"Zaklinacz"
"2";"CHMURA SZTYLETÓW";" Przywoływanie, 2. krąg";" 1 akcja";" 18 metrów";" W, S, M (szklana drzazga)";" Koncentracja, do 1 minuty";" W powietrzu pojawia się chmura wirujących sztyletów, formująca sześcian o boku 1,5m, którego środek znajduje się w zasięgu czaru. Istota wchodząca w obszar działania czaru pierwszy raz w swojej turze, albo rozpoczynająca w nim turę otrzymuje 4k4 obrażeń ciętych.<br><br>Na wyższych kręgach. Jeśli rzucasz ten czar,<br>wykorzystując komórkę co najmniej 3. kręgu, za każdy krąg powyżej 2., zwiększasz obrażenia o 2k4.";"Zaklinacz"
"2";"CIEMNOŚĆ";" Wywoływanie, 2. krąg";" 1 akcja";" 18 metrów";" W, M (futro nietoperza oraz kropla smoły lub kawałek drewna)";" Koncentracja, do 10 minut";" Wskazujesz punkt w zasięgu czaru i wysnuwasz z niego magiczną ciemność, wypełniając nią kulistą przestrzeń o promieniu 4,5m. Ciemność rozprzestrzenia się wokół rogów i załomów. Istoty posiadające zdolność do widzenia w ciemności nie mogą jej przejrzeć, a niemagiczne światło, nie może jej rozświetlić.<br><br>Jeśli wskazany punkt znajduje się na przedmiocie trzymanym przez ciebie, albo takim, który nie jest trzymany lub noszony przez kogoś innego, to ciemność rozchodzi się z tego przedmiotu i przemieszcza wraz z nim. Całkowite zakrycie źródła nieprzezroczystym przedmiotem, np. miską lub hełmem, blokuje emanację ciemności. Jeśli obszar magicznej ciemności nałoży się na obszar magicznego światła stworzonego zaklęciem z kręgu 2., lub niższego, to zaklęcie światła zostaje rozproszone.";"Zaklinacz"
"2";"GŁUCHOTA/ŚLEPOTA";" Nekromancja, 2. krąg";" 1 akcja";" 9 metrów";" W";" 1 minuta";" Możesz pozbawić przeciwnika wzroku lub słuchu. Wybierasz istotę, którą widzisz w zasięgu czaru, musi ona wykonać rzut obronny na Kondycję. W przypadku niepowodzenia staje się oślepiona albo ogłuchła (zgodnie z twoim wyborem), na czas działania zaklęcia. Może ponawiać rzut obronny na Kondycję pod koniec każdy swoje tury, a gdy odniesie sukces, wyzwala się spod działania czaru.<br><br>Na wyższych kręgach. Jeśli rzucasz ten czar,<br>wykorzystując komórkę co najmniej 3. kręgu, za każdy krąg powyżej 2. możesz objąć tym zaklęciem dodatkową istotę.";"Zaklinacz"
"2";"KOŁATKA";" Przemiany, 2. krąg";" 1 akcja";" 18 metrów";" W";" Natychmiastowy";" Wybierz obiekt, który widzisz w zasięgu czaru. Mogą to być drzwi, skrzynia, kufer, kajdany, kłódka, albo inna rzecz, zawierająca zwyczajny lub magiczny środek uniemożliwiający dostęp.<br><br>To, co było zamknięte na zamek bądź zasuwę,<br>lub zablokowane, zostaje otwarte lub odblokowane. Jeśli daną rzecz zabezpiecza więcej zamków, otwiera się tylko jeden z nich.<br><br>Jeśli wymierzysz zaklęcie w cel chroniony magicznym zamkiem, zakłócasz jego działanie na 10 minut, podczas których możesz normalnie otwierać i zamykać chroniony obiekt. Gdy rzucasz to zaklęcie, rozlega się donośny dźwięk kołatki, dobiegający z otwieranego obiektu i roznoszący się na 90 metrów.";"Zaklinacz"
"2";"KORONA OBŁĘDU";" Uroki, 2. krąg";" 1 akcja";" 36 metrów";" W, S";" Koncentracja, do 1 minuty";" Wybierz humanoida, którego widzisz w zasięgu czaru. Musi on wykonać rzut obronny na Mądrość. W przypadku niepowodzenia, zostanie przez ciebie zauroczony na czas trwania zaklęcia. Na głowie zauroczonej osoby pojawia się dziwaczna korona z żelaznych cierni, a w jej oczach lśni obłęd.<br><br>Zauroczona osoba w każdej swojej turze przed poruszeniem się, musi wykorzystać swoją akcję, by zaatakować wręcz inne stworzenie, które jej telepatycznie wskażesz. Jeśli nie wyznaczysz celu, lub żaden nie znajduje się w zasięgu zauroczonej osoby, to może ona zachowywać się normalnie. <br><br>Aby podtrzymać zaklęcie, musisz w kolejnych turach używać swojej akcji na utrzymanie kontroli nad celem. Co więcej, zauroczona istota może ponawiać rzut obronny na Mądrość, pod koniec każdej swojej tury. Gdy odniesie sukces, czar dobiega końca.";"Zaklinacz"
"2";"KROK PRZEZ MGŁĘ";" Przywoływanie, 2. krąg";" 1 akcja dodatkowa";" Na siebie";" W";" Natychmiastowy";" Otaczasz się na moment srebrzystą mgłą i teleportujesz się na odległość 9m w wolne miejsce, które widzisz.";"Zaklinacz"
"2";"LUSTRZANE ODBICIA";" Iluzje, 2. krąg";" 1 akcja";" Na siebie";" W, S";" 1 minuta";" Pojawiają się przy tobie twoje trzy iluzoryczne kopie. Do zakończenia czaru przemieszczają się wraz z tobą, naśladują twoje działania i zmieniają pozycję tak, by uniemożliwić odróżnienie ich od ciebie. W ramach swojej akcji możesz odwołać tę iluzję.<br><br>Za każdym razem, gdy jesteś celem ataku podczas trwania zaklęcia, rzuć k20, by sprawdzić, czy atak trafił w ciebie, czy w twoją kopię. Gdy posiadasz trzy kopie, musisz wyrzucić co najmniej 6, by atak został przekierowany na iluzję. Przy dwóch kopiach, musisz wyrzucić co najmniej 8. Mając tylko jedną kopię, musisz wyrzucić co najmniej 11. KP twojego lustrzanego odbicia wynosi 10 + twój modyfikator ze Zręczności. Iluzja trafiona atakiem - znika. Iluzję może zniszczyć jedynie wymierzony w nią atak - ignoruje wszystkie inne efekty i źródła obrażeń. Zaklęcie wygasa, gdy wszystkie trzy kopie zostaną zniszczone.<br><br> Iluzja nie zadziała na istotę, która jej nie widzi, albo polega na zmysłach innych niż wzrok, np. ślepowidzeniu, bądź potrafi przejrzeć iluzje, jak przy pomocy zdolności prawdziwego widzenia.";"Zaklinacz"
"2";"LEWITACJA";" Przemiany, 2. krąg";" 1 akcja";" 18 metrów";" W, S, M (rzemienna pętla albo kawałek złotego drutu wygiętego w kształt kielicha z długą nóżką)";" Koncentracja, do 10 minut";" Jedna istota lub nieprzymocowana rzecz, którą widzisz w zasięgu czaru, wznosi się pionowo na wysokość do 6 metrów i pozostaje zawieszona w powietrzu przez czas trwania czaru. Zaklęcie uniesie cel ważący do 150 kilogramów. Jeśli istota nie chce, by czar na nią zadziałał, musi wykonać udany rzut obronny na Kondycję.<br><br>Cel zaklęcia może się przemieszczać, odpychając się od obiektów lub powierzchni znajdujących się w jego zasięgu (ściana, sufit), albo przyciągając się do nich, jakby się wspinał. W swojej turze możesz zmniejszyć lub zwiększyć wysokość celu o 6 metrów. Jeśli celem zaklęcia jesteś ty, to możesz przemieścić się w górę lub w dół w ramach swojego ruchu w turze. W innym przypadku możesz użyć swojej akcji, aby przemieścić unoszący się cel, który musi pozostać w zasięgu czaru. <br><br>Jeżeli w momencie zakończenia czaru, jego cel nadal unosi się w powietrzu, to łagodnie opada na ziemię.";"Zaklinacz"
"2";"NIEWIDZIALNOŚĆ";" Iluzje, 2. krąg";" 1 akcja";" Dotyk";" W, S, M (rzęsa zatopiona w gumie arabskiej)";" Koncentracja, do 1 godziny";" Istota, której dotykasz, staje się niewidzialna na czas trwania czaru. Całe jej wyposażenie i odzienie również jest niewidzialne, dopóki się na niej znajduje. Zaklęcie kończy się, gdy jego cel wykona atak lub rzuci czar.<br><br>Na wyższych kręgach. Jeśli rzucasz ten czar,<br>wykorzystując komórę co najmniej 3. kręgu, za każdy krąg powyżej 2., możesz objąć zaklęciem dodatkową istotę. ";"Zaklinacz"
"2";"PAJĘCZA WSPINACZKA";" Przemiany, 2. krąg";" 1 akcja";" Dotyk";" W, S, M (kropla smoły i pająk)";" Koncentracja, do 1 godziny";" Przychylna, dotknięta przez ciebie istota, zyskuje do końca trwania czaru zdolność poruszania się w górę, w dół i w poprzek pionowych powierzchni oraz chodzenia po suficie do góry nogami. Cel zaklęcia zachowuje przy tym wolne ręce, a jego szybkość wspinania się jest równa jego szybkości chodzenia.";"Zaklinacz"
"2";"PAJĘCZYNA";" Przywoływanie, 2. krąg";" 1 akcja";" 18 metrów";" W, S, M (odrobina sieci pajęczej)";" Koncentracja, do 1 godziny";" Sprowadzasz pajęczynę, która wypełnia obszar w kształcie sześcianu o boku 6 metrów i czyni go trudnym terenem o ograniczonej widoczności. Musi zostać rozpięta między dwoma obiektami, ułożona na podłodze, ścianie lub suficie. Pajęczyna na powierzchni płaskiej ma głębokość 1,5m. Każde stworzenie rozpoczynające w pajęczynie swoją turę, lub wchodzące do niej w swojej turze, wykonuje rzut obronny na Zręczność. W przypadku niepowodzenia, stworzenie zostaje unieruchomione, dopóki pozostaje w sieci, albo się wyswobodzi.<br><br>Unieruchomione stworzenie może w ramach swojej akcji wykonać test Siły o ST rzutu obronnego przeciw twoim czarom. Uwalnia się, gdy odniesie sukces. Pajęczyna jest łatwopalna. Fragment sieci w kształcie sześcianu o boku 1,5m wystawiony na działania ognia, spala się w ciągu jednej rundy, zadając istotom rozpoczynającym w nim swoją turę 2k4 obrażeń od ognia.";"Zaklinacz"
"2";"PORYW WIATRU";" Wywoływanie, 2. krąg";" 1 akcja";" Na siebie (prosta o długości 18 metrów)";" W, S, M (nasiono ze strąka)";" Koncentracja, do 1 minuty";" Wywołujesz podmuch silnego wiatru, który wieje od ciebie w wybranym kierunku, tworząc prostą o długości 18 metrów i szerokości 3 metrów. Wiatr wieje przez cały czas działania czaru. Każda istota rozpoczynająca swoją turę w jego obszarze, musi wykonać rzut obronny na Siłę, W przypadku niepowodzenia, zostanie odepchnięta od ciebie o 4,5 metra zgodnie z kierunkiem wiatru. Istoty znajdujące się w obszarze czaru i próbujące się do ciebie zbliżyć, muszą zużyć dodatkowy metr szybkości za każdy przebyty metr. Wiatr rozwiewa gaz i opary, a także gasi świece, pochodnie i podobne niechronione płomienie na swoim obszarze. Sprawia, że chroniony płomień (na przykład latarni) pełga niespokojnie i ma 50% szansy na to, że zgaśnie. Podczas trwania czaru w ramach akcji dodatkowej w swojej turze, możesz zmienić kierunek, w którym wieje od ciebie wiatr.";"Zaklinacz"
"2";"POWIĘKSZENIE/POMNIEJSZENIE";" Przemiany, 2. krąg";" 1 akcja";" 9 metrów";" W, S, M (szczypta sproszkowanego żelaza)";" Koncentracja, do 1 minuty";" Powodujesz, że istota lub rzecz widoczna w zasięgu czaru ulega powiększeniu lub pomniejszeniu na czas trwania czaru. Wybierz stworzenie lub obiekt, który nie jest noszony ani trzymany. Jeżeli cel nie chce poddać się działaniu zaklęcia, wykonuje rzut obronny na Kondycję. Udany rzut oznacza, że czar nie zadziała.<br>Gdy celem jest istota, jej wyposażenie zmienia rozmiar wraz z nią. Wszystko, co upuści, powraca natychmiast do swojego naturalnego rozmiaru.<br>*Powiększenie. Wszystkie wymiary celu się podwajają, a waga zwiększa się ośmiokrotnie. Wzrost powoduje zwiększenie rozmiaru o jeden stopień. Jeśli miejsce nie pozwala na podwojenie wielkości celu, przyjmuje on maksymalny rozmiar możliwy w danej przestrzeni. Ułatwienie w testach Siły i opartych na niej rzutach obronnych. Póki trzymana broń jest powiększona, zadaje + 1k4 obrażeń. <br>*Pomniejszenie. Wszystkie wymiary celu zmniejszają się dwukrotnie, a waga spada ośmiokrotnie. Powoduje zmniejszenie o jeden stopień. Utrudnienie w testach Siły i opartych na niej rzutach obronnych. Póki trzymana broń jest pomniejszona, zadaje o 1k4 obrażeń mniej (minimalnie 1).";"Zaklinacz"
"2";"ROZMYCIE";" Iluzje, 2. krąg";" 1 akcja";" Na siebie";" W";" Koncentracja, do 1 minuty";" Twoja sylwetka w oczach wszystkich, którzy cię widzą, staje się rozmyta, niestabilna i niewyraźna. Podczas działania czaru, przeciwnicy mają utrudnienie w testach ataku przeciwko tobie. Istota jest odporna na ten efekt, jeśli nie polega na wzorku, np. dzięki ślepowidzeniu, lub potrafi przejrzeć iluzję, np. dzięki zdolności prawdziwego widzenia.";"Zaklinacz"
"2";"SUGESTIA";" Uroki, 2. krąg ";" 1 akcja";" 9 metrów";" W, M (język węża i plaster miodu lub kropla słodkiego olejku)";" Koncentracja, do 8 godzin";" Wybierz istotę, która może cię usłyszeć i zrozumieć. Wpływasz na jej umysł i w jednym lub dwóch zdaniach sugerujesz jej kierunek działań. Istoty odporne na zauroczenie są niepodatne. Sugestia musi być sformułowana w taki sposób, by brzmiała rozsądnie. Zaklęcie skończy się, jeśli każesz komuś dźgnąć się nożem, rzucić się na włócznię, podpalić się, albo w inny sposób zaszkodzić samemu sobie.<br>Cel musi wykonać rzut obronny na Mądrość. W przypadku niepowodzenia działa zgodnie z twoją sugestią najlepiej jak potrafi. Może to robić przez cały czas trwania zaklęcia, chyba że sugerowane działanie da się ukończyć wcześniej - wówczas ukończenie zadania sprawi, że zaklęcie dobiegnie końca. Możesz określić warunki, w których sugerowane działanie ma zostać rozpoczęte. Przykładowo, możesz zasugerować rycerce, by oddała swego rumaka pierwszemu napotkanemu żebrakowi. Jeśli w czasie trwania czaru okoliczności nie wystąpi, działanie nie zostanie podjęte...<br><br>Podręcznik gracza str.267<br><br>";"Zaklinacz"
"2";"TRZASK";" Wywoływanie, 2. krąg";" 1 akcja";" 18 metrów";" W, S, M (odłamek miki)";" Natychmiastowy";" Z punktu, który widzisz w zasięgu czaru, dobywa się nagły, głośny i boleśnie intensywny dźwięk. Każda istota znajdująca się w obrębie strefy o promieniu 3m wokół tego punktu, musi wykonać rzut obronny na Kondycję. W przypadku niepowodzenia otrzymuje 3k8 obrażeń od dźwięku. Udany rzut zmniejsza obrażenia o połowę. Stworzenia z materii nieorganicznej, takiej jak kamień, kryształ lub metal, mają w tym rzucie utrudnienie. Obrażenia otrzymują również znajdujące się w zasięgu czaru niemagiczne obiekty, które ni są noszone lub trzymane. <br><br>Na wyższych kręgach. Jeśli rzucasz ten czar, wykorzystując komórkę co najmniej 3. kręgu, za każdy krąg powyżej 2., zwiększasz zadawane obrażenia o 1k8.";"Zaklinacz"
"2";"UNIERUCHOMIENIE OSOBY";" Uroki, 2. krąg";" 1 akcja";" 18 metrów";" W, S, M (prosty kawałek żelaza)";" Koncentracja, do 1 minuty";" Wybierasz humanoida, którego widzisz w zasięgu czaru. Cel musi wykonać rzut obronny na Mądrość. W przypadku niepowodzenia, zostaje sparaliżowany na czas trwania czaru. Pod koniec każdej swojej tury może ponowić rzut obronny<br>na Mądrość. Udany rzut oznacza wyzwolenie się z efektu czaru.<br><br>Na wyższych kręgach. Jeśli rzucasz ten czar,<br>wykorzystując komórkę co najmniej 3. kręgu, za każdy krąg powyżej 2. możesz objąć czarem jednego dodatkowego humanoida. Wszystkie cele zaklęcia muszą znajdować się w obrębie 9m od siebie.<br>";"Zaklinacz"
"2";"UROJONA SIŁA";" Iluzje, 2. krąg";" 1 akcja";" 18 metrów";" W, S, M (trochę runa)";" Koncentracja, do 1 minuty";" Wywołujesz iluzję w umyśle istoty, którą widzisz. Musi ona wykonać rzut obronny na Inteligencję. W przypadku niepowodzenia, tworzysz urojony obiekt, stworzenie lub inne zjawisko, które nie jest większe niż sześcian o boku 3m i widoczne tylko dla istoty będącej celem czaru. Zaklęcie nie działa na konstrukty i nieumarłych. Halucynację obejmuje również dźwięk, temperaturę i inne bodźce odbierane jedynie przez zaczarowaną istotę. Cel zaklęcia może przeznaczyć<br>swoją akcję na zbadanie widziadła i wykonanie testu Inteligencji (Śledztwo) o ST rzutu obronnego przeciw twoim czarom. Sukces oznacza, że rozpoznał iluzję i czar dobiega końca. Istota znajdująca się pod wpływem zaklęcia, traktuje jego wytwór jako realny. Próbuje racjonalizować jakiekolwiek luki w logice pojawiające się w interakcji z widziadłem. Omamiona istota jest tak pewna iluzorycznego tworu, że może nawet otrzymać od niego obrażenia. W każdej rundzie w twojej turze widziadło może zadać 1k6 obrażeń psychicznych omamionej istocie, jeśli znajduje się ona na jego obszarze lub w obrębie 1,5m od niego...<br><br>Podręcznik gracza str.275";"Zaklinacz"
"2";"WIDZENIE NIEWIDZIALNEGO";" Wieszczenie, 2. krąg";" 1 akcja";" Na siebie";" W, S, M (szczypta talku i odrobina sproszkowanego srebra)";" 1 godzina";" Podczas działania tego czaru, widzisz niewidzialne istoty i obiekty tak, jakby były widoczne, a także możesz spoglądać w Sferę Eteryczną. Eteryczne istoty i obiekty jawią ci się jako widmowe i przejrzyste.";"Zaklinacz"
"2";"WIDZENIE W CIEMNOŚCI";" Przemiany, 2. krąg";" 1 akcja";" Dotyk";" W, S, M (agat lub szczypta suszonej marchwi)";" 8 godzin";" Dotykasz przychylnej istoty i zapewniasz jej możliwość widzenia w mroku. W czasie trwania czaru, ma ona zdolność widzenia w ciemności na odległość 18m.";"Zaklinacz"
"2";"WYKRYCIE MYŚLI";" Wieszczenie, 2. krąg";" 1 akcja";" Na siebie";" W, S, M (sztuka miedzi)";" Koncentracja, do 1 minuty";" Gdy rzucasz to zaklęcie oraz w ramach swojej akcji w każdej turze podczas jego trwania, możesz czytać w myślach istoty, którą widzisz w obrębie 9 metrów. Nie działa na istoty o Inteligencji mniejszej niż 4 lub nie znające żadnego języka. Wykorzystując swoją akcję, możesz przenieść uwagę na myślach innej istoty lub pogłębić myśli obecnego celu. Jeżeli badasz głębiej, cel wykonuje rzut obronny na Mądrość. W przypadku niepowodzenia – poznajesz jego motywację, stan emocjonalny i sprawę istotną w jego umyśle. Udany rzut obronny kończy działanie zaklęcia. Istota zdaje sobie sprawę, że badasz jej umysł. Jeśli nie przeniesiesz uwagi na umysł kogoś innego, to w ramach swojej akcji może ona wykonać z tobą test sporny na Inteligencję. Jeśli wygra, czar się kończy. <br>Przydatne podczas przesłuchań oraz do wykrywania obecności inteligentnych stworzeń, których nie widzisz. Możesz nasłuchiwać myśli w obrębie 9m od siebie...<br><br>Podręcznik gracza str.281";"Zaklinacz"
"2";"WYPALAJĄCY PROMIEŃ";" Wywoływanie, 2. krąg";" 1 akcja";" 36 metrów";" W, S";" Natychmiastowy";" Tworzysz 3 ogniste promienie i strzelasz nimi w stworzenia w zasięgu czaru. Możesz wszystkie skierować w ten sam cel lub w różne cele.<br><br>Wykonaj atak dystansowy czarem, osobny dla każdego promienia. Przy trafieniu cel otrzymuje 2k6 obrażeń od ognia.<br><br>Na wyższych kręgach. Jeśli rzucasz ten czar,<br>wykorzystując komórkę co najmniej 3. kręgu, za każdy krąg powyżej 3. tworzysz dodatkowy promień.";"Zaklinacz"
"2";"WZMOCNIENIE CECHY";" Przemiany, 2. krąg";" 1 akcja";" Dotyk";" W, S, M (zwierzęce pióro lub futro)";" Koncentracja, do 1 godziny";" Wybierz jedną spośród dostępnych możliwości, istota zostanie objęta jej efektem na czas działania czaru. *Bycza siła. Cel ma ułatwienie w testach Siły, a jego udźwig ulega podwojeniu.<br>*Kocia zwinność. Cel ma ułatwienie w testach Zręczności oraz nie otrzymuje obrażeń od upadków z wysokości do 6m, o ile nie jest obezwładniony. <br>*Lisia przebiegłość. Cel ma ułatwienie w testach<br>Inteligencji. <br>*Orli majestat. Cel ma ułatwienie w testach Charyzmy. <br>*Niedźwiedzia wytrzymałość. Cel ma ułatwienie<br>w testach Kondycji i otrzymuje 2k6 tymczasowych PW, które znikają po zakończeniu działania czaru. <br>*Sowia mądrość. Cel ma ułatwienie w testach Mądrości. <br>Na wyższych kręgach. Jeśli rzucasz ten czar,<br>wykorzystując komórkę co najmniej 3. kręgu, zakażcie krąg powyżej 2. możesz objąć czarem dodatkową istotę.";"Zaklinacz"
"2";"ZMIANA SIEBIE";" Przemiany, 2. krąg";" 1 akcja";" Na siebie";" W, S";" Koncentracja, do 1 godziny";" Przyjmujesz nowy kształt. Wybierz jedną spośród podanych możliwości. Jej efekty utrzymują się przez cały czas trwania zaklęcia. W tym czasie możesz również w ramach swojej akcji zrezygnować z aktualnie wybranej opcji i zastąpić ją inną.<br><br>* Naturalne bronie. Wykształcasz pazury, kły, kolce, rogi lub inną broń naturalną. Twoje ataki zadają 1k6 obrażeń kłutych, ciętych lub obuchowych, zależnie od jej rodzaju, a także masz biegłość w walce wręcz. Co więcej, twoja naturalna broń jest magiczna, więc zapewnia ci premię +1 do ataku i obrażeń.<br>*Organizm wodny. Dostosowujesz swoje ciało do życia w wodzie. Wykształcasz skrzela i błonę pławną. Możesz oddychać pod wodą i pływasz z szybkością równą szybkości chodzenia.<br>*Zmiana wyglądu. Określasz wygląd, wzrost, wagę, rysy twarzy, głos, długość i kolor włosów, odcień skóry i cechy szczególne. Możesz przyjąć wygląd innej rasy, choć nie zmieni to twoich statystyk. <br><br>Zmiana wyglądu nie wpływa też na twoją kategorię wielkości, a twój podstawowy kształt musi pozostać zbliżony, np. nie zrobisz z siebie czworonoga, jeśli jesteś dwunożny.";"Zaklinacz"
"3";"FORMA GAZOWA";" Przemiany, 3. krąg";" 1 akcja";" Dotyk";" W, S, M (kawałek gazy i smużka dymu)";" Koncentracja, do 1 godziny";" Dotknięciem przemieniasz przychylną ci istotę i jej wyposażenie w kłąb mgły. Zaklęcie kończy się, gdy punkty wytrzymałości istoty spadną do 0. Bezcielesne stworzenia są niepodatne na ten czar.<br><br>W formie gazowej istota porusza się, latając z szybkością 3m. Może przebywać w miejscu zajmowanym przez inne stworzenie. Posiada odporność na obrażenia niemagiczne i ułatwienie w rzutach obronnych na Siłę, Zręczność i Kondycję. Może przeciskać się przez niewielkie otwory, wąskie szczeliny, a nawet małe pęknięcia, ale traktuje płyny, jakby były ciałem stałym. Istota w formie gazowej, nie może spać i unosi się w powietrzu nawet ogłuszona lub obezwładniona.<br><br>W formie mgły nie można mówić ani używać przedmiotów, a posiadanych rzeczy nie można upuścić, użyć ani oddziaływać na nie w inny sposób. Nie da się też atakować i rzucać zaklęć.";"Zaklinacz"
"3";"HIPNOTYCZNY WZÓR";" Iluzje, 3. krąg";" 1 akcja";" 36 metrów";" S, M (płonące kadzidełko albo kryształowa fiolka z fosforyzującą zawartością)";" Koncentracja, do 1 minuty";" Tworzysz wijący się barwny wzór, poruszający się w powietrzu w obrębie sześcianu o boku 9m. Wzór pojawia się na chwilę, po czym znika. Stworzenia w obszarze działania zaklęcia, które widzą wzór, muszą zdać rzut obronny na Mądrość, albo zostaną zauroczone na czas trwania zaklęcia. <br><br>Zauroczone istoty są traktowane jako obezwładnione, a ich szybkość wynosi 0.<br>Zauroczenie mija, jeśli istota otrzyma obrażenia albo ktoś przeznaczy swoją akcję, by wyrwać ją z otępienia.";"Zaklinacz"
"3";"JASNOWIDZENIE";" Wieszczenie, 3. krąg";" 10 minut";" 1,5 kilometra";" W, S, M (fokus o wartości co najmniej 100 sz – wysadzany klejnotami róg do słuchania, albo szklane oko do patrzenia)";" Koncentracja, do 10 minut";" Tworzysz niewidzialny czujnik w zasięgu czaru, w miejscu ci znajomym (odwiedzonym lub widzianym wcześniej), albo nieznanym, ale oczywistym (np. za drzwiami, za rogiem, w zagajniku). Czujnik  pozostanie tam przez czas trwania czaru. Nie można go zaatakować ani poddać żadnemu działaniu. <br>Podczas rzucania zaklęcia, określasz typ zmysłu, jakim ma dysponować czujnik - słuch czy wzrok. Możesz potem używać zmysłu czujnika tak, jakbyś był na jego miejscu. W ramach swojej akcji, możesz przełączać się między słuchaniem a<br>patrzeniem. <br>Istoty potrafiące dostrzec czujnik (np. mające zdolność prawdziwego widzenia lub korzystające z efektów czaru widzenia niewidzialnego), widzą świetlistą, niematerialną kulę wielkości twojej pięści.";"Zaklinacz"
"3";"JĘZYKI";" Wieszczenie, 3. krąg";" 1 akcja";" Dotyk";" W, M (mała gliniana figurka zigguratu)";" 1 godzina";" Dotykasz wybranej istoty i zapewniasz jej zdolność<br>rozumienia każdego języka. Ponadto, kiedy ona przemawia, rozumie ją każde słyszące ją stworzenie, które zna jakikolwiek język.";"Zaklinacz"
"3";"KULA OGNIA";" Wywoływanie, 3. krąg";" 1 akcja";" 45 metrów";" W, S, M (niewielka kulka nietoperzowego guana i siarki)";" Natychmiastowy";" Z twojego palca wskazującego wystrzeliwuje jasna smuga, która we wskazanym miejscu w zasięgu czaru z rykiem rozwija się w ognistą eksplozję. Każda istota znajdująca się w obrębie sfery o promieniu 6 metrów ze środkiem we wskazanym punkcie musi wykonać rzut obronny na Zręczność.  W przypadku niepowodzenia otrzymuje 8k6 obrażeń od ognia. Udany rzut zmniejsza obrażenia o połowę.<br><br>Ogień rozprzestrzenia się za rogi i załomy. Podpala łatwopalne obiekty, które nie są trzymane ani noszone.<br><br>Na wyższych kręgach. Jeśli rzucasz ten czar,<br>wykorzystując komórkę co najmniej 4. kręgu, za każdy krąg powyżej 3. zwiększasz obrażenia o 1k6.";"Zaklinacz"
"3";"LOT";" Przemiany, 3. krąg";" 1 akcja";" Dotyk";" W, S, M (pióro ze skrzydła dowolnego ptaka)";" Koncentracja, do 1 minuty";" Dotykasz przychylnej istoty. Na czas trwania czaru, zyskuje ona szybkość lotu 18 metrów. Jeśli będzie w powietrzu, gdy czar dobiegnie końca, to spadnie, chyba, że będzie potrafiła temu zapobiec.<br><br>Na wyższych kręgach. Jeśli rzucasz ten czar,<br>wykorzystując komórkę co najmniej 4. kręgu, za każdy krąg powyżej 3., możesz objąć czarem jedną dodatkową istotę.";"Zaklinacz"
"3";"MIGNIĘCIE";" Przemiany, 3. krąg";" 1 akcja";" Na siebie";" W, S";" 1 minuta";" W czasie trwania czaru pod koniec każdej swojej tury rzucasz k20. Gdy wypadnie co najmniej 11, znikasz ze sfery egzystencji, w której przebywałeś, i pojawiasz się w Sferze Eterycznej. (Czar nie działa, a jego komórka zostaje zużyta, jeśli znajdujesz się tam w chwili rzucania). Na początku twojej następnej tury i na koniec czasu trwania zaklęcia, jeśli przebywasz w Sferze Eterycznej, powracasz na wybrane przez siebie wolne miejsce, które widzisz w obrębie 3 metrów od punktu swojego zniknięcia. Jeśli na tym obszarze nie ma wolnego miejsca, pojawiasz się w najbliższym dostępnym (ustalanym losowo, jeśli dwa wolne miejsca są jednakowo blisko). W ramach swojej akcji możesz zakończyć<br>zaklęcie. <br><br>Przebywając w Sferze Eterycznej, widzisz i słyszysz, co się dzieje w sferze, z której przybyłeś, choć obraz ten jawi się w szarych barwach i widzisz jedynie na odległość 18 metrów. Możesz wchodzić w interakcje jedynie z istotami również przebywającymi w Sferze Eterycznej. Istoty ze sfery, z której zniknąłeś, nie mogą cię dostrzec ani wejść z tobą w interakcję, chyba że dysponują pozwalającą na to zdolnością.";"Zaklinacz"
"3";"OCHRONA PRZED ENERGIĄ";" Odpychanie, 3. krąg";" 1 akcja";" Dotyk";" W, S";" Koncentracja, do 1 godziny";" Podczas trwania czaru, przychylne stworzenie jest odporne na obrażenia wybranego przez ciebie typu: od dźwięku, elektryczności, kwasy, ognia, albo zimna.";"Zaklinacz"
"3";"ODDYCHANIE POD WODĄ";" Przemiany, 3. krąg (rytuał)";" 1 akcja";" 9 metrów";" W, S, M (krótka trzcina lub kawałek słomy)";" 24 godziny";" Czar umożliwia oddychanie pod wodą dziesięciu wybranym, przychylnym istotom, które widzisz w zasięgu czaru. Istoty te mogą też nadal oddychać w normalny sposób.";"Zaklinacz"
"3";"PIORUN";" Wywoływanie, 3. krąg";" 1 akcja";" Na siebie (prosta o długości 30 metrów)";" W, S, M (odrobina futra oraz bursztynowy, kryształowy lub szklany pręt)";" Natychmiastowy";" Piorun uderza od ciebie w wybranym kierunku, tworząc prostą o długości 30 metrów i szerokości 1,5 metra. Każda istota, która się na niej znajdzie, wykonuje rzut obronny na Zręczność. W przypadku niepowodzenia, otrzymuje 8k6 obrażeń od elektryczności. Udany rzut zmniejsza obrażenia o połowę. <br><br>Piorun podpala łatwopalne rzeczy na swej drodze, o ile nie są przez kogoś trzymane lub noszone.<br><br>Na wyższych kręgach. Jeśli rzucasz ten czar,<br>wykorzystując komórkę co najmniej 4. kręgu, za każdy krąg powyżej 3. zwiększasz obrażenia o 1k6.";"Zaklinacz"
"3";"PRZECIWZAKLĘCIE";" Odpychanie, 3. krąg";" 1 reakcja podejmowana, gdy widzisz istotę rzucającą czar w obrębie 18 metrów";" 18 metrów";" S";" Natychmiastowy";" Próbujesz przerwać proces rzucania czaru przez inną istotę. Jeśli rzuca ona czar z kręgu 3. lub niższego, to jej zaklęcie kończy się fiaskiem i nie przynosi żadnych efektów. Jeśli jednak rzuca czar co najmniej 4. kręgu, wykonaj test swojej cechy bazowej. ST wynosi 10 + krąg czaru. Przy udanym teście, rozpraszasz rzucanie zaklęcia i nie przynosi ono żadnych efektów.<br><br>Na wyższych kręgach. Jeśli rzucasz ten czar,<br>wykorzystując komórkę co najmniej 4. kręgu, przerwane zaklęcie nie przynosi efektów, jeśli jego krąg nie przewyższa tego, z którego rzucasz przeciwzaklęcie.";"Zaklinacz"
"3";"PRZYSPIESZENIE";" Przemiany, 3. krąg";" 1 akcja";" 9 metrów";" W, S, M (wiórek z korzenia lukrecji)";" Koncentracja, do 1 minuty";" Wybierz przychylną istotę, którą widzisz w zasięgu czaru. Podczas działania zaklęcia porusza się ona z podwójną szybkością, otrzymuje modyfikator +2 KP, ma ułatwienie w rzutach obronnych na Zręczność oraz zyskuje dodatkową akcję w każdej swojej turze. Akcja ta może zostać wykorzystana tylko jako: Atak (pojedynczy), Odstąpienie, Sprint, Ukrycie się lub Użycie obiektu.<br><br>Kiedy czar dobiegnie końca, jego cel nie może się poruszyć ani wykonać akcji do końca swojej następnej tury, ponieważ dogania go własne zmęczenie.";"Zaklinacz"
"3";"ROZPROSZENIE MAGII";" Odpychanie, 3. krąg";" 1 akcja";" 36 metrów";" W, S";" Natychmiastowy";" Wybierz jedną istotę, obiekt lub magiczny efekt w zasięgu czaru. Każde zaklęcie 3. lub niższego kręgu wpływające na nie, dobiega końca. Dla każdego zaklęcia z kręgu 4. lub wyższego, działającego na wybrany cel, wykonaj test swojej cechy bazowej o ST w wysokości 10 + krąg czaru. Po udanym rzucie, to zaklęcie zostaje rozproszone.<br><br>Na wyższych kręgach. Jeśli rzucasz ten czar,<br>wykorzystując komórkę co najmniej 4. kręgu, automatycznie rozpraszasz działające na wybrany cel zaklęcia z kręgu równego, lub mniejszego niż ten, z którego rzucasz<br>rozproszenie magii.";"Zaklinacz"
"3";"SPACER PO WODZIE";" Przemiany, 3. krąg rytuał";" 1 akcja";" 9 metrów";" W, S, M (kawałek korka)";" 1 godzina";" Ten czar zapewnia zdolność poruszania się po powierzchni cieczy lub podobnej substancji - wody, kwasu, błota, śniegu, ruchomych piasków, a nawet lawy - jakby była bezpiecznym stałym gruntem (choć istota chodząca po lawie wciąż może otrzymać obrażenia od gorąca). Możesz zapewnić tę zdolność na czas trwania czaru maksymalnie 10 przychylnym ci istotom, które widzisz w zasięgu.<br><br>Jeżeli obejmiesz zaklęciem istotę zanurzoną w płynie, to zostanie ona wyniesiona na powierzchnię z prędkością 18 m na rundę.";"Zaklinacz"
"3";"SPOWOLNIENIE";" Przemiany, 3. krąg";" 1 akcja";" 36 metrów";" W, S, M (kropla melasy)";" Koncentracja do 1 minuty";" Przekształcasz czas wokół maksymalnie 6 wybranych istot znajdujących się na obszarze w kształcie sześcianu o boku 12 metrów i w zasięgu czaru. Każda z nich musi wykonać rzut obronny na Mądrość. W przypadku niepowodzenia, zostanie objęta działaniem czaru na czas jego trwania. Szybkość istoty objętej czarem zostaje zmniejszona o połowę. Otrzymuje ona także modyfikator -2 do KP i rzutów obronnych na Zręczność, nie może też używać reakcji. W swojej turze może jedynie wykonać akcję albo akcję dodatkową, nigdy obie. Niezależnie. od swoich zdolności lub posiadanych magicznych, przedmiotów nie może w swojej turze wykonać więcej niż jednego ataku wręcz lub dystansowego. Jeżeli spowolniona istota próbuje rzucić zaklęcie, którego czas rzucania wynosi jedną akcję, rzuć k20. Wynik powyżej 10 oznacza, że zaklęcie nie przynosi efektu aż do następnej tury rzucającego, w której musi on je dokończyć. Jeśli tego nie zrobi, to zaklęcie zostaje zmarnowane. <br><br>Istota objęta działaniem tego czaru, pod koniec każdej ze swoich tur ponawia rzut obronny na Mądrość.. Sukces uwalnia ją spod działania czaru.";"Zaklinacz"
"3";"STRACH";" Iluzje, 3. krąg";" 1 akcja";" Na siebie (stożek o długości 8 metrów)";" W, S, M (białe piórko lub kurze serce)";" Koncentracja, do 1 minuty";" Tworzysz koszmarną projekcję najgorszych lęków innego stworzenia. Każda istota na obszarze stożka o długości 9m, musi wykonać rzut obronny na mądrość. W przypadku niepowodzenia, upuszcza trzymane rzeczy i staje się przerażona na czas działania czaru. <br>Przerażone stworzenie wykonuje z utrudnieniem wszystkie testy cech i testy ataku, jeśli źródło jej strachu znajduje się w zasięgu wzroku. Przerażone stworzenie nie może z własnej woli zbliżyć się do źródła swego strachu.<br><br>Istota przerażona tym czarem, musi w każdej swojej turze wykonać akcję Sprintu, by jak najbardziej oddalać się od ciebie najbezpieczniejszą możliwą drogą, chyba że nie ma dokąd uciec. Jeśli zakończysz swoją turę w miejscu, w którym nie ma cię już w zasięgu wzroku, może wykonać rzut obronny na Mądrość. Jeśli jej się powiedzie, wyzwala się spod efektu przerażenia.";"Zaklinacz"
"3";"ŚMIERDZĄCA CHMURA";" Przywoływanie, 3. krąg";" 1 akcja";" 27 metrów";" W, S, M (zgniłe jajo lub kilka liści skupni)";" Koncentracja, do 1 minuty";" Przywołujesz chmurę żółtego, obrzydliwego gazu, która przyjmuje kształt kuli o średnicy 6m i środka we wskazanym miejscu w zasięgu czaru. Chmura rozprzestrzenia się za rogi i załomy, tworzy obszar o słabej widoczności i unosi się<br>w powietrzu do końca działania zaklęcia.<br><br>Każde stworzenie znajdujące się w całości w chmurze, na początku swojej tury, musi wykonać rzut obronny na Kondycję przeciw truciźnie. W przypadku niepowodzenia, zużywa swoją akcję w tej turze na walkę z nudnościami i zawrotami głowy. Istoty, które nie muszą oddychać lub są<br>niepodatne na trucizny, odnoszą w tym rzucie automatyczny sukces.<br><br>Umiarkowany wiatr (co najmniej 15 km/h), rozwiewa chmurę w ciągu 4 rund. Silny wiatr (co najmniej 30km/h), rozwiewa ją w ciągu 1 rundy.";"Zaklinacz"
"3";"ŚNIEŻYCA";" Przywoływanie, 3. krąg";" 1 akcja";" 45 metrów";" W, S, M (szczypta pyłu lub kilka krople wody)";" Koncentracja (do 1 minuty)";" Marznący deszcz ze śniegiem pada podczas działania czaru na obszarze w kształcie cylindra o wysokości 6 metrów i promieniu 12 metrów, z punktem wyjścia we wskazanym miejscu w zasięgu czaru. Tworzy obszar pozbawiony<br>widoczności i gasi nieosłonięte płomienie.<br><br>Ziemia na obszarze czaru pokrywa się mokrym lodem, czyniącym z niej trudny teren. Stworzenie wchodzące w obszar czaru po raz pierwszy w swojej turze, lub rozpoczynające na nim swoją turę, musi wykonać rzut obronny na Zręczność. W przypadku niepowodzenia, zostaje powalone.<br><br>Istota rozpoczynająca swoją turę w obszarze objętym śnieżycą i koncentrująca się na zaklęciu, musi wykonać rzut obronny na Kondycję o ST rzutu obronnego przeciw twoim czarom. W przypadku niepowodzenia traci koncentrację.";"Zaklinacz"
"3";"ŚWIATŁO DNIA";" Wywoływanie, 3. krąg";" 1 akcja";" 18 metrów";" W, S";" 1 godzina";" Z wybranego punktu w zasięgu czaru, wyłania się kula jasnego światła o promieniu 18m.<br><br>Jeśli jako cel zaklęcia wskażesz przedmiot, który trzymasz, albo taki, którego nie trzyma ani nie nosi ktoś inny, to światło dobywa się z tego przedmiotu i przemieszcza się wraz z nim. Można je stłumić, zakrywając całkowicie świecący obiekt czymś nieprzezroczystym, np miską lub hełmem.<br><br>W przypadku nawet częściowego nakładania się obszaru tego czaru na obszar ciemności stworzonej zaklęciem kręgu 3. lub niższego, zaklęcie tworzące ciemność zostaje rozproszone.";"Zaklinacz"
"3";"WIĘKSZY OBRAZ";" Iluzje, 3. krąg";" 1 akcja";" 36 metrów";" W, S, M (odrobina runa)";" Koncentracja, do 10 minut";" Tworzysz iluzoryczny obraz obiektu, istoty, itp., mieszczący się w sześcianie o boku 6m.Obraz pojawia się w miejscu, które widzisz w zasięgu, i istnieje przez cały czas trwania czaru. Iluzja zawiera dźwięki, zapachy i odczucia temperatury odpowiednie dla kopiowanej rzeczy. Nie możesz w ten sposób stworzyć wystarczającej ilości ciepła zimna, dźwięku, zapachu by spowodować obrażenia. Możesz w ramach swojej akcji przenieść obraz w inne miejsce. Gdy zmienia on swoje położenie, możesz wpłynąć na jego wygląd tak, by oddawał naturalny ruch imitowanej rzeczy. Możesz też sprawić, by iluzji towarzyszyły dźwięki, pojawiające się w różnych momentach, a nawet sprawiające wrażenie rozmowy. Fizyczny kontakt z obrazem zdemaskuje iluzję. Stworzenie może w ramach swojej akcji zbadać obraz i rozpoznać w nim iluzję, dzięki udanemu testowi Inteligencji (Śledztwo) o ST rzutu obronnego przeciw twoim czarom. Istota, która poznała się na iluzji, może widzieć przez jej obraz, a pozostałe składowe sensoryczne stają się dla niej słabe i niewyraźne. Na wyższych kręgach. Jeśli rzucasz ten czar, wykorzystując komórkę co najmniej 6. kręgu, będzie on trwał do rozproszenia, bez potrzeby twojej koncentracji.";"Zaklinacz"
"4";"BURZA LODU";" Wywoływanie, 4. krąg";" 1 akcja";" 90 metrów";" W, S, M (szczypta pyłu i kilka kropli wody)";" Natychmiastowy";" W ziemię uderzają twarde jak skała lodowe odłamki. Gradobicie ma kształt walca o promieniu 6 metrów i wysokości 12 metrów, którego punkt wyjścia znajduje się w zasięgu czaru.<br><br>Każde stworzenie w tym obszarze musi wykonać rzut obronny na Zręczność. W przypadku niepowodzenia otrzymuje 2k8 obrażeń obuchowych i 4k6 obrażeń od zimna. Udany rzut zmniejsza obrażenia o połowę.<br><br>Do końca twojej następnej tury, grad zmienia obszar działania czaru w trudny teren.<br><br>Na wyższych kręgach. Jeśli rzucasz ten czar,<br>wykorzystując komórkę co najmniej 5. kręgu, za każdy krąg powyżej Zaklinacz. zwiększasz obrażenia obuchowe o 1k8.";"Zaklinacz"
"4";"DOMINACJA NAD BESTIĄ";" Uroki, 4. krąg";" 1 akcja";" 18 metrów";" W, S";" Koncentracja, do 1 minuty";" Jeśli bestia nie zda rzutu obronnego na Mądrość, zostanie zauroczona. Ma ułatwienie w tym teście, jeśli akurat walczyła z tobą lub twoimi sojusznikami. Będąc przytomnym, możesz wydawać telepatyczne polecenia zauroczonemu zwierzęciu. Możesz posłużyć się prostym i ogólnym rozkazem, takim jak: ,,Zaatakuj go, ,,Pobiegnij tam'' czy ,,Przynieś tamten przedmiot. Jeśli zwierzę po wypełnieniu polecenia nie otrzyma kolejnego, będzie ograniczało się do obrony własnej. W ramach swojej akcji możesz przejąć nad, zauroczonym zwierzęciem całkowitą kontrolę. Do końca twojej następnej tury, będzie wykonywało tylko wybrane przez ciebie akcje i nie zrobi niczego bez twojej zgody. Możesz zmusić je też do podjęcia reakcji, ale musisz na to zużyć również swoją. Za każdym razem, gdy zniewolone zwierzę otrzyma obrażenia, ponawia rzut obronny na Mądrość. Jeśli odniesie sukces, czar się kończy. Na wyższych kręgach. Jeśli rzucasz ten czar, wykorzystując komórkę 5. kręgu, wydłużasz maksymalny czas trwania do 10 minut. Wykorzystując komórkę 6. kręgu, wydłużasz maksymalny czas trwania do 1 godziny, a wykorzystując komórkę kręgu 7. lub wyższego - do 8 godzin (przy koncentracji).";"Zaklinacz"
"4";"DRZWI PRZEZ WYMIARY";" Przywoływanie, 4. krąg";" 1 akcja";" 150 metrów";" W";" Natychmiastowy";" Teleportujesz się do innego miejsca znajdującego się w zasięgu czaru. Pojawiasz się dokładnie w wybranym punkcie. Może to być miejsce, które widzisz albo które potrafisz sobie wyobrazić lub opisać, określając kierunek i odległość, na przykład: ,,60 metrów prosto w dól albo ,,w górę na północny zachód pod kątem 45 stopni, 90 metrów. <br><br>Możesz przemieścić się razem z przedmiotami, których łączny ciężar nie przekracza twojego udźwigu, a także zabrać ze sobą jedną przychylną istotę w rozmiarze nieprzekraczającym twojego, której wyposażenie nie przekracza jej udźwigu. W momencie rzucania czaru musi znajdować się ona nie dalej niż 1,5 metra od ciebie. Jeśli mielibyście pojawić się w miejscu zajętym przez jakiś obiekt albo stworzenie, ty i towarzysząca ci istota otrzymujecie po<br>4k6 obrażeń od mocy, a czar się nie udaje.";"Zaklinacz"
"4";"KAMIENNA SKÓRA";" Odpychanie, 4. krąg";" 1 akcja";" Dotyk";" W, S, M (diamentowy pył o wartości 100 sz, zużywany przez zaklęcie)";" Koncentracja, do 1 godziny";" Zaklęciem tym sprawiasz, że ciało dotkniętego przychylnego stworzenia staje się twarde jak głaz.<br><br>Do końca trwania czaru, jego cel jest odporny na niemagiczne obrażenia cięte, kłute i obuchowe.";"Zaklinacz"
"4";"PLAGA";" Nekromancja, 4. krąg";" 1 akcja";" 9 metrów";" W, S";" Natychmiastowy";" Nekrotyczna energia oblepia istotę, którą wskażesz w zasięgu czaru, pozbawiając jej ciało wilgoci i żywotności. Cel zaklęcia musi wykonać rzut obronny na Kondycję. W przypadku niepowodzenia otrzymuje 8k8 obrażeń nekrotycznych. Udany rzut zmniejsza obrażenia o połowę. Zaklęcie nie ma wpływu na konstrukty i nieumarłych. Jeśli celem zaklęcia jest magiczna roślina lub stworzenie typu roślinnego, to rzut obronny przeprowadza z utrudnieniem, a zaklęcie zadaje maksymalne obrażenia. Jeżeli zaś celem zaklęcia jest zwykła roślina nierozumna, na przykład drzewo czy krzew, to nie wykonuje ona rzutu obronnego, lecz od razu więdnie i umiera.<br><br>Na wyższych kręgach: Jeśli rzucasz ten czar,<br>wykorzystując komórkę co najmniej 5. kręgu, za każdy krąg powyżej Zaklinacz. zwiększasz obrażenia o l k8.";"Zaklinacz"
"4";"POLIMORFIA";" Przemiany, 4. krąg";" 1 akcja";" 18 metrów";" W, S, M (kokon gąsienicy)";" Koncentracja, do 1 godziny";" Polimorfujesz istotę. Musi ona wykonać udany rzut obronny na Mądrość, by tego uniknąć. <br>zaklęcie nie działa na zmiennokształtnych, ani istoty mające 0 PW. Zmiana formy trwa, dopóki działa czar, a jego cel żyje i ma więcej niż 0 PW. Nową formą może być postać jakiejkolwiek bestii o stopniu wyzwania nie większym od SW polimorfowanej istoty (lub od jej poziomu, jeśli nie posiada ona stopnia wyzwania). Statystyki nowej formy, w tym cechy umysłowe, zostaną zastąpione statystykami wybranej bestii. Zachowany zostaje tylko charakter i osobowość.<br>Polimorfowana istota przyjmuje punkty wytrzymałości swojej nowej formy. Wracając do swej naturalnej postaci. powraca też do poziomu punktów wytrzymałości, jaki miała przed przemianą. Jeśli powraca do naturalnej postaci w efekcie spadku punktów wytrzymałości do 0, to pozostałe obrażenia otrzymuje jej naturalna forma. Jeśli w efekcie jej naturalne PW nie spadną do 0, pozostaje przytomna. Akcje istoty ograniczone są możliwościami jej nowej formy, a przy tym nie może mówić, rzucać zaklęć ani przeprowadzać innych akcji wymagających użycia rąk lub mowy. Wyposażenie stapia się z nową formą i istota nie może z niego korzystać ";"Zaklinacz"
"4";"ŚCIANA OGNIA";" Wywoływanie, 4. krąg";" 1 akcja";" 36 metrów";" W, S, M (niewielki kawałek fosforu)";" Koncentracja, do 1 minuty";" Na stałej powierzchni w zasięgu czaru, wywołujesz ścianę ognia. Możesz nadać jej formę płaskiego muru o długości do 18 metrów, wysokości do 6 metrów i grubości 30 centymetrów, albo pierścienia o średnicy do 6 metrów, wysokości do 6 metrów i grubości 30 centymetrów. Ściana jest nieprzezroczysta i istnieje przez cały czas działania zaklęcia.<br><br>W momencie pojawienia się ściany, każda istota<br>przebywająca w jej obszarze, musi wykonać rzut obronny na Zręczność. W przypadku niepowodzenia, otrzymuje 5k8 obrażeń od ognia. Udany rzut zmniejsza obrażenia o połowę. Jedna ze stron ściany, wybierana podczas rzucania zaklęcia, zadaje 5k8 obrażeń każdemu stworzeniu, które kończy swoją turę po tej stronie w odległości do 3 metrów od ściany. Tyle samo obrażeń otrzymuje stworzenie wchodzące w obszar ściany po raz pierwszy w swojej turze, lub kończące w nim swoją turę. Druga strona ściany ognia nie zadaje obrażeń.<br><br> Na wyższych kręgach. Jeśli rzucasz ten czar, wykorzystując komórkę co najmniej 5. kręgu, za każdy krąg powyżej Zaklinacz. zwiększasz zadawane obrażenia o 1k8.";"Zaklinacz"
"4";"WIĘKSZA NIEWIDZIALNOŚĆ";" Iluzje, 4. krąg";" 1 akcja";" Dotyk";" W, S";" Koncentracja, do 1 minuty";" Dotknięta przez ciebie istota, staje się niewidzialna na czas trwania czaru. Całe wyposażenie, jakie nosi lub ma przy sobie cel zaklęcia, jest niewidzialne, dopóki nie opuści jego posiadania.";"Zaklinacz"
"4";"WYPĘDZENIE";" Odpychanie, 4. krąg";" 1 akcja";" 18 metrów";" W, S, M (przedmiot obrzydliwy dla celu czaru)";" Koncentracja, do 1 minuty";" Podejmujesz próbę odesłania istoty, którą widzisz w zasięgu czaru, do innej sfery egzystencji. Musi ona wykonać rzut obronny na Charyzmę. W przypadku niepowodzenia, zostaje wygnana. Jeżeli pochodzi ze sfery egzystencji, w której aktualnie przebywasz, to znika i pojawia się obezwładniona w neutralnej demisferze. Pozostaje tam do zakończenia czaru,<br>po czym powraca w miejsce, z którego zniknęła (lub w najbliższe wolne).<br><br>Natomiast jeżeli stworzenie pochodzi z innej sfery egzystencji niż ta, w której rzucasz czar, to zostaje wypędzone i z cichym trzaskiem powraca do swojej rodzimej sfery. Jeżeli zaklęcie skończy się przed upływem 1 minuty, odesłany cel pojawia się z powrotem w miejscu, z którego go wygnałeś, lub w najbliższym wolnym. W przeciwnym przypadku nie wraca. <br><br>Na wyższych kręgach. Jeśli rzucasz ten czar,<br>wykorzystując komórkę co najmniej 5. kręgu, za każdy krąg powyżej Zaklinacz. możesz objąć czarem dodatkową istotę.";"Zaklinacz"
"4";"ZAMĘT";" Uroki, 4. krąg";" 1 akcja";" 27 metrów";" W, S, M (trzy łupiny orzecha)";" Koncentracja, do 1 minuty";" Czar atakuje i wypacza umysły. Każde stworzenie znajdujące się w obrębie sfery o promieniu 3 metrów, której punkt wyjścia leży we wskazanym przez ciebie miejscu w zasięgu czaru, musi wykonać rzut obronny na Mądrość. W Przypadku<br>niepowodzenia, ulega wpływowi zaklęcia. Stworzenie pod działaniem zamętu nie może używać reakcji i na początku każdej swojej tury musi rzutem k10 określić swoje zachowanie podczas tej tury. <br>1: Nie wykonuje w tej turze żadnej akcji,swój ruch przeznacza na podążanie w przypadkowym kierunku. Aby go określić, rzuć k8, przypisując każdej ścianie kości konkretny kierunek.<br>2-6: Istota w tej turze, rusza się i nie wykonuje żadnych akcji.<br>7-8: Istota wykorzystuje swoją akcję, by zaatakować wręcz losowe stworzenie w swojej strefie kontroli. Jeśli nie ma żadnego celu w strefie kontroli, to w tej turze nie robi nic.<br>9-10: Istota działa i porusza się normalnie.<br>Pod koniec każdej swojej tury, może wykonać rzut obronny na Mądrość. Sukces oznacza wyzwolenie się...<br><br>Podręcznik gracza str.284";"Zaklinacz"
"5";"ANIMOWANIE OBIEKTU";" Przemiany, 5. krąg";" 1 akcja";" 36 metrów";" W, S";" Koncentracja, do 1 minuty";" Wybierz do 10 niemagicznych obiektów, które nie są noszone lub trzymane. Średnie cele liczą się jako dwa obiekty, Duże jako cztery, a Wielkie jako osiem. Większych nie można animować. Możesz wydawać im rozkazy, gdy są w obrębie 150m od ciebie. Gdy nie wydasz polecenia, istota ogranicza<br>się do obrony własnej. <br><br>Obiekt jest konstruktem, od którego rozmiaru zależą PW, KP, zdolności ataku, Siła i Zręczność. Jego pozostałe cechy wynoszą, Kondycja 10, Inteligencja 3, Mądrość 3, Charyzma 1. Porusza się z szybkością 9m. Posiada zdolność ślepowidzenia w promieniu 9m. Kiedy PW=0 -wraca do swojej naturalnej postaci. Obiekt może wykonać pojedynczy atak w zwarciu, przeciw stworzeniu w obrębie 1,5m. Atakuje walnięciem z premią i obrażeniami obuchowymi zależnymi od swojego rozmiaru. MP może zmienić typ obrażeń na kłute lub cięte. Na wyższych kręgach. Jeśli rzucasz ten czar, wykorzystując komórkę co najmniej 6. kręgu, za każdy krąg powyżej 5. możesz animować dwa dodatkowe obiekty. Statystyki animowanego obiektu na str. 211.";"Zaklinacz"
"5";"CIENISTE FORMOWANIE";" Iluzje, 5. krąg";" 1 minuta";" 9 metrów";" W, S, M (kawałek materiału tego samego typu co stwarzany przedmiot)";" Specjalny";" Splatając pasma cienistej materii z Shadowfell, tworzysz nieożywiony przedmiot. Przedmiot nie może być większy niż sześcian o boku 1,5m, a jego kształt i materiał muszą być ci znane.<br>Trwałość obiektu zależy od materiału:<br>* Materia roślinna – 1 dzień<br>* Kamień lub kryształ – 12 godzin<br>* Metale szlachetne – 1 godzina<br>* Klejnoty – 10 minut<br>* Adamantyna lub mithral – 1 minuta<br>Jeśli uformujesz go z różnych materiałów – wybierz najmniejszą trwałość.<br>Jeżeli spróbujesz użyć materiału wytworzonego tym zaklęciem jako komponentu innego zaklęcia, to jego rzucanie automatycznie się nie powiedzie. Na wyższych kręgach. Jeśli rzucasz ten czar, wykorzystując komórkę co najmniej 6. kręgu, za każdy krąg powyżej 5. zwiększasz o 1,5m rozmiar tworzonego przedmiotu.";"Zaklinacz"
"5";"DOMINACJA NAD OSOBĄ";" Uroki, 5. krąg";" 1 akcja";" 18 metrów";" W, S";" Koncentracja, do 1 minuty";" Próbujesz owładnąć umysł humanoidalnej istoty. Jeśli nie zda rzutu obronnego na Mądrość, zostanie zauroczona. Ma ułatwienie w tym teście, jeśli akurat walczyła z tobą lub twoimi sojusznikami. Będąc przytomnym, możesz wydawać telepatyczne polecenia zauroczonej istocie. Może to być prosty i ogólny rozkaz: „Zaatakuj go”, „Pobiegnij tam”, „Przynieś przedmiot”. Jeśli istota po wypełnieniu zadania nie otrzyma kolejnego, będzie ograniczała się do obrony własnej. W ramach swojej akcji możesz przejąć całkowitą kontrolę nad zauroczoną istotą. Do końca twojej następnej tury, będzie wykonywała tylko wybrane przez ciebie akcje i nie zrobi niczego bez twojej zgody. Przez ten czas możesz zmusić ją też do podjęcia reakcji, ale musisz na to zużyć również swoją. Za każdym razem, gdy zniewolona istota otrzyma obrażenia, ponawia rzut obronny na Mądrość. Jeśli odniesie sukces, czar się kończy. <br>Na wyższych kręgach. Jeśli rzucasz ten czar,<br>wykorzystując komórkę 6. kręgu, wydłużasz maksymalny czas trwania do 10 minut. Wykorzystując komórkę 7. kręgu – do 1 godziny, a wykorzystując komórkę 9. lub wyższego kręgu – do 8 godzin (przy koncentracji).";"Zaklinacz"
"5";"KRĄG TELEPORTACYJNY";" Przywoływanie, 5. krąg";" 1 minuta";" 3 metry";" W, M (rzadkie kredy, inkausty barwione kamieniami szlachetnymi o wartości 50 sz, zużywane przez zaklęcie)";" 1 runda";" Kreślisz na ziemi opisany pieczęciami krąg o średnicy 3m, który łączy twoją lokację z wybranym stałym kręgiem teleportacyjnym. Musisz znać sekwencję pieczęci wybranego kręgu i musi on znajdować się w tej samej egzystencji. Wewnątrz powstaje lśniący portal, który pozostaje otwarty do końca twojej następnej tury. Stworzenie wchodzące do portalu przenosi się do kręgu docelowego i pojawia się w obrębie 1,5m od niego lub w najbliższym wolnym miejscu. Gdy po raz pierwszy rzucasz to zaklęcie, poznajesz sekwencję dwóch określonych przez MP kręgów docelowych położonych w Sferze Materialnej. W trakcie swoich przygód możesz poznać kolejne sekwencje pieczęci. Aby zapamiętać nową, musisz uczyć się jej przez 1 minutę. Możesz stworzyć trwały krąg teleportacyjny. W tym celu musisz rzucać ten czar w tym samym miejscu codziennie przez 1 rok. Gdy rzucasz zaklęcie w ten sposób, nie możesz korzystać z kręgu, by się  teleportować.";"Zaklinacz"
"5";"PLAGA OWADÓW";" Przywoływanie, 5. krąg";" 1 akcja";" 90 metrów";" W, S, M (kilka kryształków cukru, ziaren zboża,trochę tłuszczu)";" Koncentracja, do 10 minut";" Chmara wygłodniałej szarańczy kotłuje się, wypełniając sferę o promieniu 6m, z punktem wyjścia wskazanym przez ciebie w zasięgu czaru. Sfera rozprzestrzenia się za rogi i załomy. Szarańcza pozostaje w niej przez czas działania czaru, tworząc trudny teren o ograniczonej widoczności.<br><br>W momencie pojawiania się chmary szarańczy, każda znajdująca się w jej obrębie istota, musi wykonać rzut obronny na Kondycję. W przypadku niepowodzenia, otrzymuje 4k10 obrażeń kłutych. Udany rzut obronny zmniejsza obrażenia o połowę. Rzut obronny musi także wykonać każde stworzenie wchodzące w obszar czaru po raz pierwszy w swojej turze lub kończące w nim swoją turę.<br><br>Na wyższych kręgach. Jeśli rzucasz ten czar,<br>wykorzystując komórkę co najmniej 6. kręgu, za każdy krąg powyżej 5. zwiększasz zadawane obrażenia o 1k10.";"Zaklinacz"
"5";"POZORY";" Iluzje, 5. krąg";" 1 akcja";" 9 metrów";" W, S";" 8 godzin";" Zmieniasz wygląd dowolnej liczby istot w zasięgu czaru. Cel zaklęcia może wykonać rzut obronny na Charyzmę, aby oprzeć się zaklęciu. Udany rzut niweluje działanie. Iluzja nie może przedstawiać ciała innego rodzaju, więc musisz działać w granicach jego kształtu, a tym samym, trzymać się pierwotnego rozmieszczenia kończyn. Poza tym, twoje możliwości ogranicza jedynie twoja inwencja. Iluzja będzie trwała przez cały czas działania czaru, chyba że wykorzystasz swoją akcję, by wygasić ją wcześniej.<br><br>Zmiany spowodowane tym zaklęciem nie wpływają na interakcje fizyczne. Przykładowo, jeśli strój wybranej osoby wzbogacisz o iluzoryczny kapelusz, inne przedmioty będą przez niego przenikać, a dotykająca go osoba nie  poczuje pod palcami nic, albo wymaca głowę i włosy noszącej go osoby. Jeśli użyjesz tego zaklęcia, by wydać się szczuplejszym, niż jesteś, to sięgająca ku tobie dłoń zderzy się z tobą, choć<br>będzie wyglądać, jakby właściciel zatrzymał ją w powietrzu. Istota może w ramach swojej akcji zbadać cel objęty iluzją i wykonać test Inteligencji (Śledztwo) o ST rzutu obronnego przeciw twoim czarom. Jeśli jej się powiedzie, zorientuje się, że cel jest przebrany.";"Zaklinacz"
"5";"STOŻEK ZIMNA";" Wywoływanie, 5. krąg";" 1 akcja";" Na siebie (stożek o długości 18 metrów)";" W, S, M (niewielki kryształ albo szklany stożek)";" Natychmiastowy";" Z twoich dłoni bucha fala mrozu. Każda istota na obszarze stożka o długości 18 metrów, musi wykonać rzut obronny na Kondycję. W przypadku niepowodzenia, otrzymuje 8k8 obrażeń od zimna. Udany rzut zmniejsza obrażenia o połowę.<br><br>Istota zabita tym czarem, staje się zlodowaciałym posągiem do czasu, aż się roztopi.<br><br>Na wyższych kręgach. Jeśli rzucasz ten czar,<br>wykorzystując komórkę co najmniej 6. kręgu, za każdy krąg powyżej 5. zwiększasz zadawane obrażenia o 1k8.";"Zaklinacz"
"5";"ŚCIANA KAMIENIA";" Wywoływanie, 5. krąg";" 1 akcja";" 36 metrów";" W, S, M (mała granitowa kostka)";" Koncentracja, do 10 minut";" Tworzysz magiczny mur o grubości 15 cm, który składa się z dziesięciu przylegających segmentów o wymiarach 3x3m. Możesz stworzyć też segmenty 3x6cm, grubości 7,5cm. Jeśli w momencie pojawiania się muru, przechodzi przez to miejsce istota, zostaje odepchnięta na jedną ze stron muru. Nie można otoczyć murem istoty, która zda rzut obronny na Zręczność i może ona w ramach reakcji przemieścić się. Ściana nie może przechodzić przez zajęte miejsca i musi łączyć się z istniejącą formą kamienną. Jeżeli tworzysz odcinek muru o długości większej niż 6m, musisz zmniejszyć o połowę rozmiar każdego segmentu, by stworzyć wzmocnienia. Możesz z grubsza uformować w murze blanki, np. strzelnicę.<br>Ścianę można uszkodzić lub zrobić w niej wyłom. Każdy segment posiada KP 15 oraz po 30 PW za każde 2,5 cm grubości. Segment, którego PW spadają do 0, zostaje zniszczony i może spowodować zapadnięcie się sąsiadujących segmentów, zależnie od decyzji MP. Jeśli utrzymasz koncentrację na zaklęciu przez 10 minut, to ściana utrwali się i nie będzie można jej rozproszyć. W innym przypadku zniknie, gdy zaklęcie dobiegnie końca.";"Zaklinacz"
"5";"TELEKINEZA";" Przemiany, 5. krąg";" 1 akcja";" 18 metrów";" W, S";" Koncentracja, do 10 minut";" Możesz objąć zaklęciem obiekt lub istotę w zasięgu czaru i wywołać jeden z poniższych efektów. Możesz co rundę zmieniać cel (wtedy uwalniasz poprzedni od działania czaru), albo wpływać na ten sam cel.<br><br>*Istota. Wielka lub mniejsza. Wykonaj sporny test swojej cechy bazowej przeciw Sile istoty. Jeśli wygrasz, przenosisz ją maksymalnie o 9m. Cel jest unieruchomiony do końca twojej następnej tury. Możesz przeznaczyć swoją akcję na próbę utrzymania tego uścisku (ponowny test sporny).<br>*Obiekt. Nie więcej niż 500kg. Jeśli nie jest przez kogoś noszony lub trzymany, przemieszczasz go do 9m. Jeśli obiekt jest trzymany lub noszony, to musisz wykonać sporny test swojej cechy bazowej przeciw Sile tej istoty. Jeśli wygrywasz, to odrywasz obiekt od właściciela i możesz przemieścić go na odległość do 9 metrów w dowolnym kierunku, ale nie poza zasięg czaru. Trzymane telekinetyczne obiekty możesz<br>precyzyjnie kontrolować, co pozwala ci na użycie prostego narzędzia, otwarcie drzwi lub pojemnika, włożenie przedmiotu do otwartego pojemnika lub jego wyjęcie, albo wylanie zawartości fiolki.";"Zaklinacz"
"5";"UNIERUCHOMIENIE POTWORA";" Uroki, 5. krąg";" 1 akcja";" 27 metrów";" W, S, M (mały, prosty kawałek żelaza)";" Koncentracja, do 1 minuty";" Wybierasz stworzenie, które widzisz w zasięgu czaru. Cel musi wykonać rzut obronny na Mądrość. W przypadku niepowodzenia, zostaje sparaliżowany na czas trwania czaru. Zaklęcie nie działa na nieumarłych. Pod koniec każdej swojej tury, cel może ponowić rzut na Mądrość. Udany rzut oznacza wyzwolenie się z efektu czaru.<br><br>Na wyższych kręgach. Jeśli rzucasz ten czar,<br>wykorzystując, komórkę co najmniej 6. kręgu, za każdy krąg powyżej 5. możesz objąć czarem jedno dodatkowe stworzenie. Wszystkie cele zaklęcia muszą znajdować się w obrębie 9 metrów od siebie.";"Zaklinacz"
"5";"ZABÓJCZA CHMURA";" Przywoływanie, 5. krąg";" 1 akcja";" 36 metrów";" W, S";" Koncentracja, do 10 minut";" Przywołujesz obłok trującej, żółto-zielonej mgły w kształcie sfery o promieniu 6 metrów z punktem wyjścia w wybranym miejscu w zasięgu czaru. Mgła rozprzestrzenia się za załomy i<br>tworzy obszar pozbawiony widoczności. Utrzymuje się do końca działania czaru, chyba że wcześniej zostanie rozwiana silnym wiatrem, co również kończy zaklęcie.<br><br>Stworzenie wchodzące w obszar mgły po raz pierwszy w swojej turze lub rozpoczynające w niej swoją turę, musi wykonać rzut obronny na Kondycję. W przypadku niepowodzenia, otrzymuje 5k8 obrażeń od trucizny. Udany<br>rzut zmniejsza obrażenia o połowę. Zaklęcie działa nawet, gdy objęte nim istoty wstrzymają oddech lub nie muszą oddychać.<br><br>Na początku każdej twojej tury, mgła oddala się od ciebie o 3 metry, przelewając się po powierzchni gruntu. Opary są cięższe od powietrza, więc spływają na niższe poziomy<br>również przez otwory.";"Zaklinacz"
"6";"DEZINTEGRACJA";" Przemiany, 6. krąg";" 1 akcja";" 18 metrów";" W, S, M (magnetyt i szczypta pyłu)";" Natychmiastowy";" Wąski zielony promień strzela z twojego palca wskazującego w kierunku celu, który widzisz w zasięgu czaru. Celem może być istota, obiekt albo wytwór magii, np. mur stworzony zaklęciem ściana energii. Istota będąca celem zaklęcia, musi wykonać rzut obronny na Zręczność. W przypadku niepowodzenia, otrzymuje 10k6 + 40 obrażeń od energii. Zostaje zdezintegrowana, jeśli te obrażenia sprowadzają jej PW do 0. Zdezintegrowana istota wraz z całym swoim ekwipunkiem i niesionymi rzeczami (oprócz magicznych przedmiotów), zostaje zredukowana do kupki drobnego szarego pyłu. Można ją przywrócić do życia tylko zaklęciami prawdziwe<br>zmartwychwstanie lub życzenie. Duże lub mniejsze niemagiczne obiekty i twory magii zostają zdezintegrowane automatycznie. Jeżeli cel zaklęcia ma rozmiar Wielki lub większy, to dezintegracji ulega jego część, nie większa niż sześcian o boku 3 metrów. Zaklęcie nie działa na magiczne przedmioty. Na wyższych kręgach. Jeśli rzucasz ten czar, wykorzystując komórkę co najmniej 7. kręgu, za każdy krąg powyżej 6. zwiększasz zadawane obrażenia o 3k6.";"Zaklinacz"
"6";"KĄŚLIWY WZROK";" Nekromancja, 6. krąg";" 1 akcja";" Na siebie";" W, S";" Koncentracja, do 1 minuty";" Twoje oczy stają się czarnymi jak atrament jeziorami pustki nasyconymi straszliwą mocą. Wybrana istota, którą widzisz w obrębie 18 metrów, musi wykonać rzut obronny na Mądrość. W przypadku niepowodzenia, nakładasz na nią efekt wybrany z poniższych, utrzymujący się do końca trwania czaru. Póki zaklęcie trwa, możesz w każdej swojej akcji podstawowej wybrać kolejną ofiarę, przy czym nie możesz ponownie wskazać istoty, która zdała rzut obronny przeciw aktualnie trwającemu kąśliwemu wzrokowi.<br>*Choroba. Ofiara ma utrudnienie w testach ataku i cech. Pod koniec każdej swojej tury może ponowić rzut obronny na Mądrość, by spróbować wyrwać się spod działania czaru. <br>*Panika.  W każdej swojej turze musi wykonać akcję Sprintu, by jak najbardziej oddalić się od ciebie najbezpieczniejszą i najkrótszą drogą, chyba że nie ma dokąd się poruszyć. Jeśli cel znajduje się w miejscu oddalonym od ciebie co najmniej o 18 metrów, z którego nie będzie mógł cię zobaczyć, efekt ustaje.<br>*Uśpienie. Ofiara pada nieprzytomna. Obudzi się w momencie otrzymania obrażeń albo gdy inna istota w ramach swojej akcji nią potrząśnie.";"Zaklinacz"
"6";"KRĄG ŚMIERCI";" Nekromancja, 6. krąg";" 1 akcja";" 45 metrów";" W, S, M (sproszkowana czarna perła o wartości co najmniej 500 sz)";" Natychmiastowy";" Z punktu, który wskazujesz w zasięgu czaru, wyłania się sfera negatywnej energii o promieniu 18 metrów. Każde objęte nią stworzenie musi wykonać rzut obronny na Kondycję. W przypadku niepowodzenia otrzymuje 8k6 obrażeń nekrotycznych. Udany rzut zmniejsza obrażenia o połowę.<br><br>Na wyższych kręgach. Jeśli rzucasz ten czar,<br>wykorzystując komórkę co najmniej 7. kręgu, za każdy krąg powyżej 6. zwiększasz obrażenia o 2k6.";"Zaklinacz"
"6";"ŁAŃCUCH BŁYSKAWIC";" Wywoływanie, 6. krąg";" 1 akcja";" 45 metrów";" W, S, M (trochę futra , kawałek bursztynowego, szklanego lub kryształowego pręta oraz trzy srebrne szpilki)";" Natychmiastowy.";" Tworzysz piorun, który skacze ku widocznemu w zasięgu celowi, po czym dzieli się na trzy i przeskakuje na kolejne cele oddalone od niego o nie więcej niż 9 metrów. Celami mogą być istoty lub przedmioty, przy czym każde z nich może być<br>celem tylko raz.<br><br>Ofiara pioruna musi wykonać rzut obronny na Zręczność. W przypadku niepowodzenia, otrzymuje 10k8 obrażeń od elektryczności. Udany rzut zmniejsza obrażenia o połowę.<br><br>Na wyższych kręgach. Jeśli rzucasz ten czar,<br>wykorzystując komórkę co najmniej 7. kręgu, za każdy krąg powyżej 6. tworzysz dodatkową odnogę pioruna odchodzącą od pierwszego celu.";"Zaklinacz"
"6";"MAGICZNE WROTA";" Przywoływanie, 6. krąg";" 1 akcja";" 150 metrów";" W, S";" Koncentracja, do 10 minut";" Tworzysz powiązane portale teleportacyjne, które pozostają czynne przez czas trwania zaklęcia. Wybierasz dwa miejsca na ziemi, które widzisz: jedno w obrębie 3 metrów od ciebie, a drugie w obrębie 150 metrów. W obu miejscach otwiera się okrągły portal o średnicy 3 metrów. Jeśli miałoby to oznaczać otwarcie portalu w miejscu zajętym przez jakąś istotę, to czar się nie udaje, a komórka czaru zostaje zużyta.<br><br>Portale są dwuwymiarowymi świecącymi pierścieniami wypełnionym magią, unoszącymi się kilkanaście centymetrów nad ziemią, prostopadle do niej. Widoczne są tylko z jednej strony (ty wybierasz), i to ona pełni funkcję<br>portalu. <br><br>Istoty i przedmioty wchodzące do jednego z portali wychodzą z drugiego z nich tak, jakby portale do siebie przylegały. Wejście w okrąg od jego niewidocznej strony nie przynosi żadnych efektów. Mgła wypełniająca każdy z portali jest nieprzezroczysta i nie można jej przejrzeć W ramach akcji dodatkowej w swojej turze możesz obrócić okręgi, by ich aktywne strony zwrócone były w innym kierunku.";"Zaklinacz"
"6";"MASOWA SUGESTIA";" Uroku, 6. krąg";" 1 akcja";" 18 metrów";" W, M (wężowy język, kawałek plastra miodu lub kropla słodkiego olejku)";" 24 godziny";" Wybierasz do 12 istot, mogących cię usłyszeć i zrozumieć. Wpływasz na ich umysł i w jednym lub dwóch zdaniach sugerujesz im kierunek działań. Istoty odporne na zauroczenia są niepodatne na ten czar. Sugestia musi być sformułowana w taki sposób, by brzmiała rozsądnie. Nie można kazać się zranić. Każdy cel musi wykonać rzut obronny na Mądrość. W przypadku niepowodzenia, spełnia twoją sugestię. Możesz określić warunki, w których sugerowane działanie ma być rozpoczęte. Przykładowo, możesz zasugerować grupie żołnierzy, by oddali wszystkie swoje pieniądze pierwszemu żebrakowi, jakiego spotkają. Jeśli w czasie trwania czaru okoliczności nie występują, to działanie nie zostaje podjęte...<br><br>Podręcznik gracza str.235";"Zaklinacz"
"6";"PORUSZENIE ZIEMI";" Przemiany, 6. krąg";" 1 akcja";" 36 metrów";" W, S, M (żelazne ostrze i woreczek z mieszanką gliny,iłu i piasku)";" Koncentracja, do 2 godzin";" Podczas działania czaru możesz dowolnie kształtować ziemię, piasek lub glinę na obszarze do 12 metrów. Rozmiar żadnej ze stosowanych zmian (kolumna, obniżenie gruntu, stworzenie lub wypełnienie rowu, wzniesienie lub zrównanie z powierzchnią ziemi muru, itp.), nie może przekraczać połowy największego wymiary tego obszaru. Jeśli zatem obejmujesz czarem kwadrat o boku 12 metrów, możesz wznieść na nim kolumnę o wysokości do 6 metrów. Zmiany<br>trwają 10 minut. Na początku każdych 10 minut spędzonych na koncentracji na tym zaklęciu, możesz wybrać nowy obszar, który chcesz zmienić. Teren przekształca się powoli, zatem w ten sposób raczej nie zdołasz nikogo uwięzić ani zranić poruszającą się ziemią.<br><br>Zaklęcie nie może wpływać na naturalny kamień lub kamienne konstrukcje. Skały i struktury dopasowują się do zmienionego obszaru. Jeżeli przekształcenie terenu spowodowałoby niestabilność struktury, to może się ona zawalić. Czarem tym nie wpłyniesz też bezpośrednio na rośliny. Przemieszczają się one wraz z poruszaną ziemią.";"Zaklinacz"
"6";"PRAWDZIWE WIDZENIE";" Wieszczenie, 6. krąg";" 1 akcja";" Dotyk";" W, S, M (maść na oczy o wartości 25 sz, sporządzona ze sproszkowanych grzybów, szafranu i tłuszczu, zużywana przez zaklęcie)";" 1 godzina";" Tym czarem zapewniasz dotkniętej, przychylnej istocie umiejętność postrzegania rzeczy takimi, jakimi są w rzeczywistości. Podczas działania zaklęcia, jego cel ma zdolność prawdziwego widzenia, dostrzega magicznie ukryte tajne przejścia i ma wgląd w Sferę Eteryczną na odległość 36 metrów";"Zaklinacz"
"6";"PROMIEŃ SŁOŃCA";" Wywoływanie, 6. krąg";" 1 akcja";" Na siebie (prosta o długości 18 metrów)";" W, S, M (szkło powiększające)";" Koncentracja, do 1 minuty";" Snop jasnego światła wystrzeliwuje z twojej dłoni, tworząc prostą o długości 18 metrów i szerokości 1,5 metra. Każde stworzenie na jego drodze musi wykonać rzut obronny na Kondycję. W przypadku niepowodzenia otrzymuje 6k8 obrażeń od światłości i zostaje oślepione do twojej następnej tury. Przy udanym rzucie, otrzymuje połowę tych obrażeń i nie zostaje oślepione. Nieumarli i szlamy mają utrudnienie w tym rzucie obronnym.<br><br>W czasie działania czaru, w każdej swojej turze możesz wykorzystać akcję, aby stworzyć nowy snop światła.<br><br>Podczas trwania czaru, w twojej dłoni świeci odrobiona olśniewającego blasku. Zapewnia ona jasne światło o promieniu 9 metrów oraz słabe w promieniu kolejnych 9 metrów. Jest to światło słoneczne.";"Zaklinacz"
"6";"SFERA NIEPODATNOŚCI";" Odpychanie, 6. krąg";" 1 akcja";" Na siebie (sfera o promieniu 3 metrów)";" W, S, M (szklany lub kryształowy koralik, roztrzaskujący się pod koniec trwania czaru)";" Koncentracja, do 1 minuty";" Wokół ciebie pojawia się nieruchoma bariera o lekko migoczącej powierzchni, przyjmująca kształt sfery o promieniu 3 metrów i utrzymująca się do końca działania czaru.<br><br>Każde rzucone spoza niej zaklęcie z kręgu 5. lub niższego, nie może objąć działaniem istot lub obiektów znajdujących się wewnątrz, nawet jeśli zostało rzucone z użyciem komórki wyższego kręgu. Takie zaklęcia mogą zostać wycelowane w<br>istoty lub obiekty wewnątrz bariery, ale nie wywierają na nie żadnych efektów. Przestrzeń wewnątrz bariery jest także wyłączona z działania efektów obszarowych tych zaklęć.<br><br>Na wyższych kręgach. Jeśli rzucasz ten czar,<br>wykorzystując komórkę co najmniej 7. kręgu, za każdy krąż powyżej 6. bariera blokuje zaklęcia z kręgu wyższego o 1.";"Zaklinacz"
"7";"BURZA OGNIA";" Wywoływanie, 7. krąg";" 1 akcja";" 45 metrów";" W, S";" Natychmiastowy";" Burza ryczących płomieni pojawia się we wskazanym przez ciebie miejscu w zasięgu czaru. Obszar działania czaru składa się z maksymalnie dziesięciu 3-metrowych sześcianów, które możesz dowolnie rozmieścić, przy czym każdy sześcian musi stykać się co najmniej z jedną ścianą z innym sześcianem. Istoty na obszarze działania czaru, muszą wykonać rzut obronny na Zręczność. W przypadku niepowodzenia, otrzymują 7k10 obrażeń od ognia. Udany rzut zmniejsza obrażenia o połowę.<br><br>Ogień uszkadza obiekty na obszarze działania czaru i podpala łatwopalne przedmioty, które nie są przez kogoś trzymane lub noszone. Możesz zadecydować, czy na jego działanie będą podatne rośliny.";"Zaklinacz"
"7";"ETERYCZNOŚĆ";" Przemiany, 7. krąg";" 1 akcja";" Na siebie";" W, S";" Do 8 godzin";" Wkraczasz na Eteryczne Pogranicze w miejscu przenikania się Sfery Eterycznej ze sferą egzystencji, w której przebywasz. Pozostajesz tam do końca trwania czaru lub do jego zakończenia przy użyciu akcji. Możesz się przemieszczać. Ruch w górę kosztuje Cię podwójnie. Widzisz i słyszysz co się dzieje w twojej sferze egzystencji, ale tylko na 18m i szaro. W Sferze Eterycznej możesz wchodzić w interakcje jedynie z innymi stworzeniami tam przebywającymi. Ignorujesz wszystkie obiekty i efekty spoza Sfery Eterycznej, co pozwala ci na przemieszczanie się przez obiekty znajdujące się w sferze, z której przybyłeś. Kiedy czar się kończy, wracasz do swojej sfery, w miejscu, w którym aktualnie się znajdujesz. Jeśli znajduje się tam w tym czasie jakieś stworzenie lub ciało stałe, zostajesz przeniesiony do wolnego miejsca i za każde przebyte 30cm otrzymujesz 2 obrażenia od mocy. Zaklęcie nie przynosi żadnego efektu, jeśli rzucisz je w Sferze Eterycznej albo takiej, która się z nią nie przenika, np. w jednej ze Sfer Zewnętrznych...<br><br>Podręcznik gracza str.221";"Zaklinacz"
"7";"ODWRÓCENIE GRAWITACJI";" Przemiany, 7. krąg";" 1 akcja";" 30 metrów";" W, S, M (magnetyty i żelazne opiłki)";" Koncentracja, do 1 minuty";" Tym czarem odwracasz grawitację w obrębie walca o średnicy 15 metrów i wysokości 30 metrów, z punktem wyjścia znajdującym się w zasięgu. Wszystkie istoty i obiekty, które nie są w jakiś sposób przytwierdzone do ziemi, spadają<br>w górę aż na szczyt obszaru zaklęcia. Objęta czarem istota może wykonać rzut obronny na Zręczność, aby złapać się jakiegoś stałego obiektu i uniknąć upadku.<br><br>Jeżeli na drodze upadku znajduje się jakaś twarda przeszkoda lub powierzchnia (np. sufit), to spadające obiekty i istoty uderzają o nią z takim samym skutkiem, jak podczas normalnego upadku w dół. Jeśli obiekt lub istota osiągnie szczyt obszaru odwróconej grawitacji bez zderzenia z przeszkodą, to pozostaje tam do końca działania czaru, nieznacznie zmieniając wysokość.<br><br>Gdy zaklęcie dobiegnie końca, objęte nim istoty i obiekty spadają z powrotem.";"Zaklinacz"
"7";"OPÓŹNIONA KULA OGNIA";" Wywoływanie, 7. krąg";" 1 akcja";" 45 metrów";" W, S, M (kulka nietoperzowego guana i siarki)";" Koncentracja, do 1 minuty";" Z twojego palca wskazującego bucha promień żółtego światła, który gęstnieje i skupia się w miejscu wybranym w zasięgu czaru, tworząc tam świecący ładunek w formie niewielkiej kulki. Kiedy zaklęcie się kończy – na skutek przerwanej<br>koncentracji lub twojej decyzji – ładunek z hukiem eksploduje ogniem, który rozprzestrzenia się za rogi i załomy. Istoty znajdujące się w otaczającej ładunek sferze o promieniu 6 metrów, muszą wykonać rzut obronny na Zręczność. W przypadku niepowodzenia otrzymują pełne zgromadzone obrażenia. Udany rzut, zmniejsza je o połowę. Podstawowe obrażenia z tego zaklęcia to 12k6. Jeśli pod koniec twojej tury ładunek nie został jeszcze zdetonowany, obrażenia wzrastają o 1k6...<br><br>Podręcznik gracza str.241";"Zaklinacz"
"7";"PALEC ŚMIERCI";" Nekromancja, 7. krąg";" 1 akcja";" 18 metrów";" W, S";" Natychmiastowy";" Wywołujesz u istoty, którą widzisz w zasięgu czaru, przepływ negatywnej energii powodujący przeszywający ból. Ofiara musi wykonać rzut obronny na Kondycję. W przypadku niepowodzenia otrzymuje 7k8 + 30 obrażeń nekrotycznych. Udany rzut zmniejsza obrażenia o połowę.<br><br>Jeżeli tym zaklęciem zabijesz humanoida, to na początku twojej następnej tury powstanie on jako zombi będący pod twoją trwałą kontrolą i wypełniający twoje słowne rozkazy najlepiej, jak tylko potrafi.";"Zaklinacz"
"7";"PRYZMATYCZNY ROZPRYSK";" Wywoływanie, 7. krąg";" 1 akcja";" Na siebie (stożek o długości 18 metrów)";" W, S";" Natychmiastowy";" Z twojej dłoni wystrzeliwuje osiem promieni światła. Każdy z nich ma odmienną barwę, moc i zastosowanie. Stworzenia znajdujące się wewnątrz stożka o długości . 18 metrów muszą wykonać rzut obronny na Zręczność. Dla każdego z nich rzucasz osobno k8, by określić, który promień na nie Wpłynął...<br><br>Podręcznik gracza str.253";"Zaklinacz"
"7";"SFERALNY PRZESKOK";" Przywoływanie, 7. krąg";" 1 akcja";" Dotyk";" W, S, M (rozwidlony metalowy pręt o wartości co najmniej 250sz, dostrojony do konkretnej sfery egzystencji)";" Natychmiastowy";" Zostajesz przeniesiony do innej sfery (+max 8 istot – musicie utworzyć krąg, trzymając się za ręce). Możesz ogólnie określić miejsce przeznaczenia (np. Pałac Dispatera w drugim kręgu Dziewięciu Piekieł, albo Mosiężne Miasto w Sferze Ognia) i pojawiasz się w nim albo w jego pobliżu.<br><br>Jeżeli znasz sekwencję pieczęci kręgu teleportacyjnego z innej sfery egzystencji, możesz także rzucić to zaklęcie tak, by przeniosło cię do tego kręgu. Jeśli ów krąg jest za mały, by pomieścić wszystkie przychylne istoty, to pojawiają się one w najbliższym wolnym miejscu w jego pobliżu...<br><br>Podręcznik gracza str.262";"Zaklinacz"
"7";"TELEPORTACJA";" Przywoływanie, 7. krąg";" 1 akcja";" 3 metry";" W";" Natychmiastowy";" Ten czar natychmiast przenosi ciebie i do ośmiu<br>przychylnych stworzeń, które widzisz w zasięgu czaru, w wybrane przez ciebie miejsce docelowe. Jeśli wskażesz obiekt jako cel zaklęcia, musi on mieścić się w sześcianie o boku 3 metrów i nie może być trzymany ani noszony przez nieprzychylną istotę. <br><br>Miejsce docelowe musi być ci znane i położone w tej samej sferze egzystencji. Stopień znajomości tego miejsca wpływa na szansę udanego dotarcia do celu.<br><br>MP rzuca k100 i sprawdza wynik w tabeli na str. 273.";"Zaklinacz"
"8";"CHMURA ŻARU";" Przywoływanie, 8. krąg";" 1 akcja";" 45 metrów";" W, S";" Koncentracja, do 1 minuty";" Tworzysz wypełniony rozpalonymi do białości kawałkami żaru, wirujący obłok dymu w kształcie sfery o promieniu 6 metrów, ze środkiem w wybranym punkcie w zasięgu czaru. Obłok rozprzestrzenia się za załomy i stanowi obszar pozbawiony widoczności. Utrzymuje się do 1 minuty, chyba że wcześniej rozproszy go wiatr o umiarkowanej bądź większej prędkości (co najmniej 15 km/h).<br><br>Gdy obłok się pojawia, każda istota na jego obszarze musi wykonać rzut obronny na Zręczność. W przypadku niepowodzenia otrzymuje 10k8 obrażeń od ognia. Udany rzut<br>zmniejsza obrażenia o połowę. Istoty muszą wykonać również rzut obronny, gdy wchodzą w obszar działania czaru po raz pierwszy w swojej turze lub kończą w nim swoją turę.<br><br>Na początku każdej twojej tury, chmura oddala się od ciebie o 3 metry w wybranym przez ciebie kierunku.";"Zaklinacz"
"8";"DOMINACJA NAD POTWOREM";" Uroki, 8. krąg";" 1 akcja";" 18 metrów";" W, S";" Koncentracja, do 1 godziny";" Jeśli stworzenie, które widzisz w zasięgu, nie zda rzutu obronnego na Mądrość, zostanie zauroczone. Ma ułatwienie, jeśli akurat walczyło z tobą lub twoimi sojusznikami. Gdy cel jest zauroczony, łączy was telepatyczna więź, dopóki przebywacie w tej samej sferze egzystencji. Będąc przytomnym, możesz dzięki tej więzi bez użycia akcji, wydawać telepatyczne polecenia zauroczonemu stworzeniu. Możesz posłużyć się prostym i ogólnym rozkazem, np. „Zaatakuj go”, „Pobiegnij tam”, „Przynieś przedmiot”. Jeśli stworzenie po wypełnieniu polecenia nie otrzyma kolejnego, będzie ograniczało się do obrony własnej. W ramach swojej akcji możesz przejąć nad zauroczonym stworzeniem całkowitą kontrolę. Do końca twojej następnej tury, będzie ono wówczas wykonywało tylko wybrane przez ciebie akcje i nie zrobi niczego bez twojej zgody. Przez ten czas możesz zmusić je też do podjęcia reakcji, ale musisz na to zużyć również swoją. Za każdym razem, gdy zniewolone stworzenie otrzyma obrażenia, ponawia rzut obronny na Mądrość. Jeśli odniesie sukces, czar się kończy. Na wyższych kręgach. Jeśli rzucasz ten czar, wykorzystując komórkę co najmniej 9. kręgu, wydłużasz maksymalny czas trwania do 8 godzin (przy koncentracji).";"Zaklinacz"
"8";"SŁONECZNY BLASK";" Wywoływanie, 8. krąg";" 1 akcja";" 45 metrów";" W, S, M (ogień i kawałek awenturynu)";" Natychmiastowy";" W promieniu 18 metrów od wskazanego punktu w zasięgu czaru, rozbłyskuje olśniewające światło słoneczne. Każda istota skąpana w tym świetle musi wykonać rzut obronny na Kondycję. W przypadku niepowodzenia otrzymuje 12k6<br>obrażeń od światłości i zostaje oślepiona na 1 minutę. Jeśli rzut się powiedzie, to istota otrzymuje połowę obrażeń i nie zostaje oślepiona. Nieumarli i śluzy mają utrudnienie w tym rzucie.<br><br>Oślepiona tym czarem istota, pod koniec każdej swojej tury, ponawia rzut obronny na Kondycję. Sukces uwalnia ją z efektu oślepienia.<br><br>Tym zaklęciem rozpraszasz każdą magicznie stworzoną ciemność występującą w jego obszarze działania.";"Zaklinacz"
"8";"SŁOWO MOCY 'STÓJ'";" Uroki, 8. krąg";" 1 akcja";" 18 metrów";" W";" Natychmiastowy";" Wypowiadasz słowo mocy przytłaczające umysł istoty, którą widzisz w zasięgu czaru, i wprawiasz ją w osłupienie. Jeżeli ma do 150 PW, zostaje ogłuszona. W przeciwnym wypadku zaklęcie nie przynosi efektu.<br><br>Ogłuszona istota pod koniec każdej swojej tury wykonuje rzut obronny na Kondycję. Sukces wyzwala ją z efektu ogłuszenia.";"Zaklinacz"
"8";"TRZĘSIENIE ZIEMI";" Wywoływanie, 8. krąg";" 1 akcja";" 150 metrów";" W, S, M (szczypta ziemi, kamień i grudka gliny)";" Koncentracja, do 1 minuty";" Podczas działania tego czaru, obszarem w promieniu 30 metrów od wybranego punktu w zasięgu czaru, targają silne wstrząsy, przenoszące się na istoty i budynki mające kontakt z powierzchnią ziemi.<br><br>Ziemia na czas działania czaru staje się trudnym terenem. Przebywające tam istoty, które koncentrują się na zaklęciach, muszą wykonać rzut obronny na Kondycję. W przypadku niepowodzenia, ich koncentracja zostaje przerwana. <br><br>Kiedy rzucasz to zaklęcie oraz pod koniec każdej tury, w której się na nim koncentrujesz, każda istota w obszarze trzęsienia ziemi musi wykonać rzut obronny na Zręczność. W przypadku niepowodzenia, pada powalona. Zależnie od typu terenu objętego zaklęciem, możesz wywołać dodatkowe efekty określane przez MP.<br>Możesz tworzyć szczeliny oraz oddziaływać na budynki, zgodnie z zasadami na stronie 273.";"Zaklinacz"
"9";"BRAMA";" Przywoływanie, 9. krąg";" 1 akcja";" 18 metrów";" W, S, M (diament o wartości co najmniej 5000 sz)";" Koncentracja, do 1 minuty";" Przywołujesz portal łączący wolne miejsce, które widzisz w zasięgu czaru, z konkretnym miejscem w innej sferze egzystencji. Portal działa przez cały czas trwania czaru i ma kształt koła. Możesz wybrać jego średnicę – od 1,5m do 6m – i ustawić go w dowolnym kierunku. Końce portalu w obu sferach egzystencji posiadają stronę przednią i tylną. Aby podróżować portalem, należy przekroczyć go od przodu. Wszystko, co w ten sposób przejdzie przez bramę na jednym jej końcu, pojawi się natychmiast w najbliższym wolnym miejscy koło drugiego. Bóstwa i inni władcy sfer, mogą blokować możliwość otwierania portali tworzonych tym zaklęciem bezpośrednio w ich obecności lub gdziekolwiek w ich domenie...<br><br>Podręcznik gracza str.214";"Zaklinacz"
"9";"RÓJ METEORYTÓW";" Wywoływanie, 9. krąg";" 1 akcja";" 1,5 kilometra";" W, S";" Natychmiastowy";" W czterech różnych punktach, które widzisz w zasięgu czaru, spadają na ziemię jaśniejące kule ognia. Każda istota znajdująca się w obrębie sfery o promieniu 12m ze środkiem we wskazanym miejscu, musi wykonać rzut obronny na Zręczność. Sfera rozprzestrzenia się za rogi i załomy. Porażka w rzucie obronnym oznacza otrzymanie 20k6 obrażeń od ognia i 20k6 obrażeń obuchowych, a sukces zmniejsza obrażenia o połowę. Istota przebywająca w więcej niż jednym obszarze rażenia, otrzymuje je tylko raz. <br><br>Zaklęcie uszkadza obiekty na obszarze działania i podpala łatwopalne przedmioty, które nie są przez kogoś noszone lub trzymane.";"Zaklinacz"
"9";"SŁOWO MOCY 'GIŃ'";" Uroki, 9. krąg";" 1 akcja";" 18 metrów";" W";" Natychmiastowy";" Wypowiadasz słowo mocy, zmuszając istotę, którą widzisz w zasięgu, by natychmiast umarła.<br><br>Jeżeli wybrana istota ma do 100 PW, ginie na miejscu. W przeciwnym wypadku zaklęcie nie przynosi efektu.<br>";"Zaklinacz"
"9";"ZATRZYMANIE CZASU";" Przemiany, 9. krąg";" 1 akcja";" Na siebie";" W";" Natychmiastowy";" Na krótką chwilę wstrzymujesz upływ czasu dla wszystkich oprócz ciebie. Dla innych, czas stoi w miejscu, podczas gdy ty rozgrywasz 1k4 + 1 tur z rzędu, w których możesz wykonywać akcje i poruszać się w normalny sposób.<br><br>Zaklęcie dobiega końca, jeśli jakakolwiek z twoich akcji lub któryś z wytworzonych przez ciebie efektów wpłynie na istotę inną niż ty lub na przedmioty przez nią noszone albo trzymane.<br><br>Czar kończy swoje działanie również wtedy, gdy oddalisz się od miejsca inkantacji na ponad 300 metrów.";"Zaklinacz"
"9";"ŻYCZENIE";" Przywoływanie, 9. krąg";" 1 akcja";" Na siebie";" W";" Natychmiastowy";" Wystarczy, że powiesz, czego chcesz, by zmienić fundamenty rzeczywistości wedle własnych kaprysów. Podstawowym zastosowaniem tego zaklęcia jest duplikacja dowolnego czaru z kręgu 8. lub niższego. Skopiowane tym sposobem zaklęcie rzucasz bez potrzeby spełnienia jego wymagań, w tym kosztownych komponentów. Czar po prostu zaczyna działać.<br><br>Alternatywnie możesz wywołać efekt z podanych na stronie 288, lub sięgnąć po więcej, mówiąc MP swoje życzenie.<br><br>Rzucenie tego zaklęcia, by osiągnąć efekt inny niż<br>zduplikowanie innego czaru, jest źródłem wielkiego stresu, który bardzo cię osłabia. Gdy po przeżyciu tego stresu rzucasz jakiś czar przed ukończeniem długiego odpoczynku, otrzymujesz 1k10 obrażeń nekrotycznych za każdy krąg czaru. Obrażeń tych nie można w żaden sposób zredukować ani uniknąć. Co więcej, twoja Siła na 2k4 dni spada do 3 (o ile wcześniej była większa). Każdy dzień spędzony na odpoczynku i lekkiej aktywności, skraca o 2 liczbę dni potrzebną ci na dojście do siebie. I wreszcie, istnieje 33% ryzyka, że po przeżyciu tego stresu, już nigdy nie będziesz w stanie rzucić życzenia.";"Zaklinacz"
"0";"GRZMOT";" Wywoływanie, sztuczka";" 1 akcja";" 1,5 metry";" S";" Natychmiastowy";" Tworzysz odgłos gromu słyszalny z odległości 30 metrów. Każde stworzenie znajdujące się w zasięgu czaru  (oprócz ciebie) musi wykonać rzut obronny na Kondycję. W przypadku niepowodzenia otrzymuje 1k6 obrażeń od dźwięku.<br><br>Obrażenia z tego zaklęcia zwiększają się o lk6, gdy osiągniesz 5. poziom (do 2k6), 11. poziom (do 3k6)i 17. poziom (do 4k6).";"Zaklinacz (XGE)"
"0";"KONTROLA PŁOMIENI";" Przemiany, sztuczka";" 1 akcja";" 18 metrów";" S";" Natychmiastowy lub 1 godzina (patrz poniżej)";" Wybierasz niemagiczny płomień, który widzisz w zasięgu czaru i który mieści się w sześcianie o boku 1,5 metra. Możesz na niego oddziaływać w jeden z następujących sposobów:<br><br>-Natychmiast podsycasz płomień, który rośnie o 1,5 metra w jednym kierunku, pod warunkiem, że w nowym miejscu znajduje się drewno lub inne paliwo.<br>-Natychmiast gasisz płomienie w tym obszarze.<br>-Dwukrotnie zwiększasz albo o połowę zmniejszasz obszar jasnego i słabego światła emitowanego przez płomień, albo zmieniasz jego kolor. Możesz też wykonać. obie zmiany naraz Efekt trwa przez 1 godzinę<br>-Powodujesz pojawienie się w płomieniach prostych kształtów - takich jak uproszczone formy istot, nieruchome przedmioty lub miejsca i możesz nimi poruszać. Efekt trwa przez 1 godzinę<br><br>Jeśli rzucisz tę sztuczkę wielokrotnie, jednocześnie aktywne mogą być najwyżej 3 jej nienatychmiastowe efekty. Każdy z nich możesz zakończyć w ramach akcji.";"Zaklinacz (XGE)"
"0";"KSZTAŁTOWANIE WODY";" Przemiany, sztuczka";" 1 akcja";" 9 metrów";" S";" Natychmiastowy or 1 godzina (patrz poniżej)";" Wybierasz obszar wody, który widzisz w zasięgu czaru i który mieści się w sześcianie o boku 1,5 metra. Możesz na niego oddziaływać w jeden z następujących sposobów:<br><br>-Natychmiast przesuwasz lub winny sposób zmieniasz ruch wody do 1,5 metra w dowolnym kierunku. Ruch ten nie wystarcza do zadania obrażeń.<br>-Sprawiasz, że woda przybiera proste kształty, którymi możesz poruszać. Efekt trwa przez 1 godzinę.<br>-Zmieniasz kolor albo przejrzystość wody. Zmiana musi być jednolita na całym obszarze wody. Efekt trwa przez 1 godzinę.<br>-Zamrażasz wodę, o ile nie ma w niej żadnych stworzeń. Lód topnieje po 1 godzinie.<br><br>Jeśli rzucisz tę sztuczkę wielokrotnie, jednocześnie aktywne mogą być najwyżej dwa jej nienatychmiastowe efekty. Każdy z nich możesz zakończyć w ramach akcji.";"Zaklinacz (XGE)"
"0";"KSZTAŁTOWANIE ZIEMI";" Przemiany, sztuczka";" 1 akcja";" 9 metrów";" S";" Natychmiastowy lub 1 godzina (patrz poniżej)";" Wybierasz fragment ziemi albo kamienia, który Widzisz w zasięgu czaru i który mieści się w sześcianie o boku 1,5 metra. Możesz na niego oddziaływać w jeden z następujących sposobów:<br><br>-Jeśli celem czaru jest luźna ziemia, możesz ją natychmiast wydobyć, przemieścić po podłożu i złożyć 1,5 metra dalej. Ruch ten nie wystarcza do zadania obrażeń.<br>-Sprawiasz, że na ziemi albo kamieniu pojawiają się kształty, kolory albo oba te efekty. Możesz w ten sposób tworzyć słowa, obrazy lub wzory. Efekt trwa przez 1 godzinę.<br>-Jeśli wybrany fragment ziemi albo kamienia znajduje się na podłożu, możesz zmienić ten obszar w trudny teren. Możesz także zmienić podłoże w normalny teren, jeśli już jest trudnym terenem. Efekt trwa przez 1 godzinę.<br><br>Jeśli rzucisz tę sztuczkę wielokrotnie, jednocześnie aktywne mogą być najwyżej dwa jej nienatychmiastowe efekty. Każdy z nich możesz zakończyć w ramach akcji";"Zaklinacz (XGE)"
"0";"ODMROŻENIE";" Wywoływanie, sztuczka";" 1 akcja";" 18 metrów";" W, S";" Natychmiastowy";"   Powodujesz, że porażający mróz otacza jedno stworzenie, które widzisz w zasięgu czaru. Cel musi wykonać rzut obronny na Kondycję. W przypadku niepowodzenia otrzymuje 1k6  obrażeń od zimna i ma utrudnienie w następnym teście ataku bronią wykonanym przed końcem swojej następnej tury.<br><br>Obrażenia z tego zaklęcia zwiększają się o 1k6,<br>gdy osiągniesz 5. poziom (do 2k6), 11. poziom (do 3k6) i 17. poziom (do 4k6).";"Zaklinacz (XGE)"
"0";"PODMUCH";" Przemiany, sztuczka";" 1 akcja";" 9 metrów";" W, S";" Natychmiastowy";" Przejmujesz kontrolę nad powietrzem i rozkazujesz mu stworzyć jeden z następujących efektów w punkcie, który widzisz w zasięgu czaru:<br><br>-Jedna Średnia lub mniejsza istota musi wykonać rzut obronny na Siłę. W przypadku niepowodzenia zostaje odepchnięta do 1,5 metra od ciebie.<br><br>-Tworzysz podmuch powietrza zdolny przesunąć jeden obiekt, który nie jest noszony ani trzymany i waży nie więcej niż 2,5 kilograma. Obiekt zostaje odepchnięty na odległość do 3 metrów od ciebie. Ruch ten nie wystarcza do zadania obrażeń.<br><br>-Tworzysz nieszkodliwy efekt sensoryczny z użyciem powietrza, na przykład szelest liści, powodujesz zatrzaśnięcie okiennic lub łopotanie odzieży na wietrze.";"Zaklinacz (XGE)"
"0";"ROBACTWO";" Przywoływanie, sztuczka";" 1 akcja";" 9 metrów";" W, S, M (żywa pchła)";" Natychmiastowy";"   Powodujesz chwilowe pojawienie się chmury roztoczy, pcheł i innych pasożytów na istocie, którą widzisz w zasięgu czaru. Cel musi wykonać rzut obronny na Kondycje. W przypadku niepowodzenia otrzymuje 1k6 obrażeń od ,<br>trucizny przemieszcza się 1,5 metra w losowym kierunku, o ile może się poruszać, a jego szybkość wynosi co najmniej 1,5 metra. Określ kierunek, rzucając k4: 1 - północ, 2 -  południe, 3 - wschód, 4 - zachód. Ruch ten nie prowokuje ataków okazyjnych. Jeśli wybrany kierunek jest zablokowany, 15, to cel pozostaje w miejscu. 7<br><br>Obrażenia z tego zaklęcia zwiększają się o 1k6, .<br>gdy osiągniesz 5. poziom (do 2k6), 11. poziom (do 3k6) i 17. poziom (do 4116)";"Zaklinacz (XGE)"
"0";"STWORZENIE OGNISKA";" Przywoływanie, sztuczka";" 1 akcja";" 18 metrów";" W, S";" Koncentracja, do 1 minuty";"   Tworzysz ognisko W miejscu na ziemi, które Widzisz w zasięgu czaru. Podczas trwania czaru magiczne ognisko wypełnia obszar sześcianu o boku 1,5 metra. Gdy rzucasz zaklęcie, każde stworzenie znajdujące się w przestrzeni zajmowanej przez ognisko musi wykonać rzut obronny na Zręczność. W przypadku niepowodzenia otrzymuje 1k8 obrażeń od ognia. Stworzenie musi wykonać rzut obronny również wtedy, gdy wchodzi w obszar ogniska po raz pierwszy w swojej turze lub kończy tam swoją turę.<br><br>Ognisko podpala łatwopalne obiekty w swoim obszarze, które nie są noszone ani trzymane.<br><br>Obrażenia z tego zaklęcia zwiększają się o 1k8,<br>gdy osiągniesz 5. poziom (do 2k8), 11. poziom (do 3k8) i 17. poziom (do 4k8).";"Zaklinacz (XGE)"
"1";"CHAOTYCZNY POCISK";" Wywoływanie, 1. krąg";" 1 akcja";" 36 metrów";" W, S";" Natychmiastowy";" Rzucasz falującą, wirującą masą chaotycznej energii W stworzenie znajdujące się w zasięgu czaru. Wykonujesz atak dystansowy czarem przeciw wybranemu celowi. Przy trafieniu cel otrzymuje 2k8 + 1k6 obrażeń. Wybierz jedną z kości k8. Jej wynik określa typ zadawanych obrażeń według poniższej tabeli. k8 Typ obrażeń 1 Od dźwięku 2 Od elektryczności 3 Od kwasu 4 Od mocy 5 Od ognia 6 Od trucizny 7 Od zimna 8 Psychiczne Jeśli wyniki na obu kościach k8 są takie same, chaotyczna energia przeskakuje z celu do innego wybranego stworzenia znajdującego się w obrębie 9 metrów od pierwszego celu. Wykonujesz nowy test ataku przeciw nowemu celowi i nowy rzut na obrażenia, który może spowodować ponowny przeskok energii...<br>Przewdonik Xanathara po wszystkim str.151<br>";"Zaklinacz (XGE)"
"1";"KATAPULTA";" Przemiany, 1. krąg";" 1 akcja";" 18 metrów";" S";" Natychmiastowy";" Wybierz obiekt, który nie jest noszony lub trzymany, ma masę od 0,5 do 2,5 kilograma i znajduje się w zasięgu czaru. Obiekt ten leci w linii prostej do 27 metrów w wybranym przez ciebie kierunku, po czym spada na ziemię, zatrzymuje się wcześniej przy zderzeniu z twardą powierzchnią. Jeśli leci w kierunku stworzenia, to musi ono wykonać rzut obronny na Zręczność. W przypadku niepowodzenia obiekt uderza w cel i się zatrzymuje. Przy uderzeniu zarówno obiekt, jaki cel otrzymują 3k8 obrażeń obuchowych.<br><br>Na wyższych kręgach. Jeśli rzucasz ten czar, wykorzystując komórkę co najmniej 2. kręgu, za każdy krąg powyżej 1. zwiększasz zadawane obrażenia o 1k8, a maksymalna masa obiektu wzrasta o 2,5 kilograma.";"Zaklinacz (XGE)"
"1";"LODOWY NÓŻ";" Przywoływanie, 1. krąg";" 1 akcja";" 18 metrów";" S, M (kropla wody lub kawałek lodu)";" Natychmiastowy";" Tworzysz odłamek lodu i rzucasz nim w jedno stworzenie w zasięgu czaru. Wykonujesz atak dystansowy czarem przeciw wybranemu celowi. Przy trafieniu cel otrzymuje 1k10 obrażeń kłutych. Następnie odłamek wybucha, niezależnie od tego, czy udało ci się trafić. Cel i każde stworzenie w obrębie 1,5 metra od niego musi wykonać rzut obronny na Zręczność. W przypadku niepowodzenia otrzymuje 2k6 obrażeń od zimna.<br><br>Na wyższych kręgach. Jeśli rzucasz ten czar, wykorzystując komórkę co najmniej 2. kręgu, za każdy krąg powyżej 1. zwiększasz obrażenia od zimna o 1k6.";"Zaklinacz (XGE)"
"1";"POCHŁONIĘCIE ŻYWIOŁÓW";" Odpychanie, 1. krąg";" 1 reakcja podejmowana w odpowiedzi na otrzymanie obrażeń od dźwięku, elektryczności, kwasu, ognia albo zimna";" Na siebie";" S";" 1 runda";" Czar przejmuje część oddziałującej na ciebie energii,<br>zmniejsza jej wpływ i przygotowuje ją do wykorzystania w twoim następnym ataku wręcz. Do początku swojej następnej tury zyskujesz odporność na obrażenia takiego typu, jak te wywołujące twoją reakcję. Co więcej, kiedy po raz pierwszy trafisz atakiem wręcz w swojej następnej turze, cel otrzymuje dodatkowo 1k6 obrażeń tego typu, a czar dobiega końca.<br><br>Na wyższych kręgach. Jeśli rzucasz ten czar, wykorzystując komórkę co najmniej 2. kręgu, za każdy krąg powyżej 1. zwiększasz zadawane obrażenia dodatkowe o 1k6.";"Zaklinacz (XGE)"
"1";"WSTRZĄS ZIEMI";" Wywoływanie, 1. krąg";" 1 akcja";" 3 metry";" W, S";" Natychmiastowy";" Wywołujesz wstrząs ziemi W obrębie zasięgu czaru. Każde stworzenie (oprócz ciebie) znajdujące się na tym obszarze musi wykonać rzut obronny na Zręczność. W przypadku niepowodzenia otrzymuje 1k6 obrażeń obuchowych i zostaje powalone. Jeśli obszar ten pokryty jest luźną ziemią lub kamieniami, staje się trudnym terenem, dopóki nie zostanie uprzątnięty. Ręczne oczyszczenie każdego 1,5-metrowego fragmentu wymaga co najmniej 1 minuty.<br><br>Na wyższych kręgach. Jeśli rzucasz ten czar, wykorzystując komórkę co najmniej 2. kręgu, za każdy krąg powyżej 1. zwiększasz zadawane obrażenia o 1k6.";"Zaklinacz (XGE)"
"2";"CIENISTE OSTRZE";" Iluzje, 2. krąg";" 1 akcja dodatkowa";" Na siebie";" W, S";" ";" (Koncentracja, do 1 minuty) Splatasz smugi cienia, które w twojej dłoni formują się w miecz z zestalonego mroku. Ten magiczny miecz istnieje do zakończenia czaru.Jest traktowany jak prosta broń biała, w której używaniu masz biegłość. Przy trafieniu zadaje 2k8 obrażeń psychicznych.Jest to broń finezyjna, lekka i rzucana (zasięg 6/18). Ponadto masz ułatwienie w teście ataku, gdy używasz miecza do zaatakowania celu znajdującego się w słabym świetle lub w ciemności. Jeśli rzucisz lub puścisz miecz, to znika on na końcu tury. Podczas trwania czaru w ramach akcji dodatkowej możesz sprawić, aby miecz pojawił się ponownie w twojej dłoni.<br><br> Na wyższych kręgach. Jeśli rzucasz ten czar,  wykorzystując komórkę 3. lub 4. kręgu, zwiększasz zadawane obrażenia do 3k8.Jeśli rzucasz go, wykorzystując komórkę 5. lub 6. kręgu, zwiększasz zadawane obrażenia do 4k8. Jeśli rzucasz go, wykorzystując komórkę co najmniej 7. kręgu, zwiększasz zadawane obrażenia do 5k8.";"Zaklinacz (XGE)"
"2";"MYŚLOWY CIERŃ";" Wieszczenie, 2. krąg";" 1 akcja";" 18 metrów";" S";" Koncentracja, do 1 godziny";"   Sięgasz do umysłu stworzenia, które widzisz w zasięgu czaru. Cel musi wykonać rzut obronny na Mądrość. W przypadku niepowodzenia otrzymuje 3k8 obrażeń psychicznych. Udany rzut zmniejsza obrażenia o połowę. Dodatkowo w przypadku niepowodzenia zawsze znasz położenie celu przez czas trwania czaru, o ile znajdujecie się W tej samej sferze egzystencji. Dzięki temu cel nie może  się przed tobą ukryć - nawet jeśli jest niewidzialny, ten stan nie zapewnia mu żadnych korzyści przeciw tobie. <br><br>Na wyższych kręgach. Jeśli rzucasz ten czar, wykorzystując komórkę co najmniej 3. kręgu, za każdy krąg powyżej 2. zwiększasz zadawane obrażenia o 1k8.";"Zaklinacz (XGE)"
"2";"OCHRONNY WIATR";" Wywoływanie, 2. krąg";" 1 akcja";" Na siebie";" W";" Koncentracja, do 10 minut";" Otacza cię silny wiatr (30 kilometrów na godzinę) wiejący w obrębie 3 metrów wokół ciebie, wyśrodkowany na tobie i przemieszczający się wraz z tobą. Wiatr utrzymuje się przez czas trwania czaru. Wiatr wywołuje następujące efekty:<br><br>-Powoduje, że stworzenia w tym obszarze (łącznie z tobą) są ogłuchłe.<br><br>-Gasi w tym obszarze niechronione płomienie wielkości pochodni lub mniejsze.<br><br>-Odpycha parę, gaz i mgłę, które mogą zostać rozwiane przez silny Wiatr.<br><br>-Obszar ten stanowi trudny teren dla wszystkich stworzeń oprócz ciebie.<br><br>-Testy ataków dystansowych bronią są wykonywane z utrudnieniem, jeśli taki atak przechodzi przez  ten obszar.";"Zaklinacz (XGE)"
"2";"PIROTECHNIKA";" Przemiany, 2. krąg";" 1 akcja";" 18 metrów";" W, S";" Natychmiastowy";" Wybierasz obszar niemagicznego płomienia, który widzisz w zasięgu czaru i który mieści się w sześcianie o boku 1,5 metra. Możesz zgasić ogień w tym obszarze i odpalić przy tym fajerwerki lub stworzyć chmurę dymu.<br><br> Dym. Czarny dym rozprzestrzenia się w promieniu 6 metrów od celu, sięgając za załomy. Obszar ten jest pozbawiony widoczności. Efekt trwa przez 1 minutę lub do momentu rozwiania dymu przez silny wiatr. <br><br>Fajerwerki. Cel wybucha oszałamiającą feerią kolorów. Każde stworzenie znajdujące się w obrębie 3 metrów od celu musi wykonać rzut obronny na Kondycję. W przypadku niepowodzenia zostaje oślepione do końca twojej następnej tury.";"Zaklinacz (XGE)"
"2";"PŁOMIENIE AGANAZZARA";" Wywoływanie, 2. krąg";" 1 akcja";" 9 metrów";" W, S, M (łuska czerwonego smoka)";" Natychmiastowy";" Ryczące płomienie wystrzeliwują od ciebie w wybranym kierunku, tworząc prostą o długości 9 metrów i szerokości 1,5 metra. Każde stworzenie, które znajdzie się w tym obszarze, musi wykonać rzut obronny na Zręczność. W przypadku niepowodzenia otrzymuje 3k8 obrażeń od ognia. Udany rzut zmniejsza obrażenia o połowę.<br><br>Na wyższych kręgach. Jeśli rzucasz ten czar, wykorzystując komórkę co najmniej 3. kręgu, za każdy krąg powyżej 2. zwiększasz zadawane obrażenia o 1k8.";"Zaklinacz (XGE)"
"2";"PYŁOWY WIR";" Przywoływanie, 2. krąg";" 1 akcja";" 18 metrów";" W, S, M (szczypta pyłu)";" Koncentracja, do 1 minuty";" Wybierasz obszar powietrza, który widzisz w zasięgu czaru i który mieści się W sześcianie o boku 1,5 metra. Energia żywiołów przypominająca wir pyłu pojawia się tam i utrzymuje się przez czas trwania czaru.<br><br>Każda istota kończąca swoją turę w obrębie 1,5 metra od niego musi wykonać rzut obronny na Siłę. W przypadku niepowodzenia otrzymuje 1k8 obrażeń obuchowych i zostaje odepchnięta o 3 metry od pyłowego wiru. Udany rzut zmniejsza obrażenia o połowę i zapobiega odepchnięcia.<br><br>W ramach akcji dodatkowej możesz przemieścić wir na odległość do 9 metrów w dowolnym kierunku.Jeśli wir porusza się nad piaskiem, pyłem, sypką ziemią lub lekkim żwirem, zasysa je i tworzy wokół siebie chmurę o promieniu 3 metrów, która utrzymuje się do początku twojej następnej tury. Obszar ten jest pozbawiony widoczności.<br><br>Na wyższych kręgach. Jeśli rzucasz ten czar, wykorzystując komórkę co najmniej 3. kręgu, za każdy krąg powyżej 2. zwiększasz zadawane obrażenia o 1k8.";"Zaklinacz (XGE)"
"2";"RÓJ ŚNIEŻEK SNILLOCA";" Wywoływanie, 2. krąg";" 1 akcja";" 27 metrów";" W, S, M (kawałek lodu lub mały odłamek białej skały)";" Natychmiastowy";" Wybrany przez ciebie punkt w zasięgu czaru eksploduje chmarą magicznych śnieżek. Każde stworzenie w obszarze sfery o promieniu 1,5 metra i środku w tym punkcie musi wykonać rzut obronny na Zręczność. W przypadku niepowodzenia otrzymuje 3k6 obrażeń od zimna. Udany rzut zmniejsza obrażenia o połowę.<br><br>Na wyższych kręgach. Jeśli rzucasz ten czar, wykorzystując komórkę co najmniej 3. kręgu, za każdy krąg powyżej 2. zwiększasz zadawane obrażenia o 1k6.";"Zaklinacz (XGE)"
"2";"SMOCZE ZIONIĘCIE";" Przemiany, 2. krąg";" 1 akcja dodatkowa";" Dotyk";" W, S, M (ostra papryczka)";" Koncentracja, do 1 minuty";" Dotykasz przychylnego stworzenia i dajesz mu moc ziania z ust magiczną energią (pod warunkiem, że je posiada). Wybierasz typ obrażeń: od elektryczności, kwasu, ognia, trucizny albo zimna. Podczas trwania czaru stworzenie może w ramach swojej akcji zionąć wybranym typem energii W kształcie stożka o długości 4,5 metra. Każda istota w tym obszarze musi wykonać rzut obronny na Zręczność. W przypadku niepowodzenia otrzymuje 3k6 obrażeń wybranego typu. Udany rzut zmniejsza obrażenia o połowę.<br><br>Na wyższych kręgach. Jeśli rzucasz ten czar, wykorzystując komórkę co najmniej 3. kręgu, za każdy krąg powyżej 2. zwiększasz zadawane obrażenia o 1k6.";"Zaklinacz (XGE)"
"2";"UZIEMIENIE";" Przemiany, 2. krąg";" 1 akcja";" 90 metrów";" W";" Koncentracja, do 1 minuty";"   Wybierasz stworzenie, które widzisz w zasięgu czaru. Oplatają je żółte wstęgi magicznej energii. Cel musi wykonać rzut obronny na Siłę. W przypadku niepowodzenia jego szybkość lotu (jeśli ją posiada) spada do 0 na czas trwania czaru. Stworzenie znajdujące się W powietrzu - objęte działaniem tego czaru - opada bezpiecznie z prędkością 18 metrów na rundę do chwili zetknięcia z ziemią lub zakończenia czaru.";"Zaklinacz (XGE)"
"2";"ZIEMNY UŚCISK MAXIMILIANA";" Przemiany, 2. krąg";" 1 akcja";" 9 metrów";" W, S, M (miniaturowa ręka ulepiona z gliny)";" Koncentracja, do 1 minuty";" Wybierasz wolne miejsce na ziemi będące kwadratem o boku 1,5 metra, które widzisz w zasięgu czaru. Z tego miejsca powstaje Średnia ręka z ubitej ziemi i sięga w stronę stworzenia, które widzisz w obrębie 1,5 metra od niej. Cel musi wykonać rzut obronny na Siłę. W przypadku niepowodzenia otrzymuje 2k6 obrażeń obuchowych i zostaje unieruchomiony na czas trwania czaru.<br><br>W ramach akcji możesz sprawić, by ręka zgniotła unieruchomiony cel. Musi on wtedy wykonać rzut obronny na Siłę. W przypadku niepowodzenia otrzymuje 2k6 obrażeń obuchowych. Udany rzut zmniejsza obrażenia o połowę.<br><br>Aby się uwolnić, unieruchomiony cel może w ramach akcji wykonać test Siły o ST rzutu obronnego przeciw twoim czarom. Udany rzut kończy unieruchomienie.<br><br>W ramach akcji możesz sprawić, by ręka sięgnęła po inną istotę albo przemieściła się na inne wolne miejsce w zasięgu czaru. W obu przypadkach ręka uwalnia obecnie unieruchomiony cel.";"Zaklinacz (XGE)"
"3";"DRZEMKA";" Uroki, 3. krąg";" 1 akcja";" 9 metrów";" S, M (szczypta piasku)";" 10 minut";" Wykonujesz uspokajający gest i wybierasz do trzech przychylnych stworzeń, które widzisz W zasięgu czaru. Padają one nieprzytomne na czas trwania zaklęcia.Jeśli cel otrzyma obrażenia lub ktoś w ramach akcji obudzi go uderzeniem lub potrząśnięciem, to czar zakończy się dla niego przedwcześnie. Jeśli cel będzie nieprzytomny przez cały czas trwania czaru, to otrzymuje korzyści równoważne z odbyciem krótkiego odpoczynku i nie może zostać ponownie objęty działaniem tego zaklęcia, dopóki nie ukończy długiego odpoczynku.  <br><br>Na wyższych kręgach. Jeśli rzucasz ten czar, wykorzystując komórkę co najmniej 4. kręgu, za każdy krąg powyżej 3. możesz objąć czarem jedno dodatkowe przychylne  stworzenie.";"Zaklinacz (XGE)"
"3";"FALA PRZYPŁYWU";" Przywoływanie, 3. krąg";" 1 akcja";" 36 metrów";" W, S, M (kropla wody)";" Natychmiastowy";" Przywołujesz falę wody, która uderza w obszar w zasięgu czaru. Obszar ten może mieć do 9 metrów długości, do 3 metrów szerokości i do 3 metrów wysokości. Każde stworzenie w tym obszarze musi wykonać rzut obronny na Zręczność. W przypadku niepowodzenia otrzymuje 4k8 obrażeń obuchowych i zostaje powalone. Udany rzut zmniejsza obrażenia o połowę i zapobiega powaleniu. Następnie woda rozlewa się po ziemi we wszystkich kierunkach,<br>gasząc niechronione płomienie w tym obszarze i w obrębie 9 metrów od niego, po czym znika.";"Zaklinacz (XGE)"
"3";"GRZMIĄCY KROK";" Przywoływanie, 3. krąg";" 1 akcja";" 27 metrów";" W";" Natychmiastowy";"   Teleportujesz się w wolne miejsce, które widzisz w zasięgu czaru. Natychmiast po twoim zniknięciu z poprzednio zajmowanego przez ciebie miejsca rozlega się donośny huk, a każde stworzenie w obrębie 3 metrów od tego miejsca i musi wykonać rzut obronny na Kondycję. W przypadku niepowodzenia otrzymuje 3k10 obrażeń od dźwięku. Udany rzut zmniejsza obrażenia o połowę. Grzmot jest słyszalny z odległości 90 metrów.  Możesz przemieścić się razem z przedmiotami, których, łączny ciężar nie przekracza twojego udźwigu, a także zabrać ze sobą jedną przychylną istotę w rozmiarze nieprzekraczającym twojego, której wyposażenie nie przekracza jej udźwigu. W momencie rzucania czaru musi znajdować się ona nie dalej niż 1,5 metra od ciebie. Dodatkowo w obrębie 1,5 metra od twojego miejsca docelowego musi znajdować się drugie wolne miejsce, aby mogła się tam przenieść. W przeciwnym razie istota nie rusza się z miejsca.<br>Na wyższych kręgach. Jeśli rzucasz ten czar, wykorzystując komórkę co najmniej 4. kręgu, za każdy krąg powyżej3. zwiększasz obrażenia o 1k10.";"Zaklinacz (XGE)"
"3";"MINIATUROWE METEORY MELFA";" Wywoływanie, 3. krąg";" l akcja";" Na siebie";" W, S, M (saletra, siarka i smoła drzewna  uformowane w koralik)";" Koncentracja, do 10 minut";" Tworzysz sześć malutkich meteorów w zajmowanym przez siebie miejscu. Unoszą się one i krążą wokół ciebie  przez czas trwania czaru. Gdy rzucasz zaklęcie, a także w ramach akcji dodatkowej w każdej swojej następnej turze możesz wysłać jeden lub dwa meteory w wybrane miejsce lub miejsca znajdujące się w obrębie 36 metrów od ciebie. Meteor wybucha po dotarciu do celu lub zderzeniu ze stałą powierzchnią. Każde stworzenie w obrębie 1,5 metra od miejsca wybuchu musi wykonać rzut obronny na Zręczność. W przypadku niepowodzenia otrzymuje 2k6 obrażeń od ognia. Udany rzut zmniejsza obrażenia o połowę. <br><br>Na wyższych kręgach. Jeśli rzucasz ten czar, wykorzystując komórkę co najmniej 4. kręgu, za każdy krąg powyżej 3. zwiększasz liczbę stworzonych meteorów o 2.";"Zaklinacz (XGE)"
"3";"MROWIE WROGOW";" Uroki, 3.krąg";" 1 akcja";" 36 metrów";" W, S";" Koncentracja, do 1 minuty";" Sięgasz do umysłu jednego stworzenia, które widzisz, i zmuszasz je do wykonania rzutu obronnego na Inteligencję. Stworzenie niepodatne na przerażenie automatycznie odnosi sukces w tym rzucie. W przypadku niepowodzenia traci zdolność odróżniania wrogów od przyjaciół ina czas trwania czaru uważa za wrogów wszystkie stworzenia, które widzi. Cel może powtórzyć rzut obronny za każdym razem, gdy otrzymuje obrażenia. Udany rzut powoduje zakończenie efektu. <br><br>Gdy objęte czarem stworzenie wybiera inną istotę jako cel ataku, czaru lub zdolności, za każdym razem musi określić go losowo spośród istot, które widzi w zasięgu. Gdy Zostanie sprowokowane przez wroga do wykonania ataku okazyjnego, to musi to zrobić, jeśli może.";"Zaklinacz (XGE)"
"3";"PŁOMIENNE STRZAŁY";" Przemiany, 3. krąg";" 1 akcja";" Dotyk";" W, S";" Koncentracja, do 1 godziny";" Dotykasz kołczanu ze strzałami lub bełtami. Przy trafieniu atakiem dystansowym bronią z użyciem amunicji wyciągniętej z kołczanu cel otrzymuje 1k6 dodatkowych obrażeń od ognia. Działanie czaru na pocisk kończy się niezależnie od tego, czy udało ci się trafić, a samo zaklęcie kończy się po wyciągnięciu z kołczanu 12 sztuk amunicji. <br><br>Na wyższych kręgach. Jeśli rzucasz ten czar, wykorzystując komórkę co najmniej 4. kręgu, za każdy krąg powyżej 3. możesz zwiększyć liczbę sztuk amunicji objętych tym czarem o 2.";"Zaklinacz (XGE)"
"3";"ŚCIANA WODY";" Wywoływanie, 3. krąg";" 1 akcja";" 18 metrów";" W, S, M (kropla wody)";" Koncentracja, do 10 minut";" Tworzysz ścianę wody na ziemi W punkcie, który widzisz w zasięgu czaru. Możesz nadać jej formę płaskiego- muru o długości do 9 metrów, wysokości do 3 metrów i grubości do 30. centymetrów albo pierścienia o średnicy do 6 metrów, wysokości do 6 metrów i grubości do 30 centymetrów. Ściana znika, gdy zaklęcie dobiegnie końca. Przestrzeń zajmowana przez ścianę stanowi trudny teren.<br><br>Każdy test ataku dystansowego bronią, który wchodzi w przestrzeń zajmowaną przez ścianę, jest wykonywany z utrudnieniem, a obrażenia od ognia są zmniejszone o połowę, jeśli wywołujący je efekt przechodzi przez ścianę, aby dosięgnąć celu. Czary, które zadają obrażenia od zimna i przechodzą przez ścianę, powodują zamarznięcie odpowiedniego jej fragmentu (wielkości co najmniej kwadratu o boku 1,5 metra). Każdy zamarznięty kwadrat o boku 1,5 metra ma KP 5 i 15 PW. Ulega zniszczeniu, jeśli jego PW spadną do 0. Gdy fragment zostaje zniszczony, woda nie wypełnia ponownie tego obszaru.";"Zaklinacz (XGE)"
"3";"WYBUCH ZIEMI";" Przemiany, 3. krąg";" 1 akcja";" 36 metrów";" W, S, M (kawałek obsydianu)";" Natychmiastowy";" Wybierasz punkt na ziemi, który widzisz w zasięgu czaru. Fontanna kamieni i rozrytej ziemi wybucha w obszarze sześcianu o boku 6 metrów i środku W tym punkcie. Każde stworzenie W tym obszarze musi wykonać rzut obronny na Zręczność. W przypadku niepowodzenia otrzymuje 3k12 obrażeń obuchowych. Udany rzut zmniejsza obrażenia o połowę. Ponadto obszar ten zmienia się w trudny teren, dopóki nie zostanie uprzątnięty. Ręczne oczyszczenie każdego 1,5-metrowego fragmentu wymaga co najmniej 1 minuty.<br><br>Na wyższych kręgach. Jeśli rzucasz ten czar, wykorzystując komórkę co najmniej 4. kręgu, za każdy krąg powyżej 3. zwiększasz obrażenia o 1k12.";"Zaklinacz (XGE)"
"4";"BURZOWA KULA";" Wywoływanie, 4. krąg";" 1 akcja";" 45 metrów";" W, S";" Koncentracja, do 1 minuty";" Wywołujesz sferę wirującego powietrza o promieniu 6 metrów i środku w wybranym przez ciebie miejscu w zasięgu czaru. Sfera utrzymuje się przez czas trwania czaru. Każde stworzenie znajdujące się w sferze W momencie jej powstania lub kończące tam swoją turę musi wykonać rzut obronny na Siłę. W przypadku niepowodzenia otrzymuje 2k6 obrażeń obuchowych. Przestrzeń zajmowana przez sferę stanowi trudny teren. Podczas trwania czaru w ramach akcji dodatkowej w każdej swojej turze możesz sprawić, że ze środka sfery w wybrane przez ciebie stworzenie znajdujące się w obrębie 18 metrów od środka sfery uderzy piorun. Wykonaj atak dystansowy czarem. Masz ułatwienie w teście ataku, jeśli cel znajduje się w sferze. Przy trafieniu cel otrzymuje 4k6 obrażeń od elektryczności. Stworzenia znajdujące się w obrębie 9 metrów od sfery mają utrudnienie w testach Mądrości (Percepcja) przeprowadzanych, by coś usłyszeć. <br><br>Na wyższych kręgach. Jeśli rzucasz ten czar,   wykorzystując komórkę co najmniej 5. kręgu, za każdy krąg powyżej 4. zwiększasz obrażenia zadawane przez każdy jego efekt o 1k6.";"Zaklinacz (XGE)"
"4";"SKAŻONE PROMIENIOWANIE";" Wywoływanie, 4. krąg";" 1 akcja";" 36 metrów";" W, S";" Koncentracja, do 10 minut";"   Słabe, zielonkawe światło rozchodzi się w obszarze sfery. O promieniu 9 metrów i środku w wybranym przez ciebie miejscu w zasięgu czaru. Światło sięga za załomy i utrzymuje się do zakończenia czaru.  <br><br>Gdy stworzenie wchodzi w ten obszar po raz pierwszy w swojej turze lub rozpoczyna w nim swoją turę, musi wykonać rzut obronny na Kondycję. W przypadku niepowodzenia otrzymuje 4k10 obrażeń od światłości i jeden poziom wyczerpania, a także zaczyna świecić słabym, zielonkawym światłem w promieniu 1,5 metra. To światło uniemożliwia mu czerpanie korzyści z bycia niewidzialnym. Światło i poziomy wyczerpania znikają, gdy czar dobiega końca. ";"Zaklinacz (XGE)"
"4";"WODNA KULA";" Przywoływanie, 4. krąg";" 1 akcja";" 27 metrów";" W, S, M (kropelka wody)";" Koncentracja, do 1 minuty";" Przywołujesz sferę wody o promieniu 1,5 metra ze środkiem w punkcie, który widzisz w zasięgu czaru. Sfera może się unosić, ale najwyżej 3 metry nad podłożem. Sfera utrzymuje się przez czas trwania czaru.<br><br>Każde stworzenie znajdujące się w sferze musi wykonać rzut obronny na Siłę. Udany rzut powoduje bezpieczne przeniesienie stworzenia poza sferę na wybrane przez nie najbliższe wolne miejsce. Wielkie lub większe stworzenia odnoszą automatyczny sukces w tym rzucie, a Duże lub mniejsze mogą zdecydować się na porażkę. W przypadku niepowodzenia stworzenie zostaje unieruchomione przez sferę i otoczone wodą. Pod koniec każdej swojej tury stworzenie może powtórzyć rzut obronny. Udany rzut oznacza wyzwolenie się spod działania efektu...<br><br>Przewodnik Xanathara po wszystkim str.169<br><br>";"Zaklinacz (XGE)"
"4";"ZAUROCZENIE POTWORA";" Uroki, 4. krąg";" 1 akcja";" 9 metrów";" W, S";" 1 godzina";" Próbujesz zauroczyć stworzenie, które widzisz w zasięgu czaru. Musi ono wykonać rzut obronny na Mądrość, w którym ma ułatwienie, jeśli walczy z tobą lub którymś z twoich towarzyszy. przypadku niepowodzenia zostaje przez ciebie zauroczone na czas trwania zaklęcia lub do momentu, w którym ty lub któryś twoich towarzyszy   zadziałacie na jego szkodę. Zauroczone stworzenie jest przyjazne wobec ciebie. Gdy czar dobiega końca, cel ma świadomość, że został przez ciebie zauroczony. <br><br>Na wyższych kręgach. Jeśli rzucasz ten czar, wykorzystując komórkę co najmniej 5. kręgu, za każdy krąg powyżej 4. możesz objąć czarem dodatkową istotę. Wszystkie cele muszą znajdować się w obrębie 9 metrów od siebie nawzajem w chwili rzucania czaru.";"Zaklinacz (XGE)"
"4";"ŻRĄCA KULA";" Wywoływanie, 4. krąg";" l akcja";" 45 metrów";" W, S, M (kropla żółci olbrzymiego ślimaka)";" Natychmiastowy";" Wskazujesz miejsce w zasięgu czaru. Połyskliwa kula szmaragdowego kwasu o średnicy 30 centymetrów dolatuje tam i wybucha, tworząc sferę o promieniu 6 metrów. Każde stworzenie w tym obszarze musi wykonać rzut obronny na Zręczność. W przypadku niepowodzenia otrzymuje 10k4 obrażeń od kwasu i kolejne 5k4 obrażeń od kwasu na koniec swojej następnej tury. Udany rzut zmniejsza obrażenia początkowe o połowę i zapobiega otrzymaniu dodatkowych obrażeń na koniec następnej tury.<br><br>Na wyższych kręgach. Jeśli rzucasz ten czar, wykorzystując komórkę co najmniej 5. kręgu, za każdy krąg powyżej 4. zwiększasz obrażenia początkowe o 2k4.";"Zaklinacz (XGE)"
"5";"DALEKI KROK";" Przywoływanie, 5. krąg";" 1 akcja dodatkowa";" Na siebie";" W";" Koncentracja, do 1 minuty";"   Teleportujesz się w wolne miejsce, które widzisz w obrębie 18 metrów od siebie. W każdej swojej turze podczas trwania czaru możesz teleportować się w ten sposób w ramach akcji dodatkowej.";"Zaklinacz (XGE)"
"5";"KONTROLA WIATRU";" Przemiany, 5. krąg";" 1 akcja";" 90 metrów";" W, S";" Koncentracja, do 1 godziny";" Przejmujesz kontrolę nad powietrzem, które widzisz w zasięgu czaru i które mieści się w sześcianie o boku 30 metrów. Podczas rzucania czaru wybierz jedną z podanych możliwości. Efekt utrzymuje się przez czas trwania czaru, chyba że zmienisz go na inny w ramach akcji w późniejszej turze. Możesz również w ramach akcji tymczasowo wstrzymać efekt lub wznowić efekt uprzednio wstrzymany.<br><br>Podmuchy. W wybranym obszarze wiatr zaczyna wiać poziomo we wskazanym przez ciebie kierunku. Wybierasz moc wiatru - słaby, umiarkowany lub silny. Przy umiarkowanym lub silnym wietrze testy ataków dystansowych bronią są wykonywane z utrudnieniem, jeśli atak ma swoje źródło lub cel w tym obszarze lub jeśli przez niego przechodzi. Przy silnym wietrze poruszanie się pod wiatr kosztuje dodatkowy metr szybkości za każdy przebyty metr...<br><br>Przewodnik Xanathara po wszystkim str.155";"Zaklinacz (XGE)"
"5";"ODEBRANIE SIŁ";" Nekromancja, 5. krąg";" 1 akcja";" 18 metrów";" W, S";" Koncentracja, do 1 minuty";"  Wić atramentowej ciemności sięga od ciebie ku stworzeniu,  które widzisz w zasięgu czaru, by wyssać z niego życie.  Cel musi wykonać rzut obronny na Zręczność. Przy udanym rzucie otrzymuje 2k8 obrażeń nekrotycznych, a zaklęcie dobiega końca. W przypadku niepowodzenia cel  otrzymuje 4k8 obrażeń nekrotycznych i przez czas trwania  czaru możesz W ramach akcji w każdej swojej turze automatycznie zadać mu 4k8 obrażeń nekrotycznych. Zaklęcie się kończy, jeśli wykorzystasz swoją akcję do czegokolwiek innego lub jeśli twój cel znajdzie się poza jego zasięgiem albo za całkowitą osłoną.  Za każdym razem, gdy czar zadaje celowi obrażenia, odzyskujesz punkty wytrzymałości równe połowie otrzymanych przez cel obrażeń nekrotycznych.Na wyższych kręgach. Jeśli rzucasz ten czar, wykorzystując komórkę co najmniej 6. kręgu, za każdy krąg powyżej 5. zwiększasz zadawane obrażenia o 1k8.";"Zaklinacz (XGE)"
"5";"SPOPIELENIE";" Wywoływanie, 5. krąg";" 1 akcja";" 27 metrów";" W";" Koncentracja, do 1 minuty";" Płomienie oplatają jedno stworzenie, które widzisz w zasięgu czaru. Cel musi wykonać rzut obronny na Zręczność. W przypadku niepowodzenia otrzymuje 8k6 obrażeń od ognia.<br>Udany rzut zmniejsza obrażenia o połowę. W przypadku niepowodzenia cel płonie również przez czas trwania czaru. Płonący cel świeci jasnym światłem w promieniu 9 metrów i słabym światłem w promieniu, kolejnych 9 metrów. Pod koniec każdej swojej tury cel może powtórzyć rzut obronny. W przypadku niepowodzenia otrzymuje 4k6 obrażeń od ognia. Udany rzut powoduje zakończenie czaru. Tych magicznych płomieni nie można zgasić w niemagiczny sposób.<br><br>Jeśli obrażenia od tego zaklęcia zabiją cel, obraca się on w popiół.";"Zaklinacz (XGE)"
"5";"SZUM SYNAPTYCZNY";" Uroki, 5. krąg";" 1 akcja";" 36 metrów";" W, S";" Natychmiastowy";" Wybierasz punkt, który widzisz w zasięgu czaru, i wywołujesz w tym miejscu wybuch psychicznej energii. Każde stworzenie w obszarze sfery o promieniu 6 metrów i środku w tym punkcie musi wykonać rzut obronny na Inteligencję. Czar nie działa na stworzenia o Inteligencji 2 lub niższej. W przypadku niepowodzenia cel otrzymuje 8k6 obrażeń psychicznych. Udany rzut zmniejsza obrażenia o połowę.<br><br>W przypadku niepowodzenia stworzenie ma również ”,problemy z pozbieraniem myśli przez 1 minutę. Za każdym razem, gdy wykonuje w tym okresie test ataku, test cechy lub rzut obronny na Kondycję, aby utrzymać koncentracje odejmuje k6 od wyniku. Pod koniec każdej swojej tury cel może powtórzyć rzut obronny na Inteligencję. Udany rzut powoduje zakończenie efektu.";"Zaklinacz (XGE)"
"5";"ŚCIANA ŚWIATŁA";" Wywoływanie, 5. krąg";" 1 akcja";" 36 metrów";" W, S, M (ręczne lusterko)";" Koncentracja, do 10 minut";"   Lśniąca ściana jasnego światła pojawia się w punkcie, który widzisz w zasięgu czaru. Wybierasz jej ustawienie - poziomo, pionowo lub pod innym kątem. Może unosić się swobodnie lub spoczywać na stałej powierzchni. Ściana może mieć do 18 metrów długości, do 3 metrów wysokości i do 1,5 metra grubości. Blokuje pole widzenia, ale nie możliwość ruchu stworzeń i obiektów. Świeci jasnym światłem w promieniu 36 metrów i słabym światłem w promieniu kolejnych 36 metrów. <br><br>W momencie pojawienia się ściany każde stworzenie przebywające w jej obszarze musi wykonać rzut obronny na Kondycję. W przypadku niepowodzenia otrzymuje 4k8 obrażeń od światłości i zostaje oślepione na 1 minutę. Udany rzut zmniejsza obrażenia o połowę i zapobiega oślepieniu. Pod koniec każdej swojej tury oślepione stworzenie może powtórzyć rzut obronny. Udany rzut powoduje zakończenie efektu. Stworzenie kończące swoją turę w obszarze ściany otrzymuje 4k8 obrażeń od światłości...<br>Przewodnik Xanathara po wszystkim str.166";"Zaklinacz (XGE)"
"5";"WZMOCNIENIE UMIEJĘTNOŚCI";" Przemiany, 5. krąg";" 1 akcja";" Dotyk";" W, S";" Koncentracja, do 1 godziny";" Twoja magia pomaga stworzeniu pogłębić zrozumienie jego własnego talentu. Dotykasz przychylnego stworzenia i zapewniasz mu doskonałą znajomość wybranej przez ciebie umiejętności. Podczas trwania czaru cel ma podwójną premię z biegłości w testach cechy wykonywanych z użyciem tej umiejętności.<br><br>Musisz wybrać umiejętność, w której cel jest biegły i która nie korzysta już z innego efektu dojadającego premię z biegłości (takiego jak zdolność Znawstwo).";"Zaklinacz (XGE)"
"6";"INWESTYTURA KAMIENIA";" Przemiany, 6. krąg";" 1 akcja";" Na siebie";" W, S";" Koncentracja, do 10 minut";"   Podczas trwania czaru twoje ciało pokrywa warstwa kamieni i zyskujesz następujące korzyści:<br>-Masz odporność na obrażenia cięte, kłute i obuchowe z niemagicznych ataków.<br>-W ramach akcji możesz wywołać małe trzęsienie ziemi w promieniu 4,5 metra wokół siebie. Inne stworzenia znajdujące się na ziemi w tym obszarze muszą wykonać rzut obronny na Zręczność. W przypadku niepowodzenia zostają powalone.<br>-Pokonywanie trudnego terenu spowodowanego ziemią lub skałą nie kosztuje cię dodatkowej szybkości. Możesz przechodzić przez ubitą ziemię lub litą skałę jak przez powietrze bez naruszania ich struktury, ale nie możesz zakończyć w nich swojego ruchu. Jeśli to zrobisz, zostajesz wypchnięty w najbliższe wolne miejsce i ogłuszony do końca swojej następnej tury, a zaklęcie dobiega końca. ";"Zaklinacz (XGE)"
"6";"INWESTYTURA LODU";" Przemiany, 6. krąg";" 1 akcja";" Na siebie";" W, S";" Koncentracja, do 10 minut";"   Podczas trwania czaru twoje ciało pokrywa warstwa szronu i zyskujesz następujące korzyści:<br>-Masz niepodatność na obrażenia od zimna i odporność na obrażenia od ognia.<br>-Pokonywanie trudnego terenu spowodowanego lodem lub śniegiem nie kosztuje cię dodatkowej szybkości.<br>-Obszar w promieniu 3 metrów od ciebie pokrywa się , lodem i stanowi trudny teren dla wszystkich stworzeń oprócz ciebie. Obszar ten przemieszcza się wraz z tobą.<br>-W ramach akcji możesz wyciągnąć rękę w wybranym kierunku i stworzyć stożek lodowatego wiatru o długości 4,5 metra. Każde stworzenie w tym obszarze musi wykonać rzut obronny na Kondycję, W Przypadku niepowodzenia otrzymuje 4k6 obrażeń od zimna. Udany rzut zmniejsza obrażenia o połowę. Szybkość stworzenia, które poniosło porażkę w rzucie obronnym, zmniejsza się o połowę do początku twojej następnej tury.";"Zaklinacz (XGE)"
"6";"INWESTYTURA OGNIA";" Przemiany, 6. krąg";" 1 akcja";" Na siebie";" W, S";" Koncentracja, do 10 minut";"   Twoje ciało pokrywają płomienie, które emanują jasnym światłem w promieniu 9 metrów i słabym światłem w promieniu kolejnych 9 metrów przez czas trwania czaru. Płomienie nie wyrządzają ci krzywdy. Podczas trwania czaru zyskujesz następujące korzyści:<br>-Masz niepodatność na obrażenia od ognia i odporność na obrażenia od zimna.<br>-Każde stworzenie wchodzące po raz pierwszy w swojej turze w obszar w obrębie 1,5 metra od ciebie lub kończące tam swoją turę otrzymuje 1k10 obrażeń od ognia. <br>-W ramach akcji możesz stworzyć linię ognia - w kształcie prostej o długości 4,5 metra i szerokości 1,5 metra rozciągającą się od ciebie w wybranym kierunku. Każde stworzenie, które znajdzie się w tym obszarze, musi wykonać rzut obronny na Zręczność. W przypadku niepowodzenia otrzymuje 4k8 obrażeń od ognia. Udany rzut zmniejsza obrażenia o połowę.";"Zaklinacz (XGE)"
"6";"INWESTYTURA WIATRU";" Przemiany, 6. krąg";" 1 akcja";" Na siebie";" W, S";" Koncentracja, do 10 minut";"   Podczas trwania czaru wokół ciebie wiruje wiatr i zyskujesz następujące korzyści:<br>-Testy ataków dystansowych bronią przeciw tobie są wykonywane z utrudnieniem.<br>-Masz szybkość lotu 18 metrów. Jeśli zaklęcie dobiega końca, a ty nadal znajdujesz się w powietrzu, spadasz, chyba że możesz jakoś temu zapobiec. <br>-W ramach akcji możesz stworzyć sześcian wirującego wiatru o boku 4,5 metra i środku w punkcie, który widzisz w obrębie 18 metrów od siebie. Każde stworzenie w tym obszarze musi wykonać rzut obronny na Kondycję. W przypadku niepowodzenia otrzymuje 2k10 obrażeń obuchowych. Udany rzut zmniejsza obrażenia o połowę. Jeśli Duże lub mniejsze stworzenie poniesie porażkę w rzucie obronnym, to zostaje również odepchnięte na odległość do 3 metrów od środka sześcianu.";"Zaklinacz (XGE)"
"6";"MENTALNE WIĘZIENIE";" Iluzje, 6. krąg";" 1 akcja";" 18 metrów";" S";" Koncentracja, do 1 minuty";"   Próbujesz zamknąć stworzenie w iluzorycznej celi, którą widzi tylko ono. Wybrana istota w zasięgu czaru musi wykonać rzut obronny na Inteligencję. Cel niepodatny na zauroczenie automatycznie odnosi sukces w tym rzucie. Udany rzut powoduje, że cel otrzymuje 5k10 obrażeń psychicznych, a zaklęcie dobiega końca. W przypadku niepowodzenia cel otrzymuje 5k10 obrażeń psychicznych, a obszar bezpośrednio wokół niego wydaje mu się nagle niebezpieczny z jakiegoś powodu. Możesz sprawić, że cel będzie widział otaczające go płomienie, latające w powietrzu brzytwy lub przeraźliwe paszcze najeżone kłami. Bez  względu na formę iluzji cel nie widzi ani nie słyszy niczego poza nią i zostaje unieruchomiony na czas trwania czaru Jeśli zostanie przemieszczony poza iluzję, wykona przez nią atak wręcz albo któraś część jego ciała przejdzie przez iluzję, to cel otrzymuje 10k10 obrażeń psychicznych a zaklęcie dobiega końca";"Zaklinacz (XGE)"
"6";"ROZRZUCENIE";" Przywoływanie, 6. krąg";" 1 akcja";" 9 metrów";" W";" Natychmiastowy";"   Powietrze wibruje wokół maksymalnie pięciu wybranych stworzeń, które widzisz w zasięgu czaru. Jeśli cel chce się oprzeć działaniu zaklęcia, musi wykonać udany rzut obronny na Mądrość. Teleportujesz każdy cel objęty zaklęciem na wolne miejsce, które widzisz w obrębie 36 metrów od ciebie. Miejsce to musi znajdować się na ziemi lub innym podłożu.";"Zaklinacz (XGE)"
"7";"GWIEŻDZISTA KORONA";" Wywoływanie, Z krąg";" 1 akcja";" Na siebie";" W, S";" 1 godzina";"   Siedem świetlistych iskier przypominających gwiazdy  pojawia się i krąży wokół twojej głowy przez czas trwania czaru. W ramach akcji dodatkowej możesz wysłać jedną  z nich w stronę stworzenia lub obiektu znajdującego się w obrębie 36 metrów od ciebie. Gdy to robisz, wykonaj atak dystansowy czarem. Przy trafieniu cel otrzymuje 4k12 obrażeń od światłości. Niezależnie od tego, czy udało ci się trafić, iskra zostaje zużyta. Czar kończy się szybciej, gdy wykorzystasz ostatnią iskrę.  Jeśli masz przy sobie co najmniej cztery iskry, świecą one jasnym światłem w promieniu 9 metrów i słabym światłem w promieniu kolejnych 9 metrów. Jeśli jest ich od jednej do trzech, świecą słabym światłem w promieniu 9 metrów.<br>Na wyższych kręgach. Jeśli rzucasz ten czar, wykorzystując komórkę co najmniej 8. kręgu, za każdy krąg powyżej 7. zwiększasz liczbę stworzonych iskier o 2. ";"Zaklinacz (XGE)"
"7";"SŁOWO MOCY BÓL";" Uroki, 7. krąg";" 1 akcja";" 18 metrów";" W";" Natychmiastowy";"   Wypowiadasz słowo mocy wywołujące fale intensywnego bólu u stworzenia, które widzisz w zasięgu czaru. Jeśli cel ma do 100 punktów wytrzymałości, zostaje przytłoczony obezwładniającym bólem. W przeciwnym wypadku czar nie przynosi efektu. Zaklęcie nie działa również na stworzenia niepodatne na zauroczenie.<br><br>Podczas gdy cel jest dotknięty bólem, jego szybkość może wynosić maksymalnie 3 metry. Ma on również utrudnienie w testach ataku, testach cech i rzutach obronnych (poza rzutami obronnymi na Kondycję). Co więcej, jeśli próbuje rzucić czar, musi najpierw wykonać rzut obronny na Kondycję. W przypadku niepowodzenia czar się nie udaje, a komórka czaru zostaje zużyta.<br><br>Pod koniec każdej swojej tury cel dotknięty bólem może wykonać rzut obronny na Kondycję. Udany rzut kończy działanie czaru.";"Zaklinacz (XGE)"
"7";"TRĄBA POWIETRZNA";" Wywoływanie, 7. krąg";" 1 akcja";" 90 metrów";" W, M (kawałek słomy)";" Koncentracja, do 1 minuty";" Z punktu, który widzisz W zasięgu czaru, unosi się wyjąca trąba powietrzna. Ma kształt walca o promieniu 3 metrów, wysokości 9 metrów i punkcie wyjścia we wskazanym miejscu. Podczas trwania czaru w ramach akcji możesz przesunąć trąbę powietrzną do 9 metrów po podłożu w dowolnym kierunku. Wciąga ona Średnie lub mniejsze obiekty, które nie są o niczego przymocowane, noszone ani trzymane...<br><br>Przewodnik Xanathara po wszystkim str.167";"Zaklinacz (XGE)"
"8";"PLUGAWY UWIĄD ABI- DALZIMA";" Nekromancja, 8. krąg";" 1 akcja";" 45 metrów";" W, S, M (kawałek gąbki";" Natychmiastowy";" Wyciągasz wilgoć ze wszystkich istot w obrębie sześcianu o boku 9 metrów w środku w wybranym przez ciebie punkcie w zasięgu czaru. Każde stworzenie w tym obszarze musi wykonać rzut obronny na Kondycję. Czar nie działa na nieumarłych i konstrukty, a rośliny i żywiołaki wody mają utrudnienie w rzucie obronnym. W przypadku niepowodzenia stworzenie otrzymuje 12k8 obrażeń nekrotycznych. Udany rzut zmniejsza obrażenia o połowę.<br><br>Niemagiczne rośliny, które nie są stworzeniami, na przykład drzewa w krzewy, od razu więdną i umierają.";"Zaklinacz (XGE)"
"9";"MASOWA POLIMORFIA";" Przemiany, 9. krąg";" 1 akcja";" 36 metrów";" W, S, M (kokon gąsienicy)";" Koncentracja, do 1 godziny";" Transformujesz do dziesięciu wybranych stworzeń, które:  zasięgu czaru. Jeśli cel chce się oprzeć działaniu zaklęcia, musi wykonać udany rzut obronny na Mądrość. Automatycznie odnosi sukces w tym rzucie, jeśli jest zmiennokształtnym.<br><br>Każdy cel przyjmuje wybraną przez ciebie zwierzęcą formę - może ona być taka sama dla wszystkich albo inna dla każdego. Nową formą może być postać jakiejkolwiek widzianej wcześniej przez ciebie bestii o stopniu wyzwania nie Większym od SW polimorfowanego stworzenia (lub od połowy jego poziomu, jeśli nie posiada ono stopnia wyzwania). Statystyki nowej formy, wtym wartości cech umysłowych, zostają zastąpione statystykami wybranej bestii. Cel zachowuje swoją liczbę punktów wytrzymałości, charakter i osobowość....<br><br>Xanathara Przeowdnik po Wszystkim str.157";"Zaklinacz (XGE)"
"9";"PSYCHICZNY WRZASK";" Uroki, 9. krąg";" 1 akcja";" 27 metrów";" S";" Natychmiastowy";" Wyzwalasz moc swojego umysłu, by uderzyć W jaźń maksymalnie dziesięciu wybranych stworzeń, które widzisz w zasięgu czaru. Zaklęcie nie działa na stworzenia o Inteligencji 2 lub niższej.<br><br> Każdy cel musi wykonać rzut obronny na Inteligencję. W przypadku niepowodzenia otrzymuje 14k6 obrażeń psychicznych i zostaje ogłuszony. Udany rzut zmniejsza obrażenia o połowę i zapobiega ogłuszeniu. Jeśli cel zostanie zabity tymi obrażeniami, jego głowa eksploduje (o ile ją ma).<br><br>Pod koniec każdej swojej tury ogłuszony cel może wykonać rzut obronny na Inteligencję. Udany rzut powoduje zakończenie ogłuszenia.";"Zaklinacz (XGE)"
