"0";"KUGLARSTWO";" Przemiany, sztuczka";" 1 akcja";" 3 metry";" W, S";" Do 1 godziny";" Wywołujesz jeden z magicznych efektów:<br>1. Sensoryczny, np.: deszcz iskier, podmuch wiatru, muzyka lub dziwaczny zapach.<br>2. Natychmiast gasisz/zapalasz świecę, pochodnię lub małe ognisko.<br>3. Natychmiast oczyszczasz/brudzisz obiekt o objętości do 27 litrów.<br>4. Na godzinę schładzasz, podgrzewasz lub nadajesz smak nieożywionej materii o objętości do 27 litrów.<br>5. Sprawiasz, że na obiekcie lub powierzchni, na godzinę pojawia się określony kolor, znak lub symbol.<br>6. Tworzysz niemagiczną błyskotkę/iluzoryczny obraz, mieszczący się w twojej dłoni, będącą widoczną do twojej następnej tury.<br>Jeśli rzucisz to zaklęcie wiele razy, możesz jednocześnie utrzymać do trzech spośród nienatychmiastowych efektów, a w ramach akcji możesz odwołać pojedynczy efekt.";"Czarownik"
"0";"MAGICZNA DŁOŃ";" Przywoływanie, sztuczka";" 1 akcja";" 9 metrów";" W, S";" 1 minuta";" W wybranym miejscu w zasięgu czaru, pojawia się widmowa dłoń unosząca się w powietrzu. Będzie istniała przez minutę, ale zniknie wcześniej, jeśli odwołasz ją w ramach swojej akcji, znajdzie się dalej niż 9 metrów od ciebie, albo ponownie<br>rzucisz to zaklęcie. <br><br>Możesz przeznaczyć swoją akcję an kontrolowanie dłoni. Możesz używać jej do manipulowania przedmiotem, otwierania niezamkniętych na klucz drzwi lub pojemnika, chowania lub wyjmowania przedmiotu z otwartego pojemnika, albo wylania zawartości fiolki. Za każdym razem, gdy używasz dłoni, możesz przemieścić ją na odległość do 9 metrów.<br><br>Dłoń nie może atakować, uruchamiać magicznych przedmiotów, ani nieść więcej niż 5kg.";"Czarownik"
"0";"NIEZIEMSKIE UDERZENIE";" Wywoływanie, sztuczka";" 1 akcja";" 36 metrów";" W, S";" Natychmiastowy";" Promień trzaskającej energii strzela w kierunku stworzenia znajdującego się w zasięgu czaru. Wykonujesz atak dystansowy czarem przeciwko wybranemu celowi, który przy trafieniu otrzymuje 1k10 obrażeń od mocy.<br><br>Na wyższych kręgach. Zaklęcie tworzy więcej promieni: dwa promienie na 5. poziomie, trzy promienie na 11. poziomie i cztery promienie na 17. poziomie. Możesz atakować nimi ten sam cel lub różne cele. Dla każdego promienia wykonujesz osobny test ataku.";"Czarownik"
"0";"OSŁONA PRZED ORĘŻEM";" Odpychanie, sztuczka";" 1 akcja";" Na siebie";" W, S";" 1 runda";" Wyciągasz przed siebie dłoń i kreślisz w powietrzu znak ochronny.<br><br>Do końca swojej następnej tury masz odporność na zadawane bronią obrażenia cięte, kłute i obuchowe.";"Czarownik"
"0";"POMNIEJSZA ILUZJA";" Iluzja, sztuczka";" 1 akcja";" 9 metrów";" S, M (trochę zwierzęcego runa)";" 1 minuta";" Tworzysz w zasięgu czaru dźwiękową lub wizualną iluzję. Iluzja kończy się, gdy rozproszysz ją wcześniej w ramach swojej akcji albo ponownie rzucisz to zaklęcie. Dźwięk, który tworzysz, może mieć zakres głośności od szeptu do krzyku. Może to być jakikolwiek dźwięk. Efekt trwa nieprzerwanie, ale możesz także stworzyć oddzielnie dźwięki pojawiające się w różnych momentach trwania czaru.<br><br>Jeśli tworzysz obraz obiektu, to musi on mieścić się w sześcianie o boku 1,5m. Obraz ten nie może emitować dźwięku ani światła, wydzielać zapachu czy tworzyć efektów sensorycznych. Fizyczna interakcja z obrazem zdemaskuje iluzję, gdyż jest ona niematerialna.<br><br>Kiedy jakaś istota poświęci swoją akcję na zbadanie stworzonego dźwięku lub obrazu, może wykryć iluzję po udanym teście na Inteligencji (Śledztwo) o ST rzutu obronnego przeciw twoim czarom. Jeżeli ktoś rozpozna iluzję, to staje się ona dla niego ledwie dostrzegalna.";"Czarownik"
"0";"PRAWDZIWE UDERZENIE";" Wieszczenie, sztuczka";" 1 akcja";" 9 metrów";" S";" Koncentracja, do 1 rundy";" Wyciągasz dłoń, wskazując palcem cel w zasięgu czaru. Twoja magia umożliwia ci krótki wgląd w jego obronę. <br><br>W swojej następnej turze masz ułatwienie w pierwszym teście ataku przeciw niemu, zakładając, że w międzyczasie czar nie dobiegł końca.";"Czarownik"
"0";"PRZESZYWAJĄCY DOTYK";" Nekromancja, sztuczka";" 1 akcja";" 36 metrów";" W, S";" 1 runda";" Na miejscu zajmowanym przez istotę, tworzysz widmową kościaną dłoń. Wykonaj atak dystansowy czarem przeciw tej istocie, aby przeniknąć ją grobowym chłodem. W przypadku trafienia, otrzymuje 1k8 obrażeń nekrotycznych i nie może odzyskać PW, aż do rozpoczęcia twojej następnej tury. Do tego czasu ściska ją widmowa ręka.<br><br>Jeżeli celem zaklęcia jest nieumarły, to po trafieniu, do końca swojej następnej tury ma utrudnienie w testach ataku przeciw tobie.<br><br>Obrażenia z tego zaklęcia zwiększają się o 1k8, gdy osiągniesz 5. poziom (do 2k8), 11. poziom (do 3k8) i 17. poziom (do 4k8).";"Czarownik"
"0";"PRZYJAŹŃ";" Uroki, sztuczka";" 1 akcja";" Na siebie";" S, M (trochę makijażu na twarz)";" Koncentracja, do 1 minuty";" Działanie czaru zapewnia ci ułatwienie we wszystkich testach Charyzmy wykonywanych względem wybranej istoty, która nie jest do ciebie wrogo nastawiona. Gdy działanie czaru dobiega końca, zdaje sobie ona sprawę, że wpłynąłeś na nią magiczni, i staje się wroga. Istota agresywna może cię zaatakować. Nieagresywna może poszukiwać innego sposobu na wyrównanie rachunków (według uznania MP), zależnie od rodzaju waszej interakcji.";"Czarownik"
"0";"TRUJĄCY ROZPRYSK";" Przywoływanie, sztuczka";" 1 akcja";" 3 metry";" W, S";" Natychmiastowy";" Wyciągasz dłoń ku istocie, którą widzisz w zasięgu czaru, i pryskasz w nią obłokiem szkodliwego gazu. Musi ona wykonać rzut obronny na Kondycję. W przypadku niepowodzenia otrzymuje 1k12 obrażeń od trucizny.<br><br>Na wyższych kręgach. Obrażenia zwiększają się o 1k12 gdy osiągniesz 5. poziom (do 2k12), 11. poziom (do 3k12) i 17. poziom (do 4k12).";"Czarownik"
"1";"BŁYSKAWICZNY ODWRÓT";" Przemiany, 1. krąg";" 1 akcja dodatkowa";" Na siebie";" W, S";" Koncentracja, do 10 minut";" Ten czar pozwala ci niewiarygodnie szybko się przemieszczać. Gdy go rzucisz, potem w ramach każdej swojej akcji dodatkowej w czasie jego trwania, możesz wykonać Sprint.";"Czarownik"
"1";"ILUZORYCZNY MANUSKRYPT";" Iluzje, 1. krąg (rytuał)";" 1 minuta";" Dotyk";" S, M (inkaust na bazie ołowiu o wartości co najmniej 10sz, zużywany przez zaklęcie)";" 10 dni";" Pisząc na pergaminie, papierze lub innym nadającym się do tego materiale, nasączasz go silną iluzją trwającą 10 dni. Dla ciebie i stworzeń wybranych podczas rzucania czaru,<br>tekst będzie wyglądał normalnie - napisany twoją ręką i zawierający zamierzoną wiadomość. W oczach innych osób będzie kompletnie nieczytelny, jakby został zapisany w niezrozumiałym dla nich, nieznanym lub magicznym języku. Jeśli wolisz, możesz zdecydować, że nieupoważnione osoby<br>będą widzieć czytelny, ale całkowicie odmienny tekst, napisany cudzą ręką, w innym, znanym ci języku.<br><br>W przypadku rozproszenia czaru, znika zarówno iluzja, jak i oryginalny tekst.<br><br>Istota ze zdolnością prawdziwego widzenia jest w stanie odczytać ukrytą wiadomość.";"Czarownik"
"1";"NIEWIDOCZNY SŁUGA";" Przywoływanie, 1. krąg (rytuał)";" 1 akcja";" 18 metrów";" W, S, M (kawałek sznurka i drewna)";" 1 godzina";" Przy pomocy tego zaklęcia tworzysz niewidzialną, bezmyślną i bezkształtną siłę o rozmiarze Średnim, która wykonuje dla ciebie proste zadania. Sługa zostaje przywołany w wolnym miejscu w zasięgu czaru. Ma KP 10, 1 PW, Siłę 2 i nie może atakować. jeśli jego wytrzymałość spadnie do 0, zaklęcie się kończy.<br><br>Raz na turę w ramach swojej akcji dodatkowej możesz telepatycznie rozkazać słudze przemieścić się na odległość do 4,5m i wykonać działanie na określonym obiekcie. Sługa potrafi wykonać proste czynności, jakie mogłyby być zadaniami ludzkiego służącego, np. przyniesie przedmiot, posprząta, dokona drobnych napraw, poskłada ubrania, rozpali ogień, poda posiłek lub naleje wina. Sługa wypełnia polecenie najlepiej jak potrafi, po czym czeka na następne.<br><br>Jeśli rozkażesz słudze wykonać zadanie, które wymagałoby od niego oddalenie się na więcej niż 18m od ciebie, to zaklęcie wygaśnie.";"Czarownik"
"1";"OCHRONA PRZED DOBREM I ZŁEM";" Odpychanie, 1. krąg";" 1 akcja";" Dotyk";" W, S, M (woda święcona albo sproszkowane srebro i żelazo, zużywane przez zaklęcie)";" Koncentracja, do 10 minut";" Podczas trwania czaru jedna przychylna istota jest chroniona przed określonymi rodzajami stworzeń: czartami, fey, niebianami, nieumarłymi, wynaturzeniami i żywiołakami.<br><br>Ochrona zapewnia kilka korzyści. Istoty wymienionych typów mają utrudnienie w testach ataku przeciwko celowi zaklęcia. Jest on również niepodatny na zauroczenie, przerażenie lub opętanie przez te istoty. Jeśli podczas rzucania czaru był zauroczony, przerażony lub opętany przez jedną z takich istot, to ma ułatwienie w kolejnych rzutach obronnych przeciwko odpowiedniemu efektowi.";"Czarownik"
"1";"PIEKIELNA REPRYMENDA";" Wywoływanie, 1. krąg";" 1 reakcja podejmowana w odpowiedzi na obrażenia otrzymane od istoty widzianej w obrębie 18 metrów";" 18 metrów";" W, S";" Natychmiastowy";" Pokazujesz palcem istotę, która cię zraniła i natychmiast spowijają ją ognie piekielne. Musi wykonać rzut obronny na Zręczność. W przypadku niepowodzenia otrzymuje 2k10 obrażeń do ognia. Udany rzut zmniejsza obrażenia o połowę.<br><br>Na wyższych kręgach. Jeśli rzucasz ten czar,<br>wykorzystując komórkę co najmniej 2. kręgu, za każdy krąg powyżej 1. zwiększasz zadawane obrażenia o 1k10.";"Czarownik"
"1";"RAMIONA HADARA";" Przywoływanie, 1. krąg";" 1 akcja";" Na siebie (w promieniu 3 metrów)";" W, S";" Natychmiastowy";" Przyzywasz moc Hadara, Mrocznego Głodu. Macki ciemnej energii wyrastają z twojego ciała i uderzają wszystkich w obrębie 3m. Każde stworzenie w ich zasięgu musi wykonać rzut obronny na Siłę. W przypadku niepowodzenia otrzymuje 2k6 obrażeń nekrotycznych i do swojej następnej tury nie może używać reakcji. Przy udanym rzucie otrzymuje połowę obrażeń i opiera się dodatkowemu efektowi.";"Czarownik"
"1";"ROZUMIENIE JĘZYKÓW";" Wieszczenie, 1. krąg (rytuał)";" 1 akcja";" Na siebie";" W, S, M (szczypta sadzy i soli)";" 1 godzina";" Na czas działania czaru uzyskujesz zdolność dosłownego rozumienia mowy W każdym języku, jaki słyszysz. Rozumiesz także pismo, które widzisz, ale musisz W tym celu dotykać powierzchni, na której zostały zapisane słowa. Przeczytanie jednej strony tekstu zajmuje około 1 minuty. Przy pomocy tego zaklęcia nie rozszyfrujesz tajnych wiadomości W tekście ani glifu, takiego jak magiczna pieczęć, który nie jest częścią języka pisanego.";"Czarownik"
"1";"UROK";" Uroki, 1. krąg";" 1 akcja dodatkowa";" 27 metrów";" W, S, M (skamieniałe oko traszki)";" Koncentracja, do 1 godziny";" Rzucasz klątwę na istotę, którą widzisz w zasięgu czaru. Podczas jego trwania przy trafieniu atakiem zadajesz jej dodatkowych 1k6 obrażeń nekrotycznych. Co więcej, gdy rzucasz ten czar, wybierasz jedną cechę, w której testach przeklęta istota będzie miała utrudnienie.<br><br>Jeżeli przed zakończeniem czaru punkty wytrzymałości celu spadną do 0, to możesz w ramach akcji dodatkowej w swojej turze przenieść klątwę na nową istotę. Zaklęcie można zakończyć wcześniej, czarem zdjęcie klątwy.<br><br>Na wyższych kręgach. Jeśli rzucasz ten czar,<br>wykorzystując komórkę 3. lub 4. kręgu, możesz się na nim koncentrować do 8h. Jeśli wykorzystujesz komórkę 5. lub wyższego kręgu, możesz utrzymywać koncentrację na zaklęciu do 24h.";"Czarownik"
"1";"WIEDŹMI POCISK";" Wywoływanie, 1. krąg";" 1 akcja";" 9 metrów";" W, S, M (gałązka z drzewa uderzonego piorunem)";" Koncentracja, do 1 minuty";" Promień trzaskającej, błękitnej energii wystrzela w kierunku stworzenia w zasięgu czaru i tworzy łuk elektryczności pomiędzy tobą a nim. Wykonaj atak dystansowy czarem przeciwko celowi zaklęcia. Przy trafieniu otrzymuje on 1k12 obrażeń od elektryczności, a w każdej kolejnej turze podczas trwania czaru możesz w ramach swojej akcji automatycznie zadać mu kolejne 1k12 obrażeń.<br><br>Zaklęcie kończy się, jeśli wykorzystasz swoją akcję do czegokolwiek innego. Przestanie działać również wtedy, kiedy twój cel wyjdzie poza zasięg zaklęcia albo znajdzie się za całkowitą osłoną.<br><br>Na wyższych kręgach. Jeśli rzucasz ten czar,<br>wykorzystując komórkę co najmniej 2. kręgu, za każdy krąg powyżej 1. zwiększasz początkowe obrażenia o 1k12.";"Czarownik"
"1";"ZAUROCZENIE OSOBY";" Uroki, 1. krąg";" 1 akcja";" 9 metrów";" W, S";" 1 godzina";" Próbujesz zauroczyć humanoida, którego widzisz w zasięgu czaru. Musi on wykonać rzut obronny na Mądrość, w którym ma ułatwienie, jeśli walczy z tobą, lub z którymś z twoich towarzyszy. W przypadku niepowodzenia zostaje przez ciebie zauroczony na czas trwania zaklęcia lub do momentu, w którym ty, lub któryś z twoich towarzyszy zadziałacie na jego szkodę. Zauroczony humanoid postrzega ciebie jako<br>przyjaznego znajomego. Gdy czar dobiega końca, cel ma świadomość, że został przez ciebie zauroczony.<br><br>Na wyższych kręgach. Jeśli rzucasz ten czar,<br>wykorzystując komórkę co najmniej 2. kręgu, za każdy krąg powyżej 1. możesz objąć zauroczeniem dodatkową istotę. W momencie rzucania czaru, wszystkie cele muszą przebywać w obrębie 9m od siebie.";"Czarownik"
"1";"ZBROJA AGATHYS";" Odpychanie, 1. krąg";" 1 akcja";" Na siebie";" W, S, M (kubek wody)";" 1 godzina";" Otaczasz się ochronną magiczną mocą, objawiającą się w formie widmowego szronu pokrywającego ciebie i twoje wyposażenie. Na czas działania zaklęcia otrzymujesz 5 tymczasowych punktów wytrzymałości. Jeśli zostaniesz trafiony atakiem wręcz, póki posiadasz te dodatkowe PW, to napastnik otrzyma 5 obrażeń od zimna.<br><br>Na wyższych kręgach. Jeśli rzucasz ten czar,<br>wykorzystując komórkę co najmniej 2. kręgu, za każdy krąg powyżej 1. zwiększasz o 5 zarówno tymczasowe punkty wytrzymałości, jak i obrażenia od zimna.";"Czarownik"
"2";"CHMURA SZTYLETÓW";" Przywoływanie, 2. krąg";" 1 akcja";" 18 metrów";" W, S, M (szklana drzazga)";" Koncentracja, do 1 minuty";" W powietrzu pojawia się chmura wirujących sztyletów, formująca sześcian o boku 1,5m, którego środek znajduje się w zasięgu czaru. Istota wchodząca w obszar działania czaru pierwszy raz w swojej turze, albo rozpoczynająca w nim turę otrzymuje 4k4 obrażeń ciętych.<br><br>Na wyższych kręgach. Jeśli rzucasz ten czar,<br>wykorzystując komórkę co najmniej 3. kręgu, za każdy krąg powyżej 2., zwiększasz obrażenia o 2k4.";"Czarownik"
"2";"CIEMNOŚĆ";" Wywoływanie, 2. krąg";" 1 akcja";" 18 metrów";" W, M (futro nietoperza oraz kropla smoły lub kawałek drewna)";" Koncentracja, do 10 minut";" Wskazujesz punkt w zasięgu czaru i wysnuwasz z niego magiczną ciemność, wypełniając nią kulistą przestrzeń o promieniu 4,5m. Ciemność rozprzestrzenia się wokół rogów i załomów. Istoty posiadające zdolność do widzenia w ciemności nie mogą jej przejrzeć, a niemagiczne światło, nie może jej rozświetlić.<br><br>Jeśli wskazany punkt znajduje się na przedmiocie trzymanym przez ciebie, albo takim, który nie jest trzymany lub noszony przez kogoś innego, to ciemność rozchodzi się z tego przedmiotu i przemieszcza wraz z nim. Całkowite zakrycie źródła nieprzezroczystym przedmiotem, np. miską lub hełmem, blokuje emanację ciemności. Jeśli obszar magicznej ciemności nałoży się na obszar magicznego światła stworzonego zaklęciem z kręgu 2., lub niższego, to zaklęcie światła zostaje rozproszone.";"Czarownik"
"2";"FASCYNACJA";" Uroki, 2. krąg";" 1 akcja";" 18 metrów";" W, S";" 1 minuta";" Splatasz słowa wypowiedzi przyciągającej uwagę. Wybrane istoty znajdujące się w zasięgu czaru, które widzisz i które mogą cię usłyszeć, muszą wykonać rzut obronny na Mądrość.<br><br>Istoty odporne na zauroczenie odnoszą automatyczny sukces, a walczące z tobą lub twoimi sojusznikami, otrzymują ułatwienie. W przypadku niepowodzenia, cel otrzymuje utrudnienie w testach Mądrości (Percepcja) sprawdzających, czy dostrzega kogokolwiek poza tobą.<br><br>Efekt trwa do zakończenia czaru lub do momentu, gdy zafascynowana istota przestanie cię słyszeć. Czas kończy się przedwcześnie, jeśli zostaniesz obezwładniony, albo nie będziesz już mógł mówić.";"Czarownik"
"2";"KORONA OBŁĘDU";" Uroki, 2. krąg";" 1 akcja";" 36 metrów";" W, S";" Koncentracja, do 1 minuty";" Wybierz humanoida, którego widzisz w zasięgu czaru. Musi on wykonać rzut obronny na Mądrość. W przypadku niepowodzenia, zostanie przez ciebie zauroczony na czas trwania zaklęcia. Na głowie zauroczonej osoby pojawia się dziwaczna korona z żelaznych cierni, a w jej oczach lśni obłęd.<br><br>Zauroczona osoba w każdej swojej turze przed poruszeniem się, musi wykorzystać swoją akcję, by zaatakować wręcz inne stworzenie, które jej telepatycznie wskażesz. Jeśli nie wyznaczysz celu, lub żaden nie znajduje się w zasięgu zauroczonej osoby, to może ona zachowywać się normalnie. <br><br>Aby podtrzymać zaklęcie, musisz w kolejnych turach używać swojej akcji na utrzymanie kontroli nad celem. Co więcej, zauroczona istota może ponawiać rzut obronny na Mądrość, pod koniec każdej swojej tury. Gdy odniesie sukces, czar dobiega końca.";"Czarownik"
"2";"KROK PRZEZ MGŁĘ";" Przywoływanie, 2. krąg";" 1 akcja dodatkowa";" Na siebie";" W";" Natychmiastowy";" Otaczasz się na moment srebrzystą mgłą i teleportujesz się na odległość 9m w wolne miejsce, które widzisz.";"Czarownik"
"2";"LUSTRZANE ODBICIA";" Iluzje, 2. krąg";" 1 akcja";" Na siebie";" W, S";" 1 minuta";" Pojawiają się przy tobie twoje trzy iluzoryczne kopie. Do zakończenia czaru przemieszczają się wraz z tobą, naśladują twoje działania i zmieniają pozycję tak, by uniemożliwić odróżnienie ich od ciebie. W ramach swojej akcji możesz odwołać tę iluzję.<br><br>Za każdym razem, gdy jesteś celem ataku podczas trwania zaklęcia, rzuć k20, by sprawdzić, czy atak trafił w ciebie, czy w twoją kopię. Gdy posiadasz trzy kopie, musisz wyrzucić co najmniej 6, by atak został przekierowany na iluzję. Przy dwóch kopiach, musisz wyrzucić co najmniej 8. Mając tylko jedną kopię, musisz wyrzucić co najmniej 11. KP twojego lustrzanego odbicia wynosi 10 + twój modyfikator ze Zręczności. Iluzja trafiona atakiem - znika. Iluzję może zniszczyć jedynie wymierzony w nią atak - ignoruje wszystkie inne efekty i źródła obrażeń. Zaklęcie wygasa, gdy wszystkie trzy kopie zostaną zniszczone.<br><br> Iluzja nie zadziała na istotę, która jej nie widzi, albo polega na zmysłach innych niż wzrok, np. ślepowidzeniu, bądź potrafi przejrzeć iluzje, jak przy pomocy zdolności prawdziwego widzenia.";"Czarownik"
"2";"NIEWIDZIALNOŚĆ";" Iluzje, 2. krąg";" 1 akcja";" Dotyk";" W, S, M (rzęsa zatopiona w gumie arabskiej)";" Koncentracja, do 1 godziny";" Istota, której dotykasz, staje się niewidzialna na czas trwania czaru. Całe jej wyposażenie i odzienie również jest niewidzialne, dopóki się na niej znajduje. Zaklęcie kończy się, gdy jego cel wykona atak lub rzuci czar.<br><br>Na wyższych kręgach. Jeśli rzucasz ten czar,<br>wykorzystując komórę co najmniej 3. kręgu, za każdy krąg powyżej 2., możesz objąć zaklęciem dodatkową istotę. ";"Czarownik"
"2";"PAJĘCZA WSPINACZKA";" Przemiany, 2. krąg";" 1 akcja";" Dotyk";" W, S, M (kropla smoły i pająk)";" Koncentracja, do 1 godziny";" Przychylna, dotknięta przez ciebie istota, zyskuje do końca trwania czaru zdolność poruszania się w górę, w dół i w poprzek pionowych powierzchni oraz chodzenia po suficie do góry nogami. Cel zaklęcia zachowuje przy tym wolne ręce, a jego szybkość wspinania się jest równa jego szybkości chodzenia.";"Czarownik"
"2";"PROMIEŃ OSŁABIENIA";" Nekromancja, 2. krąg";" 1 akcja";" 18 metrów";" W, S";" Koncentracja, do 1 minuty";" Czarny promień osłabiającej energii strzela z twojego palca w stronę istoty znajdującej się w zasięgu czaru. Wykonaj atak dystansowy czarem. Trafiony cel, do końca trwania czaru, będzie zadawał tylko połowę swoich obrażeń atakami bronią opartymi na Sile.<br><br>Pod koniec każdej swojej tury, cel może spróbować wykonać rzut obronny na Kondycję przeciw twojemu zaklęciu. udany rzut oznacza koniec czaru.";"Czarownik"
"2";"SUGESTIA";" Uroki, 2. krąg  ";" 1 akcja";" 9 metrów";" W, M (język węża i plaster miodu lub kropla słodkiego olejku)";" Koncentracja, do 8 godzin";" Wybierz istotę, która może cię usłyszeć i zrozumieć. Wpływasz na jej umysł i w jednym lub dwóch zdaniach sugerujesz jej kierunek działań. Istoty odporne na zauroczenie są niepodatne. Sugestia musi być sformułowana w taki sposób, by brzmiała rozsądnie. Zaklęcie skończy się, jeśli każesz komuś dźgnąć się nożem, rzucić się na włócznię, podpalić się, albo w inny sposób zaszkodzić samemu sobie.<br>Cel musi wykonać rzut obronny na Mądrość. W przypadku niepowodzenia działa zgodnie z twoją sugestią najlepiej jak potrafi. Może to robić przez cały czas trwania zaklęcia, chyba że sugerowane działanie da się ukończyć wcześniej - wówczas ukończenie zadania sprawi, że zaklęcie dobiegnie końca. Możesz określić warunki, w których sugerowane działanie ma zostać rozpoczęte. Przykładowo, możesz zasugerować rycerce, by oddała swego rumaka pierwszemu napotkanemu żebrakowi. Jeśli w czasie trwania czaru okoliczności nie wystąpi, działanie nie zostanie podjęte...<br><br>Podręcznik gracza str.267<br><br>";"Czarownik"
"2";"TRZASK";" Wywoływanie, 2. krąg";" 1 akcja";" 18 metrów";" W, S, M (odłamek miki)";" Natychmiastowy";" Z punktu, który widzisz w zasięgu czaru, dobywa się nagły, głośny i boleśnie intensywny dźwięk. Każda istota znajdująca się w obrębie strefy o promieniu 3m wokół tego punktu, musi wykonać rzut obronny na Kondycję. W przypadku niepowodzenia otrzymuje 3k8 obrażeń od dźwięku. Udany rzut zmniejsza obrażenia o połowę. Stworzenia z materii nieorganicznej, takiej jak kamień, kryształ lub metal, mają w tym rzucie utrudnienie. Obrażenia otrzymują również znajdujące się w zasięgu czaru niemagiczne obiekty, które ni są noszone lub trzymane. <br><br>Na wyższych kręgach. Jeśli rzucasz ten czar, wykorzystując komórkę co najmniej 3. kręgu, za każdy krąg powyżej 2., zwiększasz zadawane obrażenia o 1k8.";"Czarownik"
"2";"UNIERUCHOMIENIE OSOBY";" Uroki, 2. krąg";" 1 akcja";" 18 metrów";" W, S, M (prosty kawałek żelaza)";" Koncentracja, do 1 minuty";" Wybierasz humanoida, którego widzisz w zasięgu czaru. Cel musi wykonać rzut obronny na Mądrość. W przypadku niepowodzenia, zostaje sparaliżowany na czas trwania czaru. Pod koniec każdej swojej tury może ponowić rzut obronny<br>na Mądrość. Udany rzut oznacza wyzwolenie się z efektu czaru.<br><br>Na wyższych kręgach. Jeśli rzucasz ten czar,<br>wykorzystując komórkę co najmniej 3. kręgu, za każdy krąg powyżej 2. możesz objąć czarem jednego dodatkowego humanoida. Wszystkie cele zaklęcia muszą znajdować się w obrębie 9m od siebie.<br>";"Czarownik"
"3";"FORMA GAZOWA";" Przemiany, 3. krąg";" 1 akcja";" Dotyk";" W, S, M (kawałek gazy i smużka dymu)";" Koncentracja, do 1 godziny";" Dotknięciem przemieniasz przychylną ci istotę i jej wyposażenie w kłąb mgły. Zaklęcie kończy się, gdy punkty wytrzymałości istoty spadną do 0. Bezcielesne stworzenia są niepodatne na ten czar.<br><br>W formie gazowej istota porusza się, latając z szybkością 3m. Może przebywać w miejscu zajmowanym przez inne stworzenie. Posiada odporność na obrażenia niemagiczne i ułatwienie w rzutach obronnych na Siłę, Zręczność i Kondycję. Może przeciskać się przez niewielkie otwory, wąskie szczeliny, a nawet małe pęknięcia, ale traktuje płyny, jakby były ciałem stałym. Istota w formie gazowej, nie może spać i unosi się w powietrzu nawet ogłuszona lub obezwładniona.<br><br>W formie mgły nie można mówić ani używać przedmiotów, a posiadanych rzeczy nie można upuścić, użyć ani oddziaływać na nie w inny sposób. Nie da się też atakować i rzucać zaklęć.";"Czarownik"
"3";"GŁÓD HADARA";" Przywołanie, 3. krąg";" 1 akcja";" 45 metrów";" W, S, M (marynowana macka ośmiornicy)";" Koncentracja, do 1 minuty";" Otwierasz przejście do międzygwiezdnej pustki opanowanej przez niewysłowione koszmar. Sprowadzasz we wskazany punkt kulę lodowatego mroku, o promieniu 6m, która kipi<br>kakofonią miękkich szeptów i głośnego siorbania, słyszalną na odległość 9m. Pustki tej nie można rozjaśnić żadnym rodzajem światła, a istoty znajdujące się całkowicie w jej obrębie zostają oślepione.<br><br>Próżnia wypacza strukturę przestrzeni i stanowi trudny teren. Każde stworzenie rozpoczynające swoją turę w obszarze działania czaru, otrzymuje 2k6 obrażeń od zimna. <br><br>Każde stworzenie kończące swoją turę w obszarze działania czaru, musi wykonać rzut obronny na Zręczność. W przypadku niepowodzenia, otrzymuje 2k6 obrażeń od kwasu, gdy ocierają się o nie białe, nieziemskie macki.";"Czarownik"
"3";"HIPNOTYCZNY WZÓR";" Iluzje, 3. krąg";" 1 akcja";" 36 metrów";" S, M (płonące kadzidełko albo kryształowa fiolka z fosforyzującą zawartością)";" Koncentracja, do 1 minuty";" Tworzysz wijący się barwny wzór, poruszający się w powietrzu w obrębie sześcianu o boku 9m. Wzór pojawia się na chwilę, po czym znika. Stworzenia w obszarze działania zaklęcia, które widzą wzór, muszą zdać rzut obronny na Mądrość, albo zostaną zauroczone na czas trwania zaklęcia. <br><br>Zauroczone istoty są traktowane jako obezwładnione, a ich szybkość wynosi 0.<br>Zauroczenie mija, jeśli istota otrzyma obrażenia albo ktoś przeznaczy swoją akcję, by wyrwać ją z otępienia.";"Czarownik"
"3";"JĘZYKI";" Wieszczenie, 3. krąg";" 1 akcja";" Dotyk";" W, M (mała gliniana figurka zigguratu)";" 1 godzina";" Dotykasz wybranej istoty i zapewniasz jej zdolność<br>rozumienia każdego języka. Ponadto, kiedy ona przemawia, rozumie ją każde słyszące ją stworzenie, które zna jakikolwiek język.";"Czarownik"
"3";"KRĄG MAGII";" Odpychanie, 3. krąg";" 1 minuta";" 3 metry";" W, S, M (woda święcona, albo sproszkowane srebro i żelazo o wartości co najmniej 100 sz)";" 1 godzina";" Tworzysz walec magicznej energii o średnicy 3m i wysokości 6m, umiejscowiony na ziemi w punkcie, który widzisz w zasięgu czaru.<br>Wybierz jeden lub więcej typów istot, spośród następujących: czarty, fey, niebianie, nieumarli lub żywiołaki. Krąg będzie na nie wpływał w następujący sposób:<br>*Istota nie może dobrowolnie wejść w obszar walca niemagicznymi sposobami. Jeśli próbuje użyć w tym celu teleportacji lub podróży między astralnej, musi najpierw wykonać udany rzut obronny na Charyzmę.<br>*Istota ma utrudnienie w testach ataku przeciw celom przebywającym wewnątrz walca...<br><br>Podręcznik gracza str.229<br>";"Czarownik"
"3";"LOT";" Przemiany, 3. krąg";" 1 akcja";" Dotyk";" W, S, M (pióro ze skrzydła dowolnego ptaka)";" Koncentracja, do 1 minuty";" Dotykasz przychylnej istoty. Na czas trwania czaru, zyskuje ona szybkość lotu 18 metrów. Jeśli będzie w powietrzu, gdy czar dobiegnie końca, to spadnie, chyba, że będzie potrafiła temu zapobiec.<br><br>Na wyższych kręgach. Jeśli rzucasz ten czar,<br>wykorzystując komórkę co najmniej 4. kręgu, za każdy krąg powyżej 3., możesz objąć czarem jedną dodatkową istotę.";"Czarownik"
"3";"PRZECIWZAKLĘCIE";" Odpychanie, 3. krąg";" 1 reakcja podejmowana, gdy widzisz istotę rzucającą czar w obrębie 18 metrów";" 18 metrów";" S";" Natychmiastowy";" Próbujesz przerwać proces rzucania czaru przez inną istotę. Jeśli rzuca ona czar z kręgu 3. lub niższego, to jej zaklęcie kończy się fiaskiem i nie przynosi żadnych efektów. Jeśli jednak rzuca czar co najmniej 4. kręgu, wykonaj test swojej cechy bazowej. ST wynosi 10 + krąg czaru. Przy udanym teście, rozpraszasz rzucanie zaklęcia i nie przynosi ono żadnych efektów.<br><br>Na wyższych kręgach. Jeśli rzucasz ten czar,<br>wykorzystując komórkę co najmniej 4. kręgu, przerwane zaklęcie nie przynosi efektów, jeśli jego krąg nie przewyższa tego, z którego rzucasz przeciwzaklęcie.";"Czarownik"
"3";"ROZPROSZENIE MAGII";" Odpychanie, 3. krąg";" 1 akcja";" 36 metrów";" W, S";" Natychmiastowy";" Wybierz jedną istotę, obiekt lub magiczny efekt w zasięgu czaru. Każde zaklęcie 3. lub niższego kręgu wpływające na nie, dobiega końca. Dla każdego zaklęcia z kręgu 4. lub wyższego, działającego na wybrany cel, wykonaj test swojej cechy bazowej o ST w wysokości 10 + krąg czaru. Po udanym rzucie, to zaklęcie zostaje rozproszone.<br><br>Na wyższych kręgach. Jeśli rzucasz ten czar,<br>wykorzystując komórkę co najmniej 4. kręgu, automatycznie rozpraszasz działające na wybrany cel zaklęcia z kręgu równego, lub mniejszego niż ten, z którego rzucasz<br>rozproszenie magii.";"Czarownik"
"3";"STRACH";" Iluzje, 3. krąg";" 1 akcja";" Na siebie (stożek o długości 8 metrów)";" W, S, M (białe piórko lub kurze serce)";" Koncentracja, do 1 minuty";" Tworzysz koszmarną projekcję najgorszych lęków innego stworzenia. Każda istota na obszarze stożka o długości 9m, musi wykonać rzut obronny na mądrość. W przypadku niepowodzenia, upuszcza trzymane rzeczy i staje się przerażona na czas działania czaru. <br>Przerażone stworzenie wykonuje z utrudnieniem wszystkie testy cech i testy ataku, jeśli źródło jej strachu znajduje się w zasięgu wzroku. Przerażone stworzenie nie może z własnej woli zbliżyć się do źródła swego strachu.<br><br>Istota przerażona tym czarem, musi w każdej swojej turze wykonać akcję Sprintu, by jak najbardziej oddalać się od ciebie najbezpieczniejszą możliwą drogą, chyba że nie ma dokąd uciec. Jeśli zakończysz swoją turę w miejscu, w którym nie ma cię już w zasięgu wzroku, może wykonać rzut obronny na Mądrość. Jeśli jej się powiedzie, wyzwala się spod efektu przerażenia.";"Czarownik"
"3";"WAMPIRYCZNY DOTYK";" Nekromancja, 3. krąg";" 1 akcja";" Na siebie";" W, S";" Koncentracja, do 1 minuty";" Dotyk twojej spowitej cieniem dłoni potrafi wyssać siły życiowe z innych, by cię uleczyć. Wykonaj atak wręcz czarem przeciw istocie w sferze ataku. Przy trafieniu zadajesz 3k6 obrażeń nekrotycznych i odzyskujesz punkty wytrzymałości w liczbie połowy zadanych obrażeń. W czasie działania czaru, możesz wykorzystywać akcje w swoich turach, by ponawiać ten atak.<br><br>Na wyższych kręgach. Jeśli rzucasz ten czar,<br>wykorzystując komórkę co najmniej 4. kręgu, za każdy krąg powyżej 3., zwiększasz zadawane obrażenia o 1k6.";"Czarownik"
"3";"WIĘKSZY OBRAZ";" Iluzje, 3. krąg";" 1 akcja";" 36 metrów";" W, S, M (odrobina runa)";" Koncentracja, do 10 minut";" Tworzysz iluzoryczny obraz obiektu, istoty, itp., mieszczący się w sześcianie o boku 6m.Obraz pojawia się w miejscu, które widzisz w zasięgu, i istnieje przez cały czas trwania czaru. Iluzja zawiera dźwięki, zapachy i odczucia temperatury odpowiednie dla kopiowanej rzeczy. Nie możesz w ten sposób stworzyć wystarczającej ilości ciepła zimna, dźwięku, zapachu by spowodować obrażenia. Możesz w ramach swojej akcji przenieść obraz w inne miejsce. Gdy zmienia on swoje położenie, możesz wpłynąć na jego wygląd tak, by oddawał naturalny ruch imitowanej rzeczy. Możesz też sprawić, by iluzji towarzyszyły dźwięki, pojawiające się w różnych momentach, a nawet sprawiające wrażenie rozmowy. Fizyczny kontakt z obrazem zdemaskuje iluzję. Stworzenie może w ramach swojej akcji zbadać obraz i rozpoznać w nim iluzję, dzięki udanemu testowi Inteligencji (Śledztwo) o ST rzutu obronnego przeciw twoim czarom. Istota, która poznała się na iluzji, może widzieć przez jej obraz, a pozostałe składowe sensoryczne stają się dla niej słabe i niewyraźne. Na wyższych kręgach. Jeśli rzucasz ten czar, wykorzystując komórkę co najmniej 6. kręgu, będzie on trwał do rozproszenia, bez potrzeby twojej koncentracji.";"Czarownik"
"3";"ZDJĘCIE KLĄTWY";" Odpychanie, 3. krąg";" 1 akcja";" Dotyk";" W, S";" Natychmiastowy";" Pod twoim dotknięciem, kończą się wszelkie klątwy nałożonej na istotę lub obiekt.<br><br>Jeżeli tym obiektem jest przeklęty, magiczny przedmiot, to jego klątwa trwa, ale rzucone zaklęcie zrywa jego powiązanie z ofiarą, tak że może go ona zdjąć lub wyrzucić.";"Czarownik"
"4";"DRZWI PRZEZ WYMIARY";" Przywoływanie, 4. krąg";" 1 akcja";" 150 metrów";" W";" Natychmiastowy";" Teleportujesz się do innego miejsca znajdującego się w zasięgu czaru. Pojawiasz się dokładnie w wybranym punkcie. Może to być miejsce, które widzisz albo które potrafisz sobie wyobrazić lub opisać, określając kierunek i odległość, na przykład: ,,60 metrów prosto w dól albo ,,w górę na północny zachód pod kątem 45 stopni, 90 metrów. <br><br>Możesz przemieścić się razem z przedmiotami, których łączny ciężar nie przekracza twojego udźwigu, a także zabrać ze sobą jedną przychylną istotę w rozmiarze nieprzekraczającym twojego, której wyposażenie nie przekracza jej udźwigu. W momencie rzucania czaru musi znajdować się ona nie dalej niż 1,5 metra od ciebie. Jeśli mielibyście pojawić się w miejscu zajętym przez jakiś obiekt albo stworzenie, ty i towarzysząca ci istota otrzymujecie po<br>4k6 obrażeń od mocy, a czar się nie udaje.";"Czarownik"
"4";"ILUZORYCZNY TEREN";" Iluzje, 4. krąg";" 10 minut";" 90 metrów";" W, S, M (kamień, gałązka i fragment rośliny zielonej)";" 24 godziny";" Sprawiasz, że naturalny teren w obrębie sześcianu o boku 45 metrów zaczyna wyglądać, pachnieć i brzmieć, jakby był naturalnym terenem innego typu. Pole albo droga mogą wydać się bagniskiem, wzgórzem, rozpadliną lub innym trudnym albo wręcz nieprzebytym terenem. Staw możesz skryć pod iluzją wonnej łąki, przepaść pokazać jako łagodny stok, skalisty wąwóz może zostać szeroką i równą drogą. Nie wpływasz na wygląd wytworzonych obiektów znajdujących się na tym obszarze, takich jak budowle czy wyposażenie, ani przebywających tam stworzeń.<br><br>Namacalnie teren nie ulega jednak zmianie, więc stworzenia wchodzące na jego obszar łatwo przejrzą iluzję. Jeśli różnica w dotyku nie jest oczywista, istota badająca uważnie iluzję może wykonać test Inteligencji (Śledztwo) o ST rzutu<br>obronnego przeciw twoim czarom, by przestać w nią wierzyć. Istota, która przejrzała iluzję, widzi jej nikły obraz nałożony na prawdziwy teren.";"Czarownik"
"4";"PLAGA";" Nekromancja, 4. krąg";" 1 akcja";" 9 metrów";" W, S";" Natychmiastowy";" Nekrotyczna energia oblepia istotę, którą wskażesz w zasięgu czaru, pozbawiając jej ciało wilgoci i żywotności. Cel zaklęcia musi wykonać rzut obronny na Kondycję. W przypadku niepowodzenia otrzymuje 8k8 obrażeń nekrotycznych. Udany rzut zmniejsza obrażenia o połowę. Zaklęcie nie ma wpływu na konstrukty i nieumarłych. Jeśli celem zaklęcia jest magiczna roślina lub stworzenie typu roślinnego, to rzut obronny przeprowadza z utrudnieniem, a zaklęcie zadaje maksymalne obrażenia. Jeżeli zaś celem zaklęcia jest zwykła roślina nierozumna, na przykład drzewo czy krzew, to nie wykonuje ona rzutu obronnego, lecz od razu więdnie i umiera.<br><br>Na wyższych kręgach: Jeśli rzucasz ten czar,<br>wykorzystując komórkę co najmniej 5. kręgu, za każdy krąg powyżej 4. zwiększasz obrażenia o l k8.";"Czarownik"
"4";"WYPĘDZENIE";" Odpychanie, 4. krąg";" 1 akcja";" 18 metrów";" W, S, M (przedmiot obrzydliwy dla celu czaru)";" Koncentracja, do 1 minuty";" Podejmujesz próbę odesłania istoty, którą widzisz w zasięgu czaru, do innej sfery egzystencji. Musi ona wykonać rzut obronny na Charyzmę. W przypadku niepowodzenia, zostaje wygnana. Jeżeli pochodzi ze sfery egzystencji, w której aktualnie przebywasz, to znika i pojawia się obezwładniona w neutralnej demisferze. Pozostaje tam do zakończenia czaru,<br>po czym powraca w miejsce, z którego zniknęła (lub w najbliższe wolne).<br><br>Natomiast jeżeli stworzenie pochodzi z innej sfery egzystencji niż ta, w której rzucasz czar, to zostaje wypędzone i z cichym trzaskiem powraca do swojej rodzimej sfery. Jeżeli zaklęcie skończy się przed upływem 1 minuty, odesłany cel pojawia się z powrotem w miejscu, z którego go wygnałeś, lub w najbliższym wolnym. W przeciwnym przypadku nie wraca. <br><br>Na wyższych kręgach. Jeśli rzucasz ten czar,<br>wykorzystując komórkę co najmniej 5. kręgu, za każdy krąg powyżej 4. możesz objąć czarem dodatkową istotę.";"Czarownik"
"5";"KONTAKT Z INNĄ SFERĄ";" Wieszczenie, 5. krąg (rytuał)";" 1 minuta";" Na siebie";" W";" 1 minuta";" Nawiązujesz telepatyczny kontakt z półbogiem, duchem dawno zmarłego mędrca lub innym tajemniczym bytem z innej sfery egzystencji. Kontakt ten może nadwyrężyć albo nawet zniszczyć twój umysł. Gdy rzucasz ten czar, wykonaj rzut obronny na Inteligencję o ST 15. W przypadku niepowodzenia, otrzymujesz 6k6 obrażeń psychicznych i stajesz się obłąkany do czasu ukończenia długiego odpoczynku. Będąc obłąkanym, nie możesz podejmować akcji, nie rozumiesz, co mówią do ciebie inni, nie potrafisz czytać, a z twoich ust dobywa się jedynie bełkot. Efekt ten można zakończyć, rzucając na ciebie większe przywrócenie. <br><br>Jeśli rzut obronny ci się powiedzie, możesz zadać bytowi do pięciu pytań, przy czym musisz z nimi zdążyć, póki trwa zaklęcie. MP na każde z pytań odpowiada jednym słowem, na przykład: ,,tak, ,,nie, ,,może'', ,,nigdy'', ,,nieistotne'' albo ,,niejasne (jeśli byt nie zna odpowiedzi na pytanie). Gdyby odpowiedź jednym słowem mogła być myląca, MP może udzielić jej krótkim zdaniem.";"Czarownik"
"5";"SEN";" Iluzje, 5. krąg";" 1 minuta";" Specjalny";" W, S, M (garść piasku, odrobina inkaustu i pióro wyrwane śpiącemu ptakowi)";" 8 godzin";" Istoty, które nie śpią, nie mogą być celem tego zaklęcia. Istota, której dotkniesz (możesz być nią ty), wpada w trans, przyjmując rolę posłańca. Nie może wykonywać akcji ani się przemieszczać.<br>Jeśli istota będąca celem zaklęcia śpi, to posłaniec pojawia się w jej śnie i może z nią rozmawiać, dopóki cel śpi i trwa zaklęcie. Posłaniec wpływa również na wizje senne,może w każdej chwili wyjść z transu, kończąc czar. Po przebudzeniu, cel zaklęcia pamięta sen. Jeśli natomiast cel nie śpi, kiedy rzucasz zaklęcie, to posłaniec dowiaduje się o tym i może albo zakończyć trans (i zaklęcie), albo poczekać, aż cel zaśnie. Możesz nadać posłańcowi potworny wygląd. Jeśli tak zrobisz, będzie mógł przekazać najwyżej 10 słów, po których cel zaklęcia musi wykonać rzut obronny na Mądrość. W przypadku niepowodzenia, echo urojonych potworności będzie męczyć go w koszarach aż do przebudzenia. Co więcej, po obudzeniu otrzyma 1k6 obrażeń psychicznych...<br><br>Podręcznik gracza str.261<br>";"Czarownik"
"5";"UNIERUCHOMIENIE POTWORA";" Uroki, 5. krąg";" 1 akcja";" 27 metrów";" W, S, M (mały, prosty kawałek żelaza)";" Koncentracja, do 1 minuty";" Wybierasz stworzenie, które widzisz w zasięgu czaru. Cel musi wykonać rzut obronny na Mądrość. W przypadku niepowodzenia, zostaje sparaliżowany na czas trwania czaru. Zaklęcie nie działa na nieumarłych. Pod koniec każdej swojej tury, cel może ponowić rzut na Mądrość. Udany rzut oznacza wyzwolenie się z efektu czaru.<br><br>Na wyższych kręgach. Jeśli rzucasz ten czar,<br>wykorzystując, komórkę co najmniej 6. kręgu, za każdy krąg powyżej 5. możesz objąć czarem jedno dodatkowe stworzenie. Wszystkie cele zaklęcia muszą znajdować się w obrębie 9 metrów od siebie.";"Czarownik"
"5";"WIZJA";" Wieszczenie, 5. krąg";" 10 minut";" Na siebie";" W, S, M (fokus o wartości co najmniej 1000sz, taki jak kryształowa kula, srebrne lustro, lub misa z wodą święconą)";" Koncentracja, do 10 minut";" Jesteś w stanie zobaczyć i usłyszeć określoną istotę przebywającą w tej samej sferze egzystencji co ty. Cel musi wykonać rzut obronny na Mądrość, modyfikowany stopniem twojej znajomości celu i rodzajem fizycznego powiązania, które z nim posiadasz( str. 278). Jeżeli cel zdaje sobie sprawę, że rzucasz ten czar, może dobrowolnie poddać się obserwacji i ponosi automatyczną porażkę w rzucie obronnym. Udany rzut obronny = wieszczenie się nie udało, a ty nie możesz ponowić go na tej istocie przez najbliższe 24 godziny. W przypadku nieudanego rzutu, czar tworzy niewidzialny czujnik w obrębie 3 metrów od celu. Możesz patrzeć i słuchać za jego pośrednictwem, tak jakbyś tam był...<br><br>Podręcznik gracza str.279";"Czarownik"
"6";"CIAŁO W KAMIEŃ";" Przemiany, 6. krąg";" 1 akcja";" 18 metrów";" W, S, M (odrobina wapna, wody i ziemi)";" Koncentracja, do 10 minut";" Próbujesz zmienić w kamień jedną istotę, którą widzisz w zasięgu zaklęcia. Jeśli posiada ona organiczne ciało (składające się z mięśni, kości, ścięgien itd.), musi wykonać rzut obronny na Kondycję. Udany rzut oznacza, że udało jej się odeprzeć zaklęcie, natomiast po nieudanym staje się unieruchomiona, gdyż jej ciało zaczyna tężeć.<br><br>Stworzenie unieruchomione zaklęciem wykonuje kolejne rzuty obronne pod koniec każdej swojej tury. Jeśli zda je trzy razy, zaklęcie się kończy. Jeśli natomiast trzy razy poniesie porażkę, zostaje zamienione w kamień i do końca trwania<br>czaru jest skamieniałe, Sukcesy i porażki nie muszą następować kolejno po sobie - notuj je do momentu zebrania przez cel trzech wymaganych wyników.<br><br>Jeśli skamieniała istota zostanie uszkodzona fizycznie, to zachowa te deformacje, powracając do swojej naturalnej formy.<br><br>Jeśli utrzymasz koncentrację na zaklęciu przez pełną minutę, skamienienie utrwali się i utrzyma aż do czasu usunięcia efektu.";"Czarownik"
"6";"KĄŚLIWY WZROK";" Nekromancja, 6. krąg";" 1 akcja";" Na siebie";" W, S";" Koncentracja, do 1 minuty";" Twoje oczy stają się czarnymi jak atrament jeziorami pustki nasyconymi straszliwą mocą. Wybrana istota, którą widzisz w obrębie 18 metrów, musi wykonać rzut obronny na Mądrość. W przypadku niepowodzenia, nakładasz na nią efekt wybrany z poniższych, utrzymujący się do końca trwania czaru. Póki zaklęcie trwa, możesz w każdej swojej akcji podstawowej wybrać kolejną ofiarę, przy czym nie możesz ponownie wskazać istoty, która zdała rzut obronny przeciw aktualnie trwającemu kąśliwemu wzrokowi.<br>*Choroba. Ofiara ma utrudnienie w testach ataku i cech. Pod koniec każdej swojej tury może ponowić rzut obronny na Mądrość, by spróbować wyrwać się spod działania czaru. <br>*Panika.  W każdej swojej turze musi wykonać akcję Sprintu, by jak najbardziej oddalić się od ciebie najbezpieczniejszą i najkrótszą drogą, chyba że nie ma dokąd się poruszyć. Jeśli cel znajduje się w miejscu oddalonym od ciebie co najmniej o 18 metrów, z którego nie będzie mógł cię zobaczyć, efekt ustaje.<br>*Uśpienie. Ofiara pada nieprzytomna. Obudzi się w momencie otrzymania obrażeń albo gdy inna istota w ramach swojej akcji nią potrząśnie.";"Czarownik"
"6";"KRĄG ŚMIERCI";" Nekromancja, 6. krąg";" 1 akcja";" 45 metrów";" W, S, M (sproszkowana czarna perła o wartości co najmniej 500 sz)";" Natychmiastowy";" Z punktu, który wskazujesz w zasięgu czaru, wyłania się sfera negatywnej energii o promieniu 18 metrów. Każde objęte nią stworzenie musi wykonać rzut obronny na Kondycję. W przypadku niepowodzenia otrzymuje 8k6 obrażeń nekrotycznych. Udany rzut zmniejsza obrażenia o połowę.<br><br>Na wyższych kręgach. Jeśli rzucasz ten czar,<br>wykorzystując komórkę co najmniej 7. kręgu, za każdy krąg powyżej 6. zwiększasz obrażenia o 2k6.";"Czarownik"
"6";"MAGICZNE WROTA";" Przywoływanie, 6. krąg";" 1 akcja";" 150 metrów";" W, S";" Koncentracja, do 10 minut";" Tworzysz powiązane portale teleportacyjne, które pozostają czynne przez czas trwania zaklęcia. Wybierasz dwa miejsca na ziemi, które widzisz: jedno w obrębie 3 metrów od ciebie, a drugie w obrębie 150 metrów. W obu miejscach otwiera się okrągły portal o średnicy 3 metrów. Jeśli miałoby to oznaczać otwarcie portalu w miejscu zajętym przez jakąś istotę, to czar się nie udaje, a komórka czaru zostaje zużyta.<br><br>Portale są dwuwymiarowymi świecącymi pierścieniami wypełnionym magią, unoszącymi się kilkanaście centymetrów nad ziemią, prostopadle do niej. Widoczne są tylko z jednej strony (ty wybierasz), i to ona pełni funkcję<br>portalu. <br><br>Istoty i przedmioty wchodzące do jednego z portali wychodzą z drugiego z nich tak, jakby portale do siebie przylegały. Wejście w okrąg od jego niewidocznej strony nie przynosi żadnych efektów. Mgła wypełniająca każdy z portali jest nieprzezroczysta i nie można jej przejrzeć W ramach akcji dodatkowej w swojej turze możesz obrócić okręgi, by ich aktywne strony zwrócone były w innym kierunku.";"Czarownik"
"6";"MASOWA SUGESTIA";" Uroku, 6. krąg";" 1 akcja";" 18 metrów";" W, M (wężowy język, kawałek plastra miodu lub kropla słodkiego olejku)";" 24 godziny";" Wybierasz do 12 istot, mogących cię usłyszeć i zrozumieć. Wpływasz na ich umysł i w jednym lub dwóch zdaniach sugerujesz im kierunek działań. Istoty odporne na zauroczenia są niepodatne na ten czar. Sugestia musi być sformułowana w taki sposób, by brzmiała rozsądnie. Nie można kazać się zranić. Każdy cel musi wykonać rzut obronny na Mądrość. W przypadku niepowodzenia, spełnia twoją sugestię. Możesz określić warunki, w których sugerowane działanie ma być rozpoczęte. Przykładowo, możesz zasugerować grupie żołnierzy, by oddali wszystkie swoje pieniądze pierwszemu żebrakowi, jakiego spotkają. Jeśli w czasie trwania czaru okoliczności nie występują, to działanie nie zostaje podjęte...<br><br>Podręcznik gracza str.235";"Czarownik"
"6";"PRAWDZIWE WIDZENIE";" Wieszczenie, 6. krąg";" 1 akcja";" Dotyk";" W, S, M (maść na oczy o wartości 25 sz, sporządzona ze sproszkowanych grzybów, szafranu i tłuszczu, zużywana przez zaklęcie)";" 1 godzina";" Tym czarem zapewniasz dotkniętej, przychylnej istocie umiejętność postrzegania rzeczy takimi, jakimi są w rzeczywistości. Podczas działania zaklęcia, jego cel ma zdolność prawdziwego widzenia, dostrzega magicznie ukryte tajne przejścia i ma wgląd w Sferę Eteryczną na odległość 36 metrów";"Czarownik"
"6";"PRZYWOŁANIE FEY";" Przywoływanie, 6. krąg";" 1 minuta";" 27 metrów";" W, S";" Koncentracja, do 1 godziny";" Przywołujesz fey o stopniu wyzwania nie większym niż 6, albo ducha fey, który przyjmuje formę zwierzęcia o stopniu wyzwania nie większym niż 6. Istota pojawia się w wolnej przestrzeni, którą widzisz w zasięgu czaru. Znika, kiedy jej PW spadają do 0, lub gdy czar dobiega końca. Istota jest przyjazna tobie i twoim sprzymierzeńcom. Wykonujesz za nią rzut na inicjatywę, gdyż działa w swoich własnych turach. Jest posłuszna twoim słownym poleceniom, dopóki są zgodne z jej charakterem (nie zużywają one twojej akcji). Jeśli nie wydasz polecenia, przywołana istota ogranicza się do obrony przed wrogami, ale nie wykonuje innych akcji. Gdy twoja koncentracja zostanie przerwana, fey nie znika, lecz tracisz nad nim kontrolę. Stworzenie staje się wrogie tobie i twoim sprzymierzeńcom, może też was zaatakować. Nie możesz odwołać niekontrolowanej istoty - znika ona dopiero godzinę po przywołaniu. MP dysponuje statystykami przywołanych fey. Na wyższych kręgach. Jeśli rzucasz ten czar, wykorzystując komórkę co najmniej 7. kręgu, za każdy krąg powyżej 6., maksymalny stopień wyzwania przywołanej istoty wzrasta o 1.";"Czarownik"
"6";"STWORZENIE NIEUMARŁEGO";" Nekromancja, 6. krąg";" 1 minuta";" 3 metry";" W, S, M (po jednym glinianym dzbanie z grobową ziemią, jednym glinianym dzbanie ze słonawą wodą oraz jednym czarnym onyksie o wartości 15sz na każde zwłoki";" Natychmiastowy";" Możesz rzucić tylko nocą. Wybierz do trzech zwłok Średnich lub Małych humanoidów. Stają się kontrolowanymi ghulami. W ramach akcji dodatkowej w swojej turze, możesz wydać telepatyczny rozkaz słudze, o ile znajduje się w obrębie 36m. Decydujesz o kierunku ruchu i akcji podejmowanej przez stworzenie w jego następnej turze, albo wydajesz ogólne polecenie – np. strzeżenia komnaty, czy korytarza. Gdy nie wydasz rozkazu, sługa ograniczy się do obrony własnej. Sługa wypełnia polecenie aż do ukończenia zadania. Masz kontrolę przez 24h...<br><br>Podręcznik gracza str.267";"Czarownik"
"7";"CELA MOCY";" Wywoływanie, 7. krąg";" 1 akcja";" 30 metrów";" W, S, M (rubinowy pył o wartości 1500 sz)";" 1 godzina";" Wokół wybranego obszaru, pojawia się niewidzialna, nieruchoma cela w kształcie sześcianu. Zależnie od twojego wyboru, więzienie może być klatką lub skrzynią. Więzienie w kształcie klatki, ma ściany o długości do 6 metrów i składa się z prętów o średnicy centymetra oddalonych od siebie o centymetr.<br>Więzienie w formie skrzyni, ma ściany o długości do 3 metrów, tworzące zwartą barierę nieprzepuszczalną dla żadnego rodzaju materii i blokującą zaklęcia rzucane do wewnątrz lub z wewnątrz celi. Gdy rzucasz ten czar, każda istota, która przebywa w całości wewnątrz celi, zostaje uwięziona. Stworzenia przebywające częściowo na obszarze czaru albo za duże, by zmieścić się do celi, zostają wypchnięte na zewnątrz. Uwięziona istota nie może wydostać się niemagicznymi sposobami. Jeżeli spróbuje użyć teleportacji lub podróży międzysferalnej, żeby opuścić celę, musi najpierw wykonać udany rzut obronny na Charyzmę. W przypadku niepowodzenia, nie może opuścić celi, a czar lub efekt zostaje zmarnowany. Cela rozciąga się również na Sferę Eteryczną, blokując możliwość ucieczki tą drogą.To zaklęcie nie może zostać zniwelowane rozproszeniem magii.";"Czarownik"
"7";"ETERYCZNOŚĆ";" Przemiany, 7. krąg";" 1 akcja";" Na siebie";" W, S";" Do 8 godzin";" Wkraczasz na Eteryczne Pogranicze w miejscu przenikania się Sfery Eterycznej ze sferą egzystencji, w której przebywasz. Pozostajesz tam do końca trwania czaru lub do jego zakończenia przy użyciu akcji. Możesz się przemieszczać. Ruch w górę kosztuje Cię podwójnie. Widzisz i słyszysz co się dzieje w twojej sferze egzystencji, ale tylko na 18m i szaro. W Sferze Eterycznej możesz wchodzić w interakcje jedynie z innymi stworzeniami tam przebywającymi. Ignorujesz wszystkie obiekty i efekty spoza Sfery Eterycznej, co pozwala ci na przemieszczanie się przez obiekty znajdujące się w sferze, z której przybyłeś. Kiedy czar się kończy, wracasz do swojej sfery, w miejscu, w którym aktualnie się znajdujesz. Jeśli znajduje się tam w tym czasie jakieś stworzenie lub ciało stałe, zostajesz przeniesiony do wolnego miejsca i za każde przebyte 30cm otrzymujesz 2 obrażenia od mocy. Zaklęcie nie przynosi żadnego efektu, jeśli rzucisz je w Sferze Eterycznej albo takiej, która się z nią nie przenika, np. w jednej ze Sfer Zewnętrznych...<br><br>Podręcznik gracza str.221";"Czarownik"
"7";"PALEC ŚMIERCI";" Nekromancja, 7. krąg";" 1 akcja";" 18 metrów";" W, S";" Natychmiastowy";" Wywołujesz u istoty, którą widzisz w zasięgu czaru, przepływ negatywnej energii powodujący przeszywający ból. Ofiara musi wykonać rzut obronny na Kondycję. W przypadku niepowodzenia otrzymuje 7k8 + 30 obrażeń nekrotycznych. Udany rzut zmniejsza obrażenia o połowę. <br><br>Jeżeli tym zaklęciem zabijesz humanoida, to na początku twojej następnej tury powstanie on jako zombi będący pod twoją trwałą kontrolą i wypełniający twoje słowne rozkazy najlepiej, jak tylko potrafi.";"Czarownik"
"7";"SFERALNY PRZESKOK";" Przywoływanie, 7. krąg";" 1 akcja";" Dotyk";" W, S, M (rozwidlony metalowy pręt o wartości co najmniej 250sz, dostrojony do konkretnej sfery egzystencji)";" Natychmiastowy";" Zostajesz przeniesiony do innej sfery (+max 8 istot – musicie utworzyć krąg, trzymając się za ręce). Możesz ogólnie określić miejsce przeznaczenia (np. Pałac Dispatera w drugim kręgu Dziewięciu Piekieł, albo Mosiężne Miasto w Sferze Ognia) i pojawiasz się w nim albo w jego pobliżu.<br><br>Jeżeli znasz sekwencję pieczęci kręgu teleportacyjnego z innej sfery egzystencji, możesz także rzucić to zaklęcie tak, by przeniosło cię do tego kręgu. Jeśli ów krąg jest za mały, by pomieścić wszystkie przychylne istoty, to pojawiają się one w najbliższym wolnym miejscu w jego pobliżu...<br><br>Podręcznik gracza str.262";"Czarownik"
"8";"DEMISFERA";" Przywoływanie, 8. krąg";" 1 akcja";" 18 metrów";" S";" 1 godzina";" Tworzysz cieniste drzwi na płaskiej, twardej powierzchni, którą widzisz w zasięgu czaru. Są one wystarczająco duże, aby bez przeszkód mogła przez nie przejść istota rozmiaru Średniego. Po otwarciu drzwi można dostać się do demisfery wyglądającej jak pusty pokój w kształcie sześcianu o boku 9 metrów, wykonany z drewna lub kamienia. Pod koniec trwania czaru drzwi znikają, a istoty i obiekty znajdujące się w demisferze zostają tam uwięzione, gdyż drzwi znikają również od środka.<br><br>Za każdym razem, gdy rzucasz to zaklęcie, tworzysz nową demisferę, albo łączysz cieniste drzwi z demisferą stworzoną przez ciebie ostatnio. Co więcej, jeżeli znasz naturę i<br>zawartość demisfery stworzonej tym zaklęciem przez kogoś innego, to możesz stworzyć cieniste drzwi do jego demisfery.";"Czarownik"
"8";"DOMINACJA NAD POTWOREM";" Uroki, 8. krąg";" 1 akcja";" 18 metrów";" W, S";" Koncentracja, do 1 godziny";" Jeśli stworzenie, które widzisz w zasięgu, nie zda rzutu obronnego na Mądrość, zostanie zauroczone. Ma ułatwienie, jeśli akurat walczyło z tobą lub twoimi sojusznikami. Gdy cel jest zauroczony, łączy was telepatyczna więź, dopóki przebywacie w tej samej sferze egzystencji. Będąc przytomnym, możesz dzięki tej więzi bez użycia akcji, wydawać telepatyczne polecenia zauroczonemu stworzeniu. Możesz posłużyć się prostym i ogólnym rozkazem, np. „Zaatakuj go”, „Pobiegnij tam”, „Przynieś przedmiot”. Jeśli stworzenie po wypełnieniu polecenia nie otrzyma kolejnego, będzie ograniczało się do obrony własnej. W ramach swojej akcji możesz przejąć nad zauroczonym stworzeniem całkowitą kontrolę. Do końca twojej następnej tury, będzie ono wówczas wykonywało tylko wybrane przez ciebie akcje i nie zrobi niczego bez twojej zgody. Przez ten czas możesz zmusić je też do podjęcia reakcji, ale musisz na to zużyć również swoją. Za każdym razem, gdy zniewolone stworzenie otrzyma obrażenia, ponawia rzut obronny na Mądrość. Jeśli odniesie sukces, czar się kończy. Na wyższych kręgach. Jeśli rzucasz ten czar, wykorzystując komórkę co najmniej 9. kręgu, wydłużasz maksymalny czas trwania do 8 godzin (przy koncentracji).";"Czarownik"
"8";"ELOKWENCJA";" Przemiany, 8. krąg";" 1 akcja";" Na siebie";" W";" 1 godzina";" W trakcie działania czaru możesz podczas testów Charyzmy możesz zamienić wynik rzutu na 15. Ponadto, niezależnie od tego, co mówisz, magia służąca do określania prawdomównośći <br>wskazuje, że mówisz prawdę.";"Czarownik"
"8";"OSŁABIENIE UMYSŁU";" Uroki, 8. krąg";" 1 akcja";" 45 metrów";" W, S, M (garść kulek z gliny, kryształu, szkła lub minerałów)";" Natychmiastowy";" Uderzasz w umysł istoty, którą widzisz w zasięgu czaru, próbując rozbić w pył jej intelekt i osobowość. Cel otrzymuje 4k6 obrażeń psychicznych i musi wykonać rzut obronny na<br>Inteligencję. <br><br>W przypadku niepowodzenia jego Inteligencja i Charyzma przyjmują wartość 1. W tym stanie cel nie może rzucać zaklęć i aktywować magicznych przedmiotów. Nie rozumie języków i nie potrafi porozumieć się w zrozumiały sposób, ale rozpoznaje swoich przyjaciół i jest w stanie za nimi podążać, a nawet ich bronić.<br><br>Na koniec każdych 30 dni cel zaklęcia może ponowić rzut obronny. W przypadku powodzenia, zaklęcie się kończy. Czar można również zakończyć przy pomocy większego przywrócenia, uleczenia lub życzenia.";"Czarownik"
"8";"SŁOWO MOCY 'STÓJ'";" Uroki, 8. krąg";" 1 akcja";" 18 metrów";" W";" Natychmiastowy";" Wypowiadasz słowo mocy przytłaczające umysł istoty, którą widzisz w zasięgu czaru, i wprawiasz ją w osłupienie. Jeżeli ma do 150 PW, zostaje ogłuszona. W przeciwnym wypadku zaklęcie nie przynosi efektu.<br><br>Ogłuszona istota pod koniec każdej swojej tury wykonuje rzut obronny na Kondycję. Sukces wyzwala ją z efektu ogłuszenia.";"Czarownik"
"9";"PRAWDZIWA POLIMORFIA";" Przemiany, 9. krąg";" 1 akcja";" 9 metrów";" W, S, M (kropla rtęci, łyżka gumy arabskiej i smużka dymu)";" Koncentracja, do 1 godziny";" Wybierz jedną istotę lub jeden niemagiczny obiekt (musi mieć powyżej 0 PW), który widzisz w zasięgu czaru. Przekształcasz istotę w inną istotę, istotę w niemagiczny obiekt, albo obiekt w istotę (nie może on być jednak noszony ani trzymany przez inne stworzenie). Przemiana trwa przez cały czas działania czaru, albo do chwili, w której cel umrze lub jego PW spadną do 0. Jeżeli koncentrujesz się przez pełną godzinę, to  przemiana się utrwala i zakończy się w momencie rozproszenia czaru. <br><br>Zaklęcie nie działa na zmiennokształtnych i na istoty mające 0 punktów wytrzymałości. Istota opierająca się zaklęciu musi wykonać udany rzut obronny na Mądrość. Możliwe przekształcenia (dokładny opis na str. 250):<br>*Istota w istotę.<br>*Obiekt w istotę.<br>*Istota w obiekt.";"Czarownik"
"9";"PROFETYZM";" Wieszczenie, 9. krąg";" 1 minuta";" Dotyk";" W, S, M (pióro kolibra)";" 8 godzin";" Dotykasz przychylnej istoty i obdarzasz ją ograniczoną zdolnością spoglądania w najbliższą przyszłość. Przez czas trwania czaru nie będzie można jej zaskoczyć i będzie miała ułatwienie w testach ataku, w testach cech i w rzutach obronnych. Ponadto, przez ten czas inni będą mieli utrudnienie w testach ataku przeciwko niej.<br><br>Zaklęcie kończy się natychmiast, jeśli przed jego<br>wygaśnięciem rzucisz je ponownie.";"Czarownik"
"9";"PROJEKCJA ASTRALNA";" Nekromancja, 9. krąg";" 1 godzina";" 3 metry";" W, S, M (jacynt o wartości co najmniej 1000sz oraz sztabka srebra o wartości co najmniej 100sz – na 1 istotę)";" Specjalny";" Ty i do ośmiu przychylnych ci istot przenosicie swoje ciała astralne do Sfery Astralnej. Zostawiasz swoje ciało fizyczne nieprzytomne, w stanie zawieszonych czynności życiowych. Za twoim ciałem astralnym ciągnie się spomiędzy łopatek srebrzysty sznur, łączący cię z twoim fizycznym ciałem i znikający w przestrzeni za tobą. Dzięki niemu, możesz odnaleźć drogę do domu, jeśli zostanie przerwany-umierasz.<br>Twoja forma astralna może swobodnie przechodzić przez portale do innych sfer. To odrębne wcielenie-obrażenia lub cokolwiek innego, nie mają wpływu na twoją fizyczną formę...<br><br>Podręcznik gracza str.251";"Czarownik"
"9";"SŁOWO MOCY 'GIŃ'";" Uroki, 9. krąg";" 1 akcja";" 18 metrów";" W";" Natychmiastowy";" Wypowiadasz słowo mocy, zmuszając istotę, którą widzisz w zasięgu, by natychmiast umarła.<br><br>Jeżeli wybrana istota ma do 100 PW, ginie na miejscu. W przeciwnym wypadku zaklęcie nie przynosi efektu.<br>";"Czarownik"
"9";"UWIĘZIENIE";" Odpychanie, 9. krąg";" 1 minuta";" 9 metrów";" W, S, M (podobizna na welinie lub rzeźbiona figurka przedstawiająca cel zaklęcia oraz specjalny komponent o wartości co najmniej 500 sz za każdą Kość Wytrzymałości celu)";" Do rozproszenia";" Tworzysz magiczne więzy trzymające istotę, którą widzisz w zasięgu czaru. Cel zaklęcia musi wykonać rzut obronny na Mądrość. W przypadku niepowodzenia, zostaje spętany zaklęciem. Udany rzut oznacza, że cel jest niepodatny na to zaklęcie, jeśli rzucisz je ponownie. Objęta działaniem czaru<br>istota nie musi oddychać, jeść i pić, a także się nie starzeje. Nie można jej namierzyć ani dostrzec magią wieszczenia. Gdy rzucasz ten czar, wybierasz jeden z rodzajów uwięzienia (dokładny opis na str 276): Izolatka, Miniaturowa cela, Pogrzebanie, Spętanie, Wieczny sen.";"Czarownik"
"1";"BLASK FAERIE (Arcyfey)";" Wywoływanie, 1. krąg";" 1 akcja";" 18 metrów";" W";" Koncentracja, do 1 minuty";" Koncentracja, do 1 Każdy obiekt w sześcianie o boku 6 metrów w zasięgu czaru, zostaje spowity niebieskim, zielonym lub czarownym światłem (ty wybierasz kolor). Istoty znajdujące się w obszarze działania w chwili rzucania zaklęcia, również zostają podświetlone, jeśli nie zdadzą rzutu obronnego na Zręczność. Przez okres trwania czaru, od tych istot i obiektów emanuje na 3 metry słabe światło.<br><br>Obiekty i istoty znajdujące się pod wpływem zaklęcia nie czerpią żadnych korzyści ze swojej niewidzialności, a ataki przeciwko nim są przeprowadzane z ułatwieniem, jeśli napastnik jest w stanie zobaczyć cel.minuty";"Czarownik"
"1";"UŚPIENIE (Arcyfey)";" Uroki, 1. krąg";" 1 akcja";" 27 metrów";" W, S, M (szczypta piasku, różane płatki lub świerszcz)";" 1 minuta";" Tym zaklęciem sprawiasz, że objęte nimi istoty pogrążają się w magicznym śnie. Rzuć 5k8, by określić łączną pulę punktów wytrzymałości stworzeń, które obejmie zaklęcie. Czar działa na istoty znajdujące się w obrębie 6m od wskazanego punktu w zasięgu, w kolejności rosnącej według aktualnie posiadanych PW (z pominięciem istot nieprzytomnych).<br><br>Poczynając od istoty mającej najmniej aktualnych PW, wszystkie kolejne objęte tym czarem padają nieprzytomne i śpią do momentu wygaśnięcia czaru, otrzymania obrażeń albo do chwili, w której ktoś przeznaczy swoją akcję na obudzenie ich potrząśnięciem lub uderzeniem. Odejmij od puli PW każdej objętej już istoty, przed przejściem do kolejnej. Aby czar zadziałał na kolejną istotę, jej aktualne PW muszą mieścić się w pozostałej jeszcze puli punktów.";""
"2";"UROJONA SIŁA (Arcyfey)";" Iluzje, 2. krąg";" 1 akcja";" 18 metrów";" W, S, M (trochę runa)";" Czas trwania: Koncentracja, do 1 minuty";" Wywołujesz iluzję w umyśle istoty, którą widzisz. Musi ona wykonać rzut obronny na Inteligencję. W przypadku niepowodzenia, tworzysz urojony obiekt, stworzenie lub inne zjawisko, które nie jest większe niż sześcian o boku 3m i widoczne tylko dla istoty będącej celem czaru. Zaklęcie nie działa na konstrukty i nieumarłych. Halucynację obejmuje również dźwięk, temperaturę i inne bodźce odbierane jedynie przez zaczarowaną istotę. Cel zaklęcia może przeznaczyć<br>swoją akcję na zbadanie widziadła i wykonanie testu Inteligencji (Śledztwo) o ST rzutu obronnego przeciw twoim czarom. Sukces oznacza, że rozpoznał iluzję i czar dobiega końca. Istota znajdująca się pod wpływem zaklęcia, traktuje jego wytwór jako realny. Próbuje racjonalizować jakiekolwiek luki w logice pojawiające się w interakcji z widziadłem. Omamiona istota jest tak pewna iluzorycznego tworu, że może nawet otrzymać od niego obrażenia. W każdej rundzie w twojej turze widziadło może zadać 1k6 obrażeń psychicznych omamionej istocie, jeśli znajduje się ona na jego obszarze lub w obrębie 1,5m od niego...<br><br>Podręcznik gracza str.275";"Czarownik"
"2";"WYCISZENIE EMOCJI (Arcyfey)";" Uroki, 2. krąg";" 1 akcja";" 18 metrów";" W, S";" Koncentracja, do 1 minuty";" Próbujesz stłumić silne emocje u grupy osób. Każdy humanoid znajdujący się w obszarze sfery o promieniu 6m wokół wybranego przez ciebie punktu w zasięgu czaru musi wykonać rzut obronny na Charyzmę, przy czym może<br>zdecydować się na porażkę w tym rzucie. W przypadku niepowodzenia wybierasz jeden z dwóch poniższych efektów.<br>*Możesz stłumić dowolny efekt powodujący zauroczenie lub przerażenie celu. Gdy twoje zaklęcie przestanie działać, wygaszony efekt powraca, o ile w międzyczasie sam nie dobiegł końca.<br>*Drugi efekt czaru sprawia , że jego cel staje się obojętny na wybrane istoty, wobec których był wrogi. Obojętność ta skończy się, gdy cel zaklęcia zostanie zaatakowany, skrzywdzony czarem lub gdy będzie świadkiem krzywdzenia jego przyjaciół. Gdy czar dobiega końca, uspokojona istota ponownie staje się wroga, chyba że MP zdecyduje inaczej.";"Czarownik"
"3";"MIGNIĘCIE (Arcyfey)";" Przemiany, 3. krąg";" 1 akcja";" Na siebie";" W, S";" 1 minuta";" W czasie trwania czaru pod koniec każdej swojej tury rzucasz k20. Gdy wypadnie co najmniej 11, znikasz ze sfery egzystencji, w której przebywałeś, i pojawiasz się w Sferze Eterycznej. (Czar nie działa, a jego komórka zostaje zużyta, jeśli znajdujesz się tam w chwili rzucania). Na początku twojej następnej tury i na koniec czasu trwania zaklęcia, jeśli przebywasz w Sferze Eterycznej, powracasz na wybrane przez siebie wolne miejsce, które widzisz w obrębie 3 metrów od punktu swojego zniknięcia. Jeśli na tym obszarze nie ma wolnego miejsca, pojawiasz się w najbliższym dostępnym (ustalanym losowo, jeśli dwa wolne miejsca są jednakowo blisko). W ramach swojej akcji możesz zakończyć zaklęcie. <br><br>Przebywając w Sferze Eterycznej, widzisz i słyszysz, co się dzieje w sferze, z której przybyłeś, choć obraz ten jawi się w szarych barwach i widzisz jedynie na odległość 18 metrów. Możesz wchodzić w interakcje jedynie z istotami również przebywającymi w Sferze Eterycznej. Istoty ze sfery, z której zniknąłeś, nie mogą cię dostrzec ani wejść z tobą w interakcję, chyba że dysponują pozwalającą na to zdolnością.";"Czarownik"
"3";"ROZROST ROŚLIN (Arcyfey)";" Przemiany, 3. krąg";" 1 akcja lub 8 godzin";" 45 metrów";" W, S";" Natychmiastowy";" Przy pomocy tego zaklęcia, wzmagasz siły życiowe roślinności na określonym obszarze. Możesz to zrobić na dwa sposoby, zapewniając jej natychmiastowe lub długoterminowe korzyści.<br>Jeśli rzucasz to zaklęcie, używając pojedynczej akcji podstawowej, wybierz punkt w jego zasięgu. Zwyczajna roślinność w promieniu 30 metrów od niego, stanie się wybujała i przerośnięta. Stworzenia podróżujące przez ten obszar, muszą zużyć 4 metry szybkości, by przemieścić się o 1 metr.<br><br>W obrębie obszaru obejmowanego zaklęciem, możesz wskazać dowolnego rozmiaru strefy, które wyłączasz spod jego działania.<br><br>Jeżeli rzucasz to zaklęcie przez 8 godzin, użyźniasz ziemię w okolicy. Roślinność w promieniu 750 metrów od wskazanego<br>punktu w zasięgu czaru, zostaje na 1 rok wyjątkowo odżywione. Podczas zbiorów, wyda dwa razy większe plony niż zwykle.";"Czarownik"
"4";"DOMINACJA NAD BESTIĄ (Arcyfey)";" Uroki, 4. krąg";" 1 akcja";" 18 metrów";" W, S";" Koncentracja, do 1 minuty";" Jeśli bestia nie zda rzutu obronnego na Mądrość, zostanie zauroczona. Ma ułatwienie w tym teście, jeśli akurat walczyła z tobą lub twoimi sojusznikami. <br>Będąc przytomnym, możesz wydawać telepatyczne polecenia zauroczonemu zwierzęciu. Możesz posłużyć się prostym i<br>ogólnym rozkazem, takim jak: ,,Zaatakuj go, ,,Pobiegnij tam'' czy ,,Przynieś tamten przedmiot. Jeśli zwierzę po wypełnieniu polecenia nie otrzyma kolejnego, będzie ograniczało się do obrony własnej. W ramach swojej akcji możesz przejąć nad, zauroczonym zwierzęciem całkowitą kontrolę. Do końca twojej następnej tury, będzie wykonywało tylko wybrane przez ciebie akcje i nie zrobi niczego bez twojej zgody. Możesz zmusić je też do podjęcia reakcji, ale musisz na to zużyć również swoją...<br><br>Podręcznik gracza str.219";"Czarownik"
"4";"WIĘKSZA NIEWIDZIALNOŚĆ (Arcyfey)";" Iluzje, 4. krąg";" 1 akcja";" Dotyk";" W, S";" Koncentracja, do 1 minuty";" Dotknięta przez ciebie istota, staje się niewidzialna na czas trwania czaru. Całe wyposażenie, jakie nosi lub ma przy sobie cel zaklęcia, jest niewidzialne, dopóki nie opuści jego posiadania.";"Czarownik"
"5";"DOMINACJA NAD OSOBĄ (Arcyfey)";" Uroki, 5. krąg";" 1 akcja";" 18 metrów";" W, S";" Koncentracja, do 1 minuty";" Próbujesz owładnąć umysł humanoidalnej istoty. Jeśli nie zda rzutu obronnego na Mądrość, zostanie zauroczona. Ma ułatwienie w tym teście, jeśli akurat walczyła z tobą lub twoimi sojusznikami. Będąc przytomnym, możesz wydawać telepatyczne polecenia zauroczonej istocie. Może to być prosty i ogólny rozkaz: „Zaatakuj go”, „Pobiegnij tam”, „Przynieś przedmiot”. Jeśli istota po wypełnieniu zadania nie otrzyma kolejnego, będzie ograniczała się do obrony własnej. W ramach swojej akcji możesz przejąć całkowitą kontrolę nad zauroczoną istotą. Do końca twojej następnej tury, będzie wykonywała tylko wybrane przez ciebie akcje i nie zrobi niczego bez twojej zgody. Przez ten czas możesz zmusić ją też do podjęcia reakcji, ale musisz na to zużyć również swoją. Za każdym razem, gdy zniewolona istota otrzyma obrażenia, ponawia rzut obronny na Mądrość. Jeśli odniesie sukces, czar się kończy. <br>Na wyższych kręgach. Jeśli rzucasz ten czar,<br>wykorzystując komórkę 6. kręgu, wydłużasz maksymalny czas trwania do 10 minut. Wykorzystując komórkę 7. kręgu – do 1 godziny, a wykorzystując komórkę 9. lub wyższego kręgu – do 8 godzin (przy koncentracji).";"Czarownik"
"5";"POZORY (Arcyfey)";" Iluzje, 5. krąg";" 1 akcja";" 9 metrów";" W, S";" 8 godzin";" Zmieniasz wygląd dowolnej liczby istot w zasięgu czaru. Cel zaklęcia może wykonać rzut obronny na Charyzmę, aby oprzeć się zaklęciu. Udany rzut niweluje działanie. Iluzja nie może przedstawiać ciała innego rodzaju, więc musisz działać w granicach jego kształtu, a tym samym, trzymać się pierwotnego rozmieszczenia kończyn. Poza tym, twoje możliwości ogranicza jedynie twoja inwencja. Iluzja będzie trwała przez cały czas działania czaru, chyba że wykorzystasz swoją akcję, by wygasić ją wcześniej.<br><br>Zmiany spowodowane tym zaklęciem nie wpływają na interakcje fizyczne. Przykładowo, jeśli strój wybranej osoby wzbogacisz o iluzoryczny kapelusz, inne przedmioty będą przez niego przenikać, a dotykająca go osoba nie  poczuje pod palcami nic, albo wymaca głowę i włosy noszącej go osoby. Jeśli użyjesz tego zaklęcia, by wydać się szczuplejszym, niż jesteś, to sięgająca ku tobie dłoń zderzy się z tobą, choć<br>będzie wyglądać, jakby właściciel zatrzymał ją w powietrzu. Istota może w ramach swojej akcji zbadać cel objęty iluzją i wykonać test Inteligencji (Śledztwo) o ST rzutu obronnego przeciw twoim czarom. Jeśli jej się powiedzie, zorientuje się, że cel jest przebrany.";""
"1";"PŁONĄCE DŁONIE (Czart)";" Wywoływanie, 1. krąg";" 1 akcja";" Na siebie (stożek o długości 4,5 metra)";" W, S";" Natychmiastowy";" Wyciągasz przed siebie rozczapierzone palce dłoni złączonych kciukami, bucha z nich wachlarz płomieni. Każda istota znajdująca się na obszarze stożka o długości 4,5 metra, musi wykonać rzut obronny na Zręczność. W przypadku niepowodzenia, otrzymuje 3k6 obrażeń od ognia. Udany rzut zmniejsza obrażenia o połowę. Ogień stworzony tym czarem podpala łatwopalne obiekty, które nie są przez nikogo noszone ani trzymane<br><br>Na wyższych kręgach. Jeśli rzucasz ten czar,<br>wykorzystując komórkę co najmniej 2. kręgu, za każdy krąg powyżej 1. zwiększasz zadawane obrażenia o 1k6.";"Czarownik"
"1";"ROZKAZ (Czart)";" Uroki, 1. krąg";" 1 akcja";" 18 metrów";" W";" 1 runda";" Istota musi ona wykonać udany rzut obronny na Mądrość albo w swojej następnej turze wypełnić twoje polecenie. Zaklęcie nie działa na nieumarłych oraz istoty nierozumiejące twojego języka. Nie odniesie również skutku, jeśli wykonanie go będzie bezpośrednio zagrażało zauroczonej istocie. Poniżej kilka typowych rozkazów. Możesz wydać inne, wówczas MP określa sposób zachowania istoty. Jeżeli cel nie jest w stanie wykonać rozkazu, to zaklęcie się kończy. Podejdź. Przemieszcza się w twoim kierunku najkrótszą i najbardziej bezpośrednią drogą, a gdy znajdzie się 1,5m od ciebie, jego tura się kończy. Puść. Wypuszcza trzymane rzeczy, a jego tura dobiega końca Uciekaj. Cel zaklęcia przeznacza swoją turę na to, by jak najszybciej oddalić się od ciebie. Padnij. Pada powalony na ziemię, a jego tura się kończy. Zatrzymaj się. Cel zaklęcia nie przemieszcza się i nie wykonuje żadnych akcji... <br>Podręcznik gracza str.259 ";"Czarownik"
"2";"GŁUCHOTA/ŚLEPOTA (Czart)";" Nekromancja, 2. krąg";" 1 akcja";" 9 metrów";" W";" 1 minuta";" Możesz pozbawić przeciwnika wzroku lub słuchu. Wybierasz istotę, którą widzisz w zasięgu czaru, musi ona wykonać rzut obronny na Kondycję. W przypadku niepowodzenia staje się oślepiona albo ogłuchła (zgodnie z twoim wyborem), na czas działania zaklęcia. Może ponawiać rzut obronny na Kondycję pod koniec każdy swoje tury, a gdy odniesie sukces, wyzwala się spod działania czaru.<br><br>Na wyższych kręgach. Jeśli rzucasz ten czar,<br>wykorzystując komórkę co najmniej 3. kręgu, za każdy krąg powyżej 2. możesz objąć tym zaklęciem dodatkową istotę.";"Czarownik"
"2";"WYPALAJĄCY PROMIEŃ (Czart)";" Wywoływanie, 2. krąg";" 1 akcja";" 36 metrów";" W, S";" Natychmiastowy";" Tworzysz 3 ogniste promienie i strzelasz nimi w stworzenia w zasięgu czaru. Możesz wszystkie skierować w ten sam cel lub w różne cele.<br><br>Wykonaj atak dystansowy czarem, osobny dla każdego promienia. Przy trafieniu cel otrzymuje 2k6 obrażeń od ognia.<br><br>Na wyższych kręgach. Jeśli rzucasz ten czar,<br>wykorzystując komórkę co najmniej 3. kręgu, za każdy krąg powyżej 3. tworzysz dodatkowy promień.";"Czarownik"
"3";"KULA OGNIA (Czart)";" Wywoływanie, 3. krąg";" 1 akcja";" 45 metrów";" W, S, M (niewielka kulka nietoperzowego guana i siarki)";" Natychmiastowy";" Z twojego palca wskazującego wystrzeliwuje jasna smuga, która we wskazanym miejscu w zasięgu czaru z rykiem rozwija się w ognistą eksplozję. Każda istota znajdująca się w obrębie sfery o promieniu 6 metrów ze środkiem we wskazanym punkcie musi wykonać rzut obronny na Zręczność.  W przypadku niepowodzenia otrzymuje 8k6 obrażeń od ognia. Udany rzut zmniejsza obrażenia o połowę.<br><br>Ogień rozprzestrzenia się za rogi i załomy. Podpala łatwopalne obiekty, które nie są trzymane ani noszone.<br><br>Na wyższych kręgach. Jeśli rzucasz ten czar,<br>wykorzystując komórkę co najmniej 4. kręgu, za każdy krąg powyżej 3. zwiększasz obrażenia o 1k6.";"Czarownik"
"3";"ŚMIERDZĄCA CHMURA (Czart)";" Przywoływanie, 3. krąg";" 1 akcja";" 27 metrów";" W, S, M (zgniłe jajo lub kilka liści skupni)";" Koncentracja, do 1 minuty";" Przywołujesz chmurę żółtego, obrzydliwego gazu, która przyjmuje kształt kuli o średnicy 6m i środka we wskazanym miejscu w zasięgu czaru. Chmura rozprzestrzenia się za rogi i załomy, tworzy obszar o słabej widoczności i unosi się<br>w powietrzu do końca działania zaklęcia.<br><br>Każde stworzenie znajdujące się w całości w chmurze, na początku swojej tury, musi wykonać rzut obronny na Kondycję przeciw truciźnie. W przypadku niepowodzenia, zużywa swoją akcję w tej turze na walkę z nudnościami i zawrotami głowy. Istoty, które nie muszą oddychać lub są<br>niepodatne na trucizny, odnoszą w tym rzucie automatyczny sukces.<br><br>Umiarkowany wiatr (co najmniej 15 km/h), rozwiewa chmurę w ciągu 4 rund. Silny wiatr (co najmniej 30km/h), rozwiewa ją w ciągu 1 rundy.";"Czarownik"
"4";"ŚCIANA OGNIA (Czart)";" Wywoływanie, 4. krąg";" 1 akcja";" 36 metrów";" W, S, M (niewielki kawałek fosforu)";" Koncentracja, do 1 minuty";" Na stałej powierzchni w zasięgu czaru, wywołujesz ścianę ognia. Możesz nadać jej formę płaskiego muru o długości do 18 metrów, wysokości do 6 metrów i grubości 30 centymetrów, albo pierścienia o średnicy do 6 metrów, wysokości do 6 metrów i grubości 30 centymetrów. Ściana jest nieprzezroczysta i istnieje przez cały czas działania zaklęcia.<br><br>W momencie pojawienia się ściany, każda istota<br>przebywająca w jej obszarze, musi wykonać rzut obronny na Zręczność. W przypadku niepowodzenia, otrzymuje 5k8 obrażeń od ognia. Udany rzut zmniejsza obrażenia o połowę. Jedna ze stron ściany, wybierana podczas rzucania zaklęcia, zadaje 5k8 obrażeń każdemu stworzeniu, które kończy swoją turę po tej stronie w odległości do 3 metrów od ściany. Tyle samo obrażeń otrzymuje stworzenie wchodzące w obszar ściany po raz pierwszy w swojej turze, lub kończące w nim swoją turę. Druga strona ściany ognia nie zadaje obrażeń.<br><br> Na wyższych kręgach. Jeśli rzucasz ten czar, wykorzystując komórkę co najmniej 5. kręgu, za każdy krąg powyżej 4. zwiększasz zadawane obrażenia o 1k8.";"Czarownik"
"4";"TARCZA OGNIA (Czart)";" Wywoływanie, 4. krąg";" 1 akcja";" Na siebie";" W, S, M (kawałek fosforu lub świetlik)";" 10 minut";" Podczas działania czaru, twoje ciało spowijają cienkie pasma płomieni emanujące jasnym światłem w promieniu 3 metrów i słabym światłem w promieniu kolejnych 3 metrów. Możesz wygasić to zaklęcie w ramach swojej akcji.<br><br>W zależności od twego wyboru, płomienie tworzą ciepłą tarczę lub chłodną tarczę. Ciepła tarcza zapewnia odporność na obrażenia od zimna, zaś chłodna – na obrażenia od ognia.<br><br>Ponadto, za każdym razem, gdy istota znajdująca się 1,5 metra od ciebie trafia cię atakiem, otrzymuje 2k8 obrażeń od zimna lub ciepła, w zależności od wybranej tarczy.";"Czarownik"
"5";"KONSEKRACJA (Czart)";" Wywoływanie, 5. krąg";" 24 godziny";" Dotyk";" W, S, M (zioła,olejki i kadzidła o wartości co najmniej 1000sz, zużywane przez zaklęcie)";" rozproszenia";" Napełniasz obszar o promieniu do 18m świętą (lub nieświętą) mocą. Nie może pokrywać się z obszarem już konsekrowanym. Konsekrowany obszar podlega zasadom. 1.Nie mogą do niego wejść czarty, fey, niebianie, nieumarli i żywiołaki. Nie mogą oni też zauroczyć, przerazić lub opętać istot znajdujących się w jego obrębie. Istota przez nich zauroczona, przerażona lub opętana przestała taka być po wejściu w konsekrowany obszar. Możesz wyłączyć spod działania tego czaru wybrane typy wymienionych stworzeń. 2.Możesz nałożyć dodatkowy efekt na ten obszar (str. 226).";"Czarownik"
"5";"SŁUP OGNIA (Czart)";" Wywoływanie, 5. krąg";" 1 akcja";" 18 metrów";" W, S, M (szczypta siarki)";" Natychmiastowy";" We wskazane przez ciebie miejsce z rykiem uderza z nieba pionowa kolumna boskiego ognia. Każde stworzenie znajdujące się na obszarze w kształcie walca o promieniu 3 metrów i wysokości 12 metrów, z punktem wyjścia we wskazanym miejscu, musi wykonać rzut obronny na Zręczność. W przypadku niepowodzenia. otrzymanie 4k6 obrażeń od ognia i 4k6 obrażeń od światłości. Udany rzut zmniejsza obrażenia o połowę.<br><br>Na wyższych kręgach. Jeśli rzucasz ten czar,<br>wykorzystując komórkę co najmniej 6, kręgu, za każdy krąg powyżej 5. zwiększasz obrażenia od ognia albo światłości (wedle twojego wyboru) o 1k6.";"Czarownik"
"1";"FAŁSZYWE ŻYCIE (Wielki pradawny)";" Nekromancja, 1. krąg";" 1 akcja";" Na siebie";" W, S, M (niewielka ilość alkoholu lub spirytusu)";" 1 godzina";" Zyskujesz 1k4+4 tymczasowych PW na czas trwania czaru.<br><br>Na wyższych kręgach. Jeśli rzucasz ten czar, wykorzystując komórkę co najmniej 2. kręgu, za każdy krąg powyżej 1. zyskujesz 5 dodatkowych PW.";"Czarownik"
"1";"PROMIEŃ ZATRUCIA (Wielki pradawny)";" Nekromancja, 1. krąg";" 1 akcja";" 18 metrów";" W, S";" Natychmiastowy";" Ku istocie w zasięgu czaru mknie promień chorobliwie zielonej energii. Wykonaj atak dystansowy czarem. Przy trafieniu cel otrzymuje 2k8 obrażeń od trucizny i musi wykonać rzut obronny na Kondycję. W przypadku niepowodzenia zostaje zatruty do końca twojej następnej tury.<br><br>Na wyższych kręgach. Jeśli rzucasz ten czar,<br>wykorzystując komórkę co najmniej 2. kręgu, za każdy krąg powyżej 1. zwiększasz zadawane obrażenia o 1k8.";"Czarownik"
"2";"UROJONA SIŁA (Wielki pradawny)";" Iluzje, 2. krąg";" 1 akcja";" 18 metrów";" W, S, M (trochę runa)";" Koncentracja, do 1 minuty";" Wywołujesz iluzję w umyśle istoty, którą widzisz. Musi ona wykonać rzut obronny na Inteligencję. W przypadku niepowodzenia, tworzysz urojony obiekt, stworzenie lub inne zjawisko, które nie jest większe niż sześcian o boku 3m i widoczne tylko dla istoty będącej celem czaru. Zaklęcie nie działa na konstrukty i nieumarłych. Halucynację obejmuje również dźwięk, temperaturę i inne bodźce odbierane jedynie przez zaczarowaną istotę. Cel zaklęcia może przeznaczyć<br>swoją akcję na zbadanie widziadła i wykonanie testu Inteligencji (Śledztwo) o ST rzutu obronnego przeciw twoim czarom. Sukces oznacza, że rozpoznał iluzję i czar dobiega końca. Istota znajdująca się pod wpływem zaklęcia, traktuje jego wytwór jako realny. Próbuje racjonalizować jakiekolwiek luki w logice pojawiające się w interakcji z widziadłem. Omamiona istota jest tak pewna iluzorycznego tworu, że może nawet otrzymać od niego obrażenia. W każdej rundzie w twojej turze widziadło może zadać 1k6 obrażeń psychicznych omamionej istocie, jeśli znajduje się ona na jego obszarze lub w obrębie 1,5m od niego...<br><br>Podręcznik gracza str.275";"Czarownik"
"2";"WYKRYCIE MYŚLI (Wielki pradawny)";" Wieszczenie, 2. krąg";" 1 akcja";" Na siebie";" W, S, M (sztuka miedzi)";" Koncentracja, do 1 minuty";" Gdy rzucasz to zaklęcie oraz w ramach swojej akcji w każdej turze podczas jego trwania, możesz czytać w myślach istoty, którą widzisz w obrębie 9 metrów. Nie działa na istoty o Inteligencji mniejszej niż 4 lub nie znające żadnego języka. Wykorzystując swoją akcję, możesz przenieść uwagę na myślach innej istoty lub pogłębić myśli obecnego celu. Jeżeli badasz głębiej, cel wykonuje rzut obronny na Mądrość. W przypadku niepowodzenia – poznajesz jego motywację, stan emocjonalny i sprawę istotną w jego umyśle. Udany rzut obronny kończy działanie zaklęcia. Istota zdaje sobie sprawę, że badasz jej umysł. Jeśli nie przeniesiesz uwagi na umysł kogoś innego, to w ramach swojej akcji może ona wykonać z tobą test sporny na Inteligencję. Jeśli wygra, czar się kończy. <br>Przydatne podczas przesłuchań oraz do wykrywania obecności inteligentnych stworzeń, których nie widzisz. Możesz nasłuchiwać myśli w obrębie 9m od siebie...<br><br>Podręcznik gracza str.281";"Czarownik"
"3";"JASNOWIDZENIE (Wielki pradawny)";" Wieszczenie, 3. krąg";" 10 minut";" 1,5 kilometra";" W, S, M (fokus o wartości co najmniej 100 sz – wysadzany klejnotami róg do słuchania, albo szklane oko do patrzenia)";" Koncentracja, do 10 minut";" Tworzysz niewidzialny czujnik w zasięgu czaru, w miejscu ci znajomym (odwiedzonym lub widzianym wcześniej), albo nieznanym, ale oczywistym (np. za drzwiami, za rogiem, w zagajniku). Czujnik  pozostanie tam przez czas trwania czaru. Nie można go zaatakować ani poddać żadnemu działaniu. <br>Podczas rzucania zaklęcia, określasz typ zmysłu, jakim ma dysponować czujnik - słuch czy wzrok. Możesz potem używać zmysłu czujnika tak, jakbyś był na jego miejscu. W ramach swojej akcji, możesz przełączać się między słuchaniem a<br>patrzeniem. <br>Istoty potrafiące dostrzec czujnik (np. mające zdolność prawdziwego widzenia lub korzystające z efektów czaru widzenia niewidzialnego), widzą świetlistą, niematerialną kulę wielkości twojej pięści.";"Czarownik"
"3";"NADANIE WIADOMOŚCI (Wielki pradawny)";" Wywoływanie, 3. krąg";" 1 akcja";" Nieograniczony";" W, S, M (krótki kawałek cienkiego, miedzianego drutu)";" 1 runda";" Wysyłasz do znanej ci istoty krótką wiadomość, liczącą maksymalnie 25 słów. Usłyszy ją ona w głowie, a jeśli cię zna, rozpozna ciebie jako nadawcę. Może natychmiast udzielić ci odpowiedzi tą samą drogą. Zaklęcie umożliwia zrozumienie twojej wiadomości istotom o wartości Inteligencji co najmniej 1.<br><br>Wiadomość możesz nadać na dowolną odległość, również do innych sfer egzystencji, jednakże gdy adresat przebywa w innej sferze egzystencji, istnieje 5% ryzyka, że wiadomość nie dotrze.";"Czarownik"
"4";"CZARNE MACKI EVARDA (Wielki pradawny)";" Przywoływanie, 4. krąg";" 1 akcja";" 27 metrów";" W, S, M (fragment macki olbrzymiej ośmiornicy lub kałamarnicy)";" Koncentracja, do 1 minuty";" Przywołujesz wijące się czarne macki, które pokrywają kwadrat podłoża o boku 6 metrów w widocznym miejscu w zasięgu czaru. Obszar ten staje się trudnym terenem na czas trwania zaklęcia.<br><br>Istota wchodząca tam po raz pierwszy w swojej turze, albo rozpoczynająca tam swoją turę, musi wykonać rzut obronny na Zręczność. W przypadku niepowodzenia otrzymuje 3k6<br>obrażeń obuchowych i zostaje unieruchomiona aż do wygaśnięcia czaru. Unieruchomiona istota rozpoczynająca swoją turę na obszarze macek, otrzymuje 3k6 obrażeń obuchowych.<br><br>Istota pochwycona mackami, może w ramach swojej akcji próbować się uwolnić. W tym celu, musi zdać test Siły lub Zręczności (według swojego wyboru) o ST rzutu obronnego<br>przeciw twoim czarom.";"Czarownik"
"4";"DOMINACJA NAD BESTIĄ (Wielki pradawny)";" Uroki, 4. krąg";" 1 akcja";" 18 metrów";" W, S";" Koncentracja, do 1 minuty";" Jeśli bestia nie zda rzutu obronnego na Mądrość, zostanie zauroczona. Ma ułatwienie w tym teście, jeśli akurat walczyła z tobą lub twoimi sojusznikami. Będąc przytomnym, możesz wydawać telepatyczne polecenia zauroczonemu zwierzęciu. Możesz posłużyć się prostym i ogólnym rozkazem, takim jak: ,,Zaatakuj go, ,,Pobiegnij tam'' czy ,,Przynieś tamten przedmiot. Jeśli zwierzę po wypełnieniu polecenia nie otrzyma kolejnego, będzie ograniczało się do obrony własnej. W ramach swojej akcji możesz przejąć nad, zauroczonym zwierzęciem całkowitą kontrolę. Do końca twojej następnej tury, będzie wykonywało tylko wybrane przez ciebie akcje i nie zrobi niczego bez twojej zgody. Możesz zmusić je też do podjęcia reakcji, ale musisz na to zużyć również swoją. Za każdym razem, gdy zniewolone zwierzę otrzyma obrażenia, ponawia rzut obronny na Mądrość. Jeśli odniesie sukces, czar się kończy... <br>Podręcznik gracza str.219";"Czarownik"
"5";"DOMINACJA NAD OSOBĄ (Wielki pradawny)";" Uroki, 5. krąg";" 1 akcja";" 18 metrów";" W, S";" Koncentracja, do 1 minuty";" Próbujesz owładnąć umysł humanoidalnej istoty. Jeśli nie zda rzutu obronnego na Mądrość, zostanie zauroczona. Ma ułatwienie w tym teście, jeśli akurat walczyła z tobą lub twoimi sojusznikami. Będąc przytomnym, możesz wydawać telepatyczne polecenia zauroczonej istocie. Może to być prosty i ogólny rozkaz: „Zaatakuj go”, „Pobiegnij tam”, „Przynieś przedmiot”. Jeśli istota po wypełnieniu zadania nie otrzyma kolejnego, będzie ograniczała się do obrony własnej. W ramach swojej akcji możesz przejąć całkowitą kontrolę nad zauroczoną istotą. Do końca twojej następnej tury, będzie wykonywała tylko wybrane przez ciebie akcje i nie zrobi niczego bez twojej zgody. Przez ten czas możesz zmusić ją też do podjęcia reakcji, ale musisz na to zużyć również swoją. Za każdym razem, gdy zniewolona istota otrzyma obrażenia, ponawia rzut obronny na Mądrość. Jeśli odniesie sukces, czar się kończy. <br>Podręcznik gracza str.220";"Czarownik"
"5";"TELEKINEZA (Wielki pradawny)";" Przemiany, 5. krąg";" 1 akcja";" 18 metrów";" W, S";" Koncentracja, do 10 minut";" Możesz objąć zaklęciem obiekt lub istotę w zasięgu czaru i wywołać jeden z poniższych efektów. Możesz co rundę zmieniać cel (wtedy uwalniasz poprzedni od działania czaru), albo wpływać na ten sam cel.<br><br>*Istota. Wielka lub mniejsza. Wykonaj sporny test swojej cechy bazowej przeciw Sile istoty. Jeśli wygrasz, przenosisz ją maksymalnie o 9m. Cel jest unieruchomiony do końca twojej następnej tury. Możesz przeznaczyć swoją akcję na próbę utrzymania tego uścisku (ponowny test sporny).<br>*Obiekt. Nie więcej niż 500kg. Jeśli nie jest przez kogoś noszony lub trzymany, przemieszczasz go do 9m. Jeśli obiekt jest trzymany lub noszony, to musisz wykonać sporny test swojej cechy bazowej przeciw Sile tej istoty. Jeśli wygrywasz, to odrywasz obiekt od właściciela i możesz przemieścić go na odległość do 9 metrów w dowolnym kierunku, ale nie poza zasięg czaru. Trzymane telekinetyczne obiekty możesz<br>precyzyjnie kontrolować, co pozwala ci na użycie prostego narzędzia, otwarcie drzwi lub pojemnika, włożenie przedmiotu do otwartego pojemnika lub jego wyjęcie, albo wylanie zawartości fiolki.";"Czarownik"
"1";"FAŁSZYWE ŻYCIE (Bezśmiertny)";" Nekromancja, 1. krąg";" 1 akcja";" Na siebie";" W, S, M (niewielka ilość alkoholu lub spirytusu)";" 1 godzina";" Zyskujesz 1k4+4 tymczasowych PW na czas trwania czaru.<br><br>Na wyższych kręgach. Jeśli rzucasz ten czar, wykorzystując komórkę co najmniej 2. kręgu, za każdy krąg powyżej 1. zyskujesz 5 dodatkowych PW.";"Czarownik (Wybrżerze mieczy)"
"1";"PROMIEŃ ZATRUCIA (Bezśmiertny)";" Nekromancja, 1. krąg";" 1 akcja";" 18 metrów";" W, S";" Natychmiastowy";" Ku istocie w zasięgu czaru mknie promień chorobliwie zielonej energii. Wykonaj atak dystansowy czarem. Przy trafieniu cel otrzymuje 2k8 obrażeń od trucizny i musi wykonać rzut obronny na Kondycję. W przypadku niepowodzenia zostaje zatruty do końca twojej następnej tury.<br><br>Na wyższych kręgach. Jeśli rzucasz ten czar,<br>wykorzystując komórkę co najmniej 2. kręgu, za każdy krąg powyżej 1. zwiększasz zadawane obrażenia o 1k8.";"Czarownik (Wybrżerze mieczy)"
"2";"GŁUCHOTA/ŚLEPOTA (Bezśmiertny)";" Nekromancja, 2. krąg";" 1 akcja";" 9 metrów";" W";" 1 minuta";" Możesz pozbawić przeciwnika wzroku lub słuchu. Wybierasz istotę, którą widzisz w zasięgu czaru, musi ona wykonać rzut obronny na Kondycję. W przypadku niepowodzenia staje się oślepiona albo ogłuchła (zgodnie z twoim wyborem), na czas działania zaklęcia. Może ponawiać rzut obronny na Kondycję pod koniec każdy swoje tury, a gdy odniesie sukces, wyzwala się spod działania czaru.<br><br>Na wyższych kręgach. Jeśli rzucasz ten czar,<br>wykorzystując komórkę co najmniej 3. kręgu, za każdy krąg powyżej 2. możesz objąć tym zaklęciem dodatkową istotę.";"Czarownik (Wybrżerze mieczy)"
"2";"CISZA (Bezśmiertny)";" Iluzje, 2. krąg (rytuał)";" 1 akcja";" 36 metrów";" W, S";" Koncentracja, do 10 minut";" Wokół punktu znajdującego się w zasięgu czaru tworzysz sferę o promieniu 6 metrów.<br><br>Podczas trwania zaklęcia, nie może w niej powstać, ani przejść przez nią żaden dźwięk. istoty i obiekty znajdujące się w całości w tym obszarze są niepodatne na obrażenia od dźwięku i traktowane są jako ogłuchłe. <br><br>W obszarze działania czaru nie da się rzucać zaklęć z komponentem werbalnym.";"Czarownik (Wybrżerze mieczy)"
"3";"POZÓR ŚMIERCI (Bezśmiertny)";" Nekromancja, 3. krąg (rytuał)";" 1 akcja";" Dotyk";" W, S, M (szczypta cmentarnej ziemi)";" 1 godzina";" Dotykasz przychylnej istoty i wprowadzasz ją w stan nieodróżnialny od śmierci. <br><br>Przez cały czas trwania czaru, lub do chwili, w której wykorzystasz swoją akcję na dotknięcie celu i zakończenie czaru, istota nim objęta wydaje się martwa, co wykazuje każde zewnętrzne badanie oraz zaklęcie określające stan celu. Istota jest oślepiona i obezwładniona, a jej szybkość spada do 0. Ma odporność na wszelkie obrażenia poza psychicznymi. <br><br>Jeżeli cel był chory lub zatruty podczas rzucania zaklęcia, albo został zarażony lub zatruty w trakcie jego trwania, to działanie choroby bądź trucizny zostaje wstrzymane do zakończenia czaru.";"Czarownik (Wybrżerze mieczy)"
"3";"ROZMAWIANIE Z UMARŁYMI (Bezśmiertny)";" Nekromancja, 3. krąg";" 1 akcja";" 3 metry";" W, S, M (płonące kadzidło)";" 10 minut";" Budzisz namiastkę życia i rozumu w wybranych zwłokach znajdujących się w zasięgu czaru, dzięki czemu mogą odpowiadać na twoje pytania. Zwłoki muszą wciąż posiadać usta i nie mogą być nieumarłymi. Jeżeli zwłoki były celem tego zaklęcia w ciągu ostatnich 10 dni, to czar nie zadziała. <br><br>W czasie trwania czaru, możesz zadać zmarłemu do pięciu pytań. Zmarły wie jedynie to, co wiedział za życia, z uwzględnieniem znanych mu języków. Z reguły udziela odpowiedzi krótkich, zagadkowych lub powtarzających się odpowiedzi. Nie czuje się też zobligowany do mówienia prawdy, jeśli zachowujesz się wrogo, albo jeśli uzna cię za przeciwnika. Zaklęcie to nie  przywraca ciału duszy, lecz tylko je animuje. Z tego powodu, zmarły nie może zdobyć nowych<br>informacji, ani nie kojarzy niczego, co miało miejsce po jego śmierci. Nie może też snuć domysłów dotyczących przyszłości.";"Czarownik (Wybrżerze mieczy)"
"4";"AURA ŻYCIA (Bezśmiertny)";" Odpychanie, 4. krąg";" 1 akcja";" Na siebie (okrąg o promieniu 9 metrów)";" W";" Koncentracja, do 10 minut";" Promieniuje od ciebie życiodajna energia, która tworzy aurę o promieniu 9 metrów, przemieszczająca się wraz z tobą przez cały czas trwania czaru.<br><br>Wszystkie istoty w jej zasięgu, o ile nie są wrogie (włącznie z tobą), zyskują odporność na obrażenia nekrotyczne, a ich maksymalne PW nie mogą zostać zmniejszone.<br><br>Co więcej, żywe stworzenia niebędące wrogami, które rozpoczynają swoją turę w zasięgu aury, mając 0 PW, odzyskują 1 PW.";"Czarownik (Wybrżerze mieczy)"
"4";"OSŁONA PRZED ŚMIERCIĄ (Bezśmiertny)";" Odpychanie, 4. krąg";" 1 akcja";" Dotyk";" W, S";" 8 godzin";" Zapewniasz dotkniętej istocie częściową ochronę przed śmiercią.<br><br>Za pierwszym razem, gdy w efekcie otrzymanych obrażeń PW celu miałyby spaść do 0, zamiast tego spadają do 1, a zaklęcie się kończy.<br><br>Gdy w trakcie działania czaru, chroniona istota jest celem efektu, który zabiłby ją natychmiast bez zadawania obrażeń, to ten efekt nie działa na nią, a zaklęcie się kończy.";"Czarownik (Wybrżerze mieczy)"
"5";"LEGENDARNA WIEDZA (Bezśmiertny)";" Wieszczenie, 5. krąg";" 10 minut";" Na siebie";" W, S, M (kadzidło o wartości co najmniej 250sz, zużywane przez zaklęcie, oraz cztery skrawki kości słoniowej, każdy o wartości co najmniej 50 sz)";" Natychmiastowy";" Nazywasz lub opisujesz istotę, miejsce lub obiekt. Dzięki temu czarowi do twojej głowy napływa krótkie podsumowanie najistotniejszych przekazów na ich temat. Wiedza ta może bazować na krążących obecnie opowieściach, zapomnianych historiach, a nawet sekretach, które nigdy nie były szeroko znane. Jeżeli określona przez ciebie rzecz nie ma legendarnego znaczenia, to nie zdobywasz żadnych informacji. Im więcej już wiesz o celu zaklęcia, tym<br> dokładniejsze i konkretniejsze są uzyskiwane informacje...<br><br>Podręcznik gracza str.232<br>";"Czarownik (Wybrżerze mieczy)"
"5";"ZARAZA (Bezśmiertny)";" Nekromancja, 5. krąg";" 1 akcja";" Dotyk";" W, S";" 7 dni";" Wykonaj atak wręcz czarem przeciw stworzeniu w twojej strefie ataku. Przy trafieniu cel zostaje zatruty. Na koniec każdej swojej tury, zatruty cel zaklęcia musi wykonać rzut obronny na Kondycję. Po trzecim sukcesie, przestaje być zatruty, a zaklęcie się kończy. Jeśli cel poniesie trzy porażki, przestaje być zatruty, a ty wybierasz jedną z poniższych chorób. Cel ma ją do końca czasu trwania czaru. Zaklęcie wywołuje naturalnie występującą chorobę, zatem działają na nią zaklęcia i magiczne efekty usuwające choroby lub łagodzące ich przebieg. <br>*Leproza gnilna<br>*Ogień umysłu<br>*Plugawica <br>*Wstrząsówka<br>*Zaćma bolesna <br>*Wybroczność<br><br>Podręcznik gracza str.285";"Czarownik (Wybrżerze mieczy)"
"1";"GNIEWNE UGODZENIE (Cieniostrze)";" Wywoływanie, 1. krąg";" 1 akcja dodatkowa";" Na siebie";" W";" Koncentracja, do 1 minuty";" Twoje następne trafienie bronią białą w trakcie trwania zaklęcia, zadaje dodatkowo 1k6 obrażeń psychicznych. Ponadto, jeśli jego celem jest istota, musi ona zdać rzut obronny na Mądrość, albo będzie tobą przerażona aż do  wygaśnięcia czaru.<br><br>W ramach swojej akcji, cel zaklęcia może wykonać test Mądrości o ST rzutu obronnego przeciw twoim czarom, aby odzyskać rezon i zakończyć działanie zaklęcia.";"Czarownik (Xanatar)"
"1";"TARCZA (Cieniostrze)";" Odpychanie, 1. krąg";" 1 reakcja podejmowana, gdy trafia cię atak, lub stajesz się celem magicznego pocisku";" Na siebie";" W, S";" 1 runda";" Sprawiasz, że pojawia się przy tobie chroniąca cię bariera magicznej mocy. Do rozpoczęcia swojej następnej tury masz premię +5 do KP również przeciwko atakowi, na który reagujesz, oraz nie otrzymujesz obrażeń od magicznego pocisku.";"Czarownik (Xanatar)"
"2";"PIĘTNUJĄCE UGODZENIE (Cieniostrze)";" Wywoływanie, 2. krąg";" 1 akcja dodatkowa";" Na siebie";" W";" Koncentracja, do 1 minuty";" Przy następnym trafieniu atakiem w trakcie trwania czaru, twoja broń rozbłyska światłem gwiazd. Atak zadaje dodatkowo 2k6 obrażeń od światłości. Jeśli cel był niewidzialny, to staje się widoczny, gdyż zaczyna emanować słabym światłem w promieniu 1,5m. W czasie działania zaklęcia nie może się stać na powrót widzialnym.<br><br>Na wyższych kręgach. Jeśli rzucasz ten czar,<br>wykorzystując komórkę co najmniej 3. kręgu, za każdy krąg powyżej 2. zwiększasz dodatkowe obrażenia o 1k6.";"Czarownik (Xanatar)"
"2";"ROZMYCIE (Cieniostrze)";" Iluzje, 2. krąg";" 1 akcja";" Na siebie";" W";" Koncentracja, do 1 minuty";" Twoja sylwetka w oczach wszystkich, którzy cię widzą, staje się rozmyta, niestabilna i niewyraźna. Podczas działania czaru, przeciwnicy mają utrudnienie w testach ataku przeciwko tobie. Istota jest odporna na ten efekt, jeśli nie polega na wzorku, np. dzięki ślepowidzeniu, lub potrafi przejrzeć iluzję, np. dzięki zdolności prawdziwego widzenia.";"Czarownik (Xanatar)"
"3";"BROŃ ŻYWIOŁU (Cieniostrze)";" Przemiany, 3. krąg";" 1 akcja";" Dotyk";" W, S";" Koncentracja, do 1 godziny";" Dotykasz niemagicznej broni i sprawiasz, że staje się magiczna. Wybierz typ obrażeń: od dźwięku, elektryczności, kwasu, ognia albo zimna. Przez cały czas trwania czaru, broń zapewnia premię +1 do ataku oraz zadaje 1k4 obrażeń wybranego typu.<br><br>Na wyższych kręgach. Jeśli rzucasz ten czar,<br>wykorzystując komórkę kręgu 5. lub 6., premia do ataku wynosi +2, a dodatkowe obrażenia 2k4.<br>Gdy wykorzystujesz komórkę co najmniej 7. kręgu, premia wzrasta do +3, a dodatkowe obrażenia do 3k4.";"Czarownik (Xanatar)"
"3";"MIGNIĘCIE (Cieniostrze)";" Przemiany, 3. krąg";" 1 akcja";" Na siebie";" W, S";" 1 minuta";" W czasie trwania czaru pod koniec każdej swojej tury rzucasz k20. Gdy wypadnie co najmniej 11, znikasz ze sfery egzystencji, w której przebywałeś, i pojawiasz się w Sferze Eterycznej. (Czar nie działa, a jego komórka zostaje zużyta, jeśli znajdujesz się tam w chwili rzucania). Na początku twojej następnej tury i na koniec czasu trwania zaklęcia, jeśli przebywasz w Sferze Eterycznej, powracasz na wybrane przez siebie wolne miejsce, które widzisz w obrębie 3 metrów od punktu swojego zniknięcia. Jeśli na tym obszarze nie ma wolnego miejsca, pojawiasz się w najbliższym dostępnym (ustalanym losowo, jeśli dwa wolne miejsca są jednakowo blisko). W ramach swojej akcji możesz zakończyć<br>zaklęcie. <br><br>Przebywając w Sferze Eterycznej, widzisz i słyszysz, co się dzieje w sferze, z której przybyłeś, choć obraz ten jawi się w szarych barwach i widzisz jedynie na odległość 18 metrów. Możesz wchodzić w interakcje jedynie z istotami również przebywającymi w Sferze Eterycznej. Istoty ze sfery, z której zniknąłeś, nie mogą cię dostrzec ani wejść z tobą w interakcję, chyba że dysponują pozwalającą na to zdolnością.";"Czarownik (Xanatar)"
"4";"UROJONY ZABÓJCA (Cieniostrze)";" Iluzje, 4. krąg";" 1 akcja";" 36 metrów";" W, S";" Koncentracja, do 1 minuty";" Czerpiesz wprost z koszmarów wybranej istoty, którą widzisz w zasięgu czaru i tworzysz widoczne tylko dla niej iluzoryczne ucieleśnienie jej największych lęków.<br><br>Cel zaklęcia musi wykonać rzut obronny na Mądrość. W przypadku niepowodzenia, zostaje przerażony na czas trwania czaru.<br><br>Pod koniec każdej swojej tury, cel musi wykonać rzut obronny na Mądrość. W przypadku niepowodzenia, otrzymuje 4k10 obrażeń psychicznych. Udany rzut oznacza wyzwolenie się spod działania zaklęcia.<br><br>Na wyższych kręgach. Jeśli rzucasz ten czar,<br>wykorzystując komórkę co najmniej 5. kręgu, za każdy krąg powyżej 4., zwiększasz zadawane obrażenia o 1k10.";"Czarownik (Xanatar)"
"4";"WSTRZĄSAJĄCE UGODZENIE (Cieniostrze)";" Wywoływanie, 4. krąg";" 1 akcja dodatkowa";" Na siebie";" W";" Koncentracja, do 1 minuty";" Przy następnym trafieniu atakiem wręcz w trakcie trwania czaru, twoja broń ugodzi zarówno ciało, jak i ducha.<br><br>Twój cel otrzyma dodatkowo 4k6 obrażeń psychicznych. Jeśli nie zda rzutu obronnego na Mądrość, do końca swojej następnej tury będzie miał utrudnienie w testach ataku i testach cech, a także nie będzie mógł podjąć reakcji.";"Czarownik (Xanatar)"
"5";"STOŻEK ZIMNA (Cieniostrze)";" Wywoływanie, 5. krąg";" 1 akcja";" Na siebie (stożek o długości 18 metrów)";" W, S, M (niewielki kryształ albo szklany stożek)";" Natychmiastowy";" Z twoich dłoni bucha fala mrozu. Każda istota na obszarze stożka o długości 18 metrów, musi wykonać rzut obronny na Kondycję. W przypadku niepowodzenia, otrzymuje 8k8 obrażeń od zimna. Udany rzut zmniejsza obrażenia o połowę.<br><br>Istota zabita tym czarem, staje się zlodowaciałym posągiem do czasu, aż się roztopi.<br><br>Na wyższych kręgach. Jeśli rzucasz ten czar,<br>wykorzystując komórkę co najmniej 6. kręgu, za każdy krąg powyżej 5. zwiększasz zadawane obrażenia o 1k8.";"Czarownik (Xanatar)"
"5";"WYPĘDZAJĄCE UGODZENIE (Cieniostrze)";" Odpychanie, 5. krąg";" 1 akcja dodatkowa";" Na siebie";" W";" Koncentracja, do 1 minuty";" Przy następnym trafieniu atakiem w trakcie trwania czaru, twoja broń trzaska magiczną energią i zadaje dodatkowo 5k10 obrażeń od mocy. Ponadto, jeżeli tym atakiem zmniejszysz PW celu do 50 lub mniej, to zostaje on wypędzony.<br><br>Jeżeli pochodził z innej sfery egzystencji niż ta, w której przebywasz, to zniknie i powraca do swojej sfery macierzystej.<br><br>Natomiast jeżeli przeciwnik pochodzi ze sfery, w której się znajdujesz, to znika i pojawia się obezwładniony w neutralnej demisferze. Pozostaje tam do zakończenia czaru, po czym powraca w miejsce, z którego zniknął (lub najbliższe wolne).";"Czarownik (Xanatar)"
"1";"LECZENIE RAN (Niebianin)";" Wywoływanie, 1. krąg";" 1 akcja";" Dotyk";" W, S";" Natychmiastowy";" Istota, której dotykasz, odzyskuje punkty wytrzymałości w liczbie równej 1k8 + twój modyfikator z cechy bazowej. Czar nie działa na nieumarłych i kostuchy.<br><br>Na wyższych kręgach. Jeśli rzucasz ten czar,<br>wykorzystując komórkę co najmniej 2. kręgu, za każdy krąg powyżej 1. przywracasz dodatkowe 1k8 punktów wytrzymałości.";"Czarownik (Xanatar)"
"1";"POCISK WIODĄCY (Niebianin)";" Wywoływanie, 1. krąg";" 1 akcja";" 36 metrów";" W, S";" 1 runda";" Ku wybranej istocie w zasięgu czaru mknie świetlisty pocisk. Wykonaj atak dystansowy czarem. Trafiony cel otrzymuje 4k6 obrażeń od światłości, a następny atak przeciw niemu wykonany przed końcem twojej następnej tury ma ułatwienie, ponieważ cel jest podświetlony słabym, magicznym poblaskiem.<br><br>Na wyższych kręgach. Jeśli rzucasz ten czar,<br>wykorzystując komórkę co najmniej 2. kręgu, za każdy krąg powyżej 1., zwiększasz obrażenia o 1k6.";"Czarownik (Xanatar)"
"2";"MNIEJSZE PRZWRÓCENIE (Niebianin)";" Odpychanie, 2. krąg";" 1 akcja";" Dotyk";" W, S";" Natychmiastowy";" Dotykasz stworzenia i uwalniasz je od jednej dolegającej mu choroby bądź kończysz jeden ze stanów, w którym się znajduje - głuchoty, oślepienia, paraliżu albo zatrucia.";"Czarownik (Xanatar)"
"2";"PŁOMIENNA KULA (Niebianin)";" Przywoływanie, 2. krąg";" 1 akcja";" 18 metrów";" W, S, M (trochę łoju, szczypta siarki i pył żelazny)";" Koncentracja, do 1 minuty";" W wolnym miejscu wskazanym w zasięgu czaru, pojawia się kula o promieniu 1,5 metra i pozostaje tam przez czas trwania czaru. Istota kończąca swoją turę w obrębie 1,5 metra od niej, wykonuje rzut obronny na Zręczność. W przypadku niepowodzenia, otrzymuje 2k6 obrażeń od ognia. Udany rzut zmniejsza obrażenia o połowę. W ramach akcji dodatkowej, możesz przemieścić kulę na odległość do 9 metrów. Jeżeli staranujesz w ten sposób jakieś stworzenie, to musi ono wykonać rzut obronny przeciw obrażeniom zadawanym przez kulę, a ta zaprzestaje ruchu w tej turze.  Podczas przemieszczania kuli, możesz przekraczać nią przeszkody do 1,5 metra wysokości, oraz przeskakiwać nią doły czy przepaście nie szersze niż 3 metry. Kula podpala<br>palne obiekty, które nie są przez nikogo trzymane ani noszone. Świeci jasnym światłem na odległość 6 metrów i słabym na kolejne 6 metrów.";"Czarownik (Xanatar)"
"3";"OŻYWIENIE (Niebianin)";" Nekromancja, 3. krąg";" 1 akcja";" Dotyk";" W, S, M (diamenty o wartości 300 sz)";" Natychmiastowy";" Dotykasz istoty, która umarła w ciągu ostatniej minuty. Wraca do życia z 1 PW.<br><br>Przy pomocy tego zaklęcia nie można przywołać istoty zmarłej ze starości ani odtworzyć utraconych części ciała.";"Czarownik (Xanatar)"
"3";"ŚWIATŁO DNIA (Niebianin)";" Wywoływanie, 3. krąg";" 1 akcja";" 18 metrów";" W, S";" 1 godzina";" Z wybranego punktu w zasięgu czaru, wyłania się kula jasnego światła o promieniu 18m.<br><br>Jeśli jako cel zaklęcia wskażesz przedmiot, który trzymasz, albo taki, którego nie trzyma ani nie nosi ktoś inny, to światło dobywa się z tego przedmiotu i przemieszcza się wraz z nim. Można je stłumić, zakrywając całkowicie świecący obiekt czymś nieprzezroczystym, np miską lub hełmem.<br><br>W przypadku nawet częściowego nakładania się obszaru tego czaru na obszar ciemności stworzonej zaklęciem kręgu 3. lub niższego, zaklęcie tworzące ciemność zostaje rozproszone.";"Czarownik (Xanatar)"
"4";"STRAŻNIK WIARY (Niebianin)";" Przywoływanie, 4. krąg";" 1 akcja";" 9 metrów";" W";" 8 godzin";" W wybranym wolnym miejscu, które widzisz w zasięgu, pojawia się Duży widmowy strażnik, unoszący się w powietrzu przez czas trwania czaru i zajmujący to miejsce. Jego postać jest niewyraźna, poza błyszczącym mieczem i tarczą noszącą symbol tego bóstwa.<br><br>Każda wroga istota, która znajdzie się w obrębie 3 metrów od strażnika po raz pierwszy w swojej turze, musi wykonać rzut obronny na Zręczność. W przypadku niepowodzenia, otrzymuje 20 obrażeń od światłości. Udany rzut zmniejsza obrażenia o połowę.<br><br>Strażnik znika po zadaniu łącznie 60 punktów obrażeń.";"Czarownik (Xanatar)"
"4";"ŚCIANA OGNIA (Niebianin)";" Wywoływanie, 4. krąg";" 1 akcja";" 36 metrów";" W, S, M (niewielki kawałek fosforu)";" Koncentracja, do 1 minuty";" Na stałej powierzchni w zasięgu czaru, wywołujesz ścianę ognia. Możesz nadać jej formę płaskiego muru o długości do 18 metrów, wysokości do 6 metrów i grubości 30 centymetrów, albo pierścienia o średnicy do 6 metrów, wysokości do 6 metrów i grubości 30 centymetrów. Ściana jest nieprzezroczysta i istnieje przez cały czas działania zaklęcia.<br><br>W momencie pojawienia się ściany, każda istota<br>przebywająca w jej obszarze, musi wykonać rzut obronny na Zręczność. W przypadku niepowodzenia, otrzymuje 5k8 obrażeń od ognia. Udany rzut zmniejsza obrażenia o połowę. Jedna ze stron ściany, wybierana podczas rzucania zaklęcia, zadaje 5k8 obrażeń każdemu stworzeniu, które kończy swoją turę po tej stronie w odległości do 3 metrów od ściany. Tyle samo obrażeń otrzymuje stworzenie wchodzące w obszar ściany po raz pierwszy w swojej turze, lub kończące w nim swoją turę. Druga strona ściany ognia nie zadaje obrażeń.<br><br> Na wyższych kręgach. Jeśli rzucasz ten czar, wykorzystując komórkę co najmniej 5. kręgu, za każdy krąg powyżej 4. zwiększasz zadawane obrażenia o 1k8.";"Czarownik (Xanatar)"
"5";"SŁUP OGNIA (Niebianin)";" Wywoływanie, 5. krąg";" 1 akcja";" 18 metrów";" W, S, M (szczypta siarki)";" Natychmiastowy";" We wskazane przez ciebie miejsce z rykiem uderza z nieba pionowa kolumna boskiego ognia. Każde stworzenie znajdujące się na obszarze w kształcie walca o promieniu 3 metrów i wysokości 12 metrów, z punktem wyjścia we wskazanym miejscu, musi wykonać rzut obronny na Zręczność. W przypadku niepowodzenia. otrzymanie 4k6 obrażeń od ognia i 4k6 obrażeń od światłości. Udany rzut zmniejsza obrażenia o połowę.<br><br>Na wyższych kręgach. Jeśli rzucasz ten czar,<br>wykorzystując komórkę co najmniej 6, kręgu, za każdy krąg powyżej 5. zwiększasz obrażenia od ognia albo światłości (wedle twojego wyboru) o 1k6.";"Czarownik (Xanatar)"
"5";"WIĘKSZE PRZYWRÓCENIE (Niebianin)";" Odpychanie, 5. krąg";" 1 akcja";" Dotyk";" W, S, M (diamentowy pył o wartości co najmniej 100 sz, zużywany przez zaklęcie)";" Koncentracja, do 1 minuty";" Napełniasz dotkniętą istotę pozytywną energią i odwracasz jeden z osłabiających ją efektów, Możesz zmniejszyć jeden poziom jej zmęczenia albo zakończyć działanie jednego z poniższych efektów:<br><br>*Jednego efektu, który z spowodował jej zauroczenie lub skamienienie,<br><br>*Jednej klątwy, włączając w to połączenie z przeklętym magicznym przedmiotem,<br><br>*Dowolnego zmniejszenia wartości jednej z jej cech,<br><br>*Jednego efektu zmniejszającego jej maksymalne punkty wytrzymałości.";"Czarownik (Xanatar)"
"0";"GRZMOT";" Wywoływanie, sztuczka";" 1 akcja";" 1,5 metry";" S";" Natychmiastowy";" Tworzysz odgłos gromu słyszalny z odległości 30 metrów. Każde stworzenie znajdujące się w zasięgu czaru  (oprócz ciebie) musi wykonać rzut obronny na Kondycję. W przypadku niepowodzenia otrzymuje 1k6 obrażeń od dźwięku.<br><br>Obrażenia z tego zaklęcia zwiększają się o lk6, gdy osiągniesz 5. poziom (do 2k6), 11. poziom (do 3k6)i 17. poziom (do 4k6).";"Czarownik (XGE)"
"0";"MAGICZNY KAMYK";" Przemiany, sztuczka";" 1 akcja dodatkowa";" Dotyk";" W, S";" 1 minuta";"  Dotykasz od jednego do trzech kamyków i nasycasz je magią. Możesz wykonać atak dystansowy czarem, rzucając takim kamykiem lub strzelając nim Z procy. Może to również zrobić ktoś inny. Rzucony kamyk ma zasięg 18 metrów. Jeśli atak wykonuje ktoś inny, to do testu ataku dodaje twój modyfikator z cechy bazowej zamiast swojego własnego. Przy trafieniu cel otrzymuje obrażenia obuchowe w wysokości 1k6 + twój modyfikator z cechy bazowej. Następnie efekt na tym kamyku się kończy, niezależnie od tego, czy udało ci się trafić.<br><br>Ponowne rzucenie czaru powoduje zakończenie obecnego efektu na wszystkich kamykach wciąż objętych poprzednim czarem.";"Czarownik (XGE)"
"0";"ODMROŻENIE";" Wywoływanie, sztuczka";" 1 akcja";" 18 metrów";" W, S";" Natychmiastowy";"  Powodujesz, że porażający mróz otacza jedno stworzenie, które widzisz w zasięgu czaru. Cel musi wykonać rzut obronny na Kondycję. W przypadku niepowodzenia otrzymuje 1k6  obrażeń od zimna i ma utrudnienie w następnym teście ataku bronią wykonanym przed końcem swojej następnej tury.<br><br>Obrażenia z tego zaklęcia zwiększają się o 1k6,<br>gdy osiągniesz 5. poziom (do 2k6), ll. poziom (do 3k6) i 17. poziom (do 4k6).";"Czarownik (XGE)"
"0";"ROBACTWO";" Przywoływanie, sztuczka";" 1 akcja";" 9 metrów";" W, S, M (żywa pchła)";" Natychmiastowy";"  Powodujesz chwilowe pojawienie się chmury roztoczy, pcheł i innych pasożytów na istocie, którą widzisz w zasięgu czaru. Cel musi wykonać rzut obronny na Kondycje. W przypadku niepowodzenia otrzymuje 1k6 obrażeń od ,<br>trucizny przemieszcza się 1,5 metra w losowym kierunku, o ile może się poruszać, a jego szybkość wynosi co najmniej 1,5 metra. Określ kierunek, rzucając k4: 1 - północ, 2 -  południe, 3 - wschód, 4 - zachód. Ruch ten nie prowokuje ataków okazyjnych. Jeśli wybrany kierunek jest zablokowany, 15, to cel pozostaje w miejscu. 7<br><br>Obrażenia z tego zaklęcia zwiększają się o 1k6, .<br>gdy osiągniesz 5. poziom (do 2k6), 11. poziom (do 3k6) i 17. poziom (do 4k6)";"Czarownik (XGE)"
"0";"STWORZENIE OGNISKA";" Przywoływanie, sztuczka";" 1 akcja";" 18 metrów";" W, S";" Koncentracja, do 1 minuty";"  Tworzysz ognisko W miejscu na ziemi, które Widzisz w zasięgu czaru. Podczas trwania czaru magiczne ognisko wypełnia obszar sześcianu o boku 1,5 metra. Gdy rzucasz zaklęcie, każde stworzenie znajdujące się w przestrzeni zajmowanej przez ognisko musi wykonać rzut obronny na Zręczność. W przypadku niepowodzenia otrzymuje 1k8 obrażeń od ognia. Stworzenie musi wykonać rzut obronny również wtedy, gdy wchodzi w obszar ogniska po raz pierwszy w swojej turze lub kończy tam swoją turę.<br><br>Ognisko podpala łatwopalne obiekty w swoim obszarze, które nie są noszone ani trzymane.<br><br>Obrażenia z tego zaklęcia zwiększają się o 1k8,<br>gdy osiągniesz 5. poziom (do 2k8), 11. poziom (do 3k8) i 17. poziom (do 4k8).";"Czarownik (XGE)"
"0";"KOMU BIJE DZWON";" Nekromancja, sztuczka";" 1 akcja";" 18 metrów";" W, S";" Natychmiastowy";"  Wskazujesz stworzenie, które widzisz w zasięgu czaru - przez chwilę jego otoczenie rozbrzmiewa dźwiękiem żałobnego dzwonu. Cel musi wykonać rzut obronny na Mądrość. W przypadku niepowodzenia otrzymuje 1k8 obrażeń nekrotycznych. Jeśli aktualne punkty wytrzymałości celu są mniejsze od maksymalnych, to otrzymuje on 1k12 obrażeń nekrotycznych.<br><br>Obrażenia z tego zaklęcia zwiększają się o jedną kość, gdy osiągniesz 5. poziom (do 2k8 lub 2k12), 11. poziom (do 3k8 lub 3k12) i 17. poziom (do 4k8 lub 4k12).";"Czarownik (XGE)"
"1";"ZASTRASZENIE";" Nekromancja, 1. krąg";" 1 akcja";" 18 metrów";" W";" Koncentracja, do 1 minuty";"  Wywołujesz strach przed śmiercią u stworzenia, które widzisz w zasięgu czaru. Efekt nie działa na konstrukty i nieumarłych. Cel musi wykonać rzut obronny na Mądrość. W przypadku niepowodzenia zostaje przerażony tobą na czas trwania czaru. Pod koniec każdej swojej tury cel może powtórzyć rzut obronny. Udany rzut powoduje zakończenie efektu. <br><br>Na wyższych kręgach. Jeśli rzucasz ten czar, wykorzystując komórkę co najmniej 2. kręgu, za każdy krąg powyżej 1. możesz objąć działaniem czaru dodatkową istotę. Wszystkie cele muszą znajdować się w obrębie 9 metrów od siebie nawzajem w chwili rzucania czaru.";"Czarownik (XGE)"
"2";"CIENISTE OSTRZE";" Iluzje, 2. krąg";" 1 akcja dodatkowa";" Na siebie";" W, S";" Koncentracja, do 1 minuty";" Splatasz smugi cienia, które w twojej dłoni formują się w miecz z zestalonego mroku. Ten magiczny miecz istnieje do zakończenia czaru.Jest traktowany jak prosta broń biała, w której używaniu masz biegłość. Przy trafieniu zadaje 2k8 obrażeń psychicznych.Jest to broń finezyjna, lekka i rzucana (zasięg 6/18). Ponadto masz ułatwienie w teście ataku, gdy używasz miecza do zaatakowania celu znajdującego się w słabym świetle lub w ciemności. Jeśli rzucisz lub puścisz miecz, to znika on na końcu tury. Podczas trwania czaru w ramach akcji dodatkowej możesz sprawić, aby miecz pojawił się ponownie w twojej dłoni.<br><br> Na wyższych kręgach. Jeśli rzucasz ten czar,  wykorzystując komórkę 3. lub 4. kręgu, zwiększasz zadawane obrażenia do 3k8.Jeśli rzucasz go, wykorzystując komórkę 5. lub 6. kręgu, zwiększasz zadawane obrażenia do 4k8. Jeśli rzucasz go, wykorzystując komórkę co najmniej 7. kręgu, zwiększasz zadawane obrażenia do 5k8.";"Czarownik (XGE)"
"2";"MYŚLOWY CIERŃ";" Wieszczenie, 2. krąg";" 1 akcja";" 18 metrów";" S";" Koncentracja, do 1 godziny";"  Sięgasz do umysłu stworzenia, które widzisz w zasięgu czaru. Cel musi wykonać rzut obronny na Mądrość. W przypadku niepowodzenia otrzymuje 3k8 obrażeń psychicznych. Udany rzut zmniejsza obrażenia o połowę. Dodatkowo w przypadku niepowodzenia zawsze znasz położenie celu przez czas trwania czaru, o ile znajdujecie się W tej samej sferze egzystencji. Dzięki temu cel nie może  się przed tobą ukryć - nawet jeśli jest niewidzialny, ten stan nie zapewnia mu żadnych korzyści przeciw tobie. <br><br>Na wyższych kręgach. Jeśli rzucasz ten czar, wykorzystując komórkę co najmniej 3. kręgu, za każdy krąg powyżej 2. zwiększasz zadawane obrażenia o 1k8.";"Czarownik (XGE)"
"2";"UZIEMIENIE";" Przemiany, 2. krąg";" 1 akcja";" 90 metrów";" W";" Koncentracja, do 1 minuty";"  Wybierasz stworzenie, które widzisz w zasięgu czaru. Oplatają je żółte wstęgi magicznej energii. Cel musi wykonać rzut obronny na Siłę. W przypadku niepowodzenia jego szybkość lotu (jeśli ją posiada) spada do 0 na czas trwania czaru. Stworzenie znajdujące się W powietrzu - objęte działaniem tego czaru - opada bezpiecznie z prędkością 18 metrów na rundę do chwili zetknięcia z ziemią lub zakończenia czaru.";"Czarownik (XGE)"
"3";"GRZMIĄCY KROK";" Przywoływanie, 3. krąg";" 1 akcja";" 27 metrów";" W";" Natychmiastowy";"  Teleportujesz się w wolne miejsce, które widzisz w zasięgu czaru. Natychmiast po twoim zniknięciu z poprzednio zajmowanego przez ciebie miejsca rozlega się donośny huk, a każde stworzenie w obrębie 3 metrów od tego miejsca i musi wykonać rzut obronny na Kondycję. W przypadku niepowodzenia otrzymuje 3k10 obrażeń od dźwięku. Udany rzut zmniejsza obrażenia o połowę. Grzmot jest słyszalny z odległości 90 metrów.  Możesz przemieścić się razem z przedmiotami, których, łączny ciężar nie przekracza twojego udźwigu, a także zabrać ze sobą jedną przychylną istotę w rozmiarze nieprzekraczającym twojego, której wyposażenie nie przekracza jej udźwigu. W momencie rzucania czaru musi znajdować się ona nie dalej niż 1,5 metra od ciebie. Dodatkowo w obrębie 1,5 metra od twojego miejsca docelowego musi znajdować się drugie wolne miejsce, aby mogła się tam przenieść. W przeciwnym razie istota nie rusza się z miejsca.<br>Na wyższych kręgach. Jeśli rzucasz ten czar, wykorzystując komórkę co najmniej 4. kręgu, za każdy krąg powyżej 3. zwiększasz obrażenia o 1k10.";"Czarownik (XGE)"
"3";"MROWIE WROGOW";" Uroki, 3.krąg";" 1 akcja";" 36 metrów";" W, S";" Koncentracja, do 1 minuty";" Sięgasz do umysłu jednego stworzenia, które widzisz, i zmuszasz je do wykonania rzutu obronnego na Inteligencję. Stworzenie niepodatne na przerażenie automatycznie odnosi sukces w tym rzucie. W przypadku niepowodzenia traci zdolność odróżniania wrogów od przyjaciół ina czas trwania czaru uważa za wrogów wszystkie stworzenia, które widzi. Cel może powtórzyć rzut obronny za każdym razem, gdy otrzymuje obrażenia. Udany rzut powoduje zakończenie efektu. <br><br>Gdy objęte czarem stworzenie wybiera inną istotę jako cel ataku, czaru lub zdolności, za każdym razem musi określić go losowo spośród istot, które widzi w zasięgu. Gdy Zostanie sprowokowane przez wroga do wykonania ataku okazyjnego, to musi to zrobić, jeśli może.";"Czarownik (XGE)"
"3";"PRZYWOŁANIE POMNIEJSZYCH DEMONÓW";" Przywoływanie, 3. krąg";" 1 akcja";" 18 metrów";" W, S, M (fiołka świeżej krwi humanoida zabitego w ciągu ostatnich 24 godzin)";" Koncentracja, do 1 godziny";"  Wypowiadasz bluźniercze słowa, przywołując demony z chaosu Otchłani. Skorzystaj z poniższej tabeli, by wylosować, co się pojawia...<br><br>Przewodnik Xanathara po wszystkim str.162";"Czarownik (XGE)"
"4";"PRZYWOŁANIE WIĘKSZEGO DEMONA";" Przywoływanie, 4. krąg";" 1 akcja";" 18 metrów";" W, S, M (fiołka krwi humanoida zabitego w ciągu ostatnich 24 godzin)";" Koncentracja, do 1 godziny";"  Wypowiadasz bluźniercze słowa, przywołując demona z chaosu Otchłani. Wybierasz typ demona o stopniu wyzwania 5 lub niższym, na przykład cienistego demona lub barlgurę. Demon pojawia się w wolnym miejscu, które widzisz w zasięgu czaru. Znika, kiedy jego punkty wytrzymałości spadają do 0 lub gdy czar dobiega końca...<br><br>Przewodnik Xanathara po wszystkim str.163";"Czarownik (XGE)"
"4";"SKAŻONE PROMIENIOWANIE";" Wywoływanie, 4. krąg";" 1 akcja";" 36 metrów";" W, S";" Koncentracja, do 10 minut";"  Słabe, zielonkawe światło rozchodzi się w obszarze sfery. O promieniu 9 metrów i środku w wybranym przez ciebie miejscu w zasięgu czaru. Światło sięga za załomy i utrzymuje się do zakończenia czaru.  <br><br>Gdy stworzenie wchodzi w ten obszar po raz pierwszy w swojej turze lub rozpoczyna w nim swoją turę, musi wykonać rzut obronny na Kondycję. W przypadku niepowodzenia otrzymuje 4k10 obrażeń od światłości i jeden poziom wyczerpania, a także zaczyna świecić słabym, zielonkawym światłem w promieniu 1,5 metra. To światło uniemożliwia mu czerpanie korzyści z bycia niewidzialnym. Światło i poziomy wyczerpania znikają, gdy czar dobiega końca. ";"Czarownik (Xanathar"
"4";"SPOWICIE CIENIEM";" Nekromancja, 4. krąg";" 1 akcja";" Na siebie";" W, S, M (gałka oczna nieumarłego zamknięta w klejnocie o wartości co najmniej 150 sz)";" Koncentracja, do 1 minuty";"  Cienie przypominające płomienie oplatają twoje ciało. Podczas trwania czaru tworzą one bezpośrednio na tobie obszar pozbawiony widoczności. W obrębie 3 metrów od ciebie cienie zmieniają słabe światło w całkowitą ciemność, a jasne światło - w słabe.<br><br>Podczas trwania czaru masz odporność na obrażenia od światłości. Ponadto za każdym razem, gdy stworzenie znajdujące się W obrębie 3 metrów od ciebie trafia cię atakiem, cienie smagające w odwecie, zadając mu 2k8 obrażeń nekrotycznych.";"Czarownik (XGE)"
"4";"ZAUROCZENIE POTWORA";" Uroki, 4. krąg";" 1 akcja";" 9 metrów";" W, S";" 1 godzina";" Próbujesz zauroczyć stworzenie, które widzisz w zasięgu czaru. Musi ono wykonać rzut obronny na Mądrość, w którym ma ułatwienie, jeśli walczy z tobą lub którymś z twoich towarzyszy. przypadku niepowodzenia zostaje przez ciebie zauroczone na czas trwania zaklęcia lub do momentu, w którym ty lub któryś twoich towarzyszy   zadziałacie na jego szkodę. Zauroczone stworzenie jest przyjazne wobec ciebie. Gdy czar dobiega końca, cel ma świadomość, że został przez ciebie zauroczony. <br><br>Na wyższych kręgach. Jeśli rzucasz ten czar, wykorzystując komórkę co najmniej 5. kręgu, za każdy krąg powyżej 4. możesz objąć czarem dodatkową istotę. Wszystkie cele muszą znajdować się w obrębie 9 metrów od siebie nawzajem w chwili rzucania czaru.";"Czarownik (XGE)"
"4";"ŻYWIOŁ ZGUBY";" Przemiany, 4. krąg";" 1 akcja";" 27 metrów";" W, S";" Koncentracja, do 1 minuty";"  Wybierasz stworzenie, które widzisz w zasięgu czaru, i jeden z następujących typów obrażeń: od dźwięku, elektryczności, kwasu, ognia albo zimna. Cel musi wykonać rzut obronny na Kondycję. W przypadku niepowodzenia zostaje objęty działaniem czaru na czas jego trwania. Gdy cel będący pod wpływem tego czaru po raz pierwszy w każdej turze otrzymuje obrażenia wybranego typu, otrzymuje dodatkowo 2k6 obrażeń tego samego typu. Co więcej, na czas trwania czaru cel traci odporność na ten typ obrażeń.<br><br>Na wyższych kręgach. Jeśli rzucasz ten czar, wykorzystując komórkę co najmniej 5. kręgu, za każdy krąg powyżej 4. 7 możesz objąć czarem dodatkową istotę. Wszystkie cele muszą znajdować się w obrębie 9 metrów od siebie nawzajem w chwili rzucania czaru.";"Czarownik (XGE)"
"5";"DALEKI KROK";" Przywoływanie, 5. krąg";" 1 akcja dodatkowa";" Na siebie";" W";" Koncentracja, do 1 minuty";"  Teleportujesz się w wolne miejsce, które widzisz w obrębie 18 metrów od siebie. W każdej swojej turze podczas trwania czaru możesz teleportować się w ten sposób w ramach akcji dodatkowej.";"Czarownik (XGE)"
"5";"DANSE MACABRE";" Nekromancja, 5. krąg";" 1 akcja";" 18 metrów";" W, S";" Koncentracja, do 1 godziny";"  Pasma mrocznej energii strzelają z twoich palców i przeszywają do pięciu Małych lub Średnich zwłok, które widzisz w zasięgu czaru. Wszystkie ciała natychmiast wstają i stają się nieumarłymi. Decydujesz, czy są to zombi, czy szkielety (ich statystyki znajdziesz w Księdze Potworów. Otrzymują one premię do testów ataku i rzutów na obrażenia równą modyfikatorowi z twojej cechy bazowej. <br><br>W ramach akcji dodatkowej możesz mentalnie rozkazywać istotom stworzonym tym czarem, wydając wszystkim ten sam rozkaz. Aby go otrzymać, istota musi się znajdować : w obrębie 18 metrów od ciebie. Decydujesz o tym, dokąd się przemieszczą i jakie akcje wykonają istoty w swojej następnej turze, albo wydajesz ogólne polecenie, na przykład strzeżenia komnaty czy korytarza przed wrogami. Jeśli nie wydasz istotom żadnego rozkazu, ograniczą się do bronienia się przed wrogimi stworzeniami. Otrzymawszy polecenie, będą je wypełniały aż do ukończenia zadania... <br><br>Przewodnik Xanathara po wszystkim str.152";"Czarownik (XGE)"
"5";"ODEBRANIE SIŁ";" Nekromancja, 5. krąg";" 1 akcja";" 18 metrów";" W, S";" Koncentracja, do 1 minuty";"  Wić atramentowej ciemności sięga od ciebie ku stworzeniu,  które widzisz w zasięgu czaru, by wyssać z niego życie.  Cel musi wykonać rzut obronny na Zręczność. Przy udanym rzucie otrzymuje 2k8 obrażeń nekrotycznych, a zaklęcie dobiega końca. W przypadku niepowodzenia cel  otrzymuje 4k8 obrażeń nekrotycznych i przez czas trwania  czaru możesz W ramach akcji w każdej swojej turze automatycznie zadać mu 4k8 obrażeń nekrotycznych. Zaklęcie się kończy, jeśli wykorzystasz swoją akcję do czegokolwiek innego lub jeśli twój cel znajdzie się poza jego zasięgiem albo za całkowitą osłoną.  Za każdym razem, gdy czar zadaje celowi obrażenia, odzyskujesz punkty wytrzymałości równe połowie otrzymanych przez cel obrażeń nekrotycznych.Na wyższych kręgach. Jeśli rzucasz ten czar, wykorzystując komórkę co najmniej 6. kręgu, za każdy krąg powyżej 5. zwiększasz zadawane obrażenia o 1k8.";"Czarownik (XGE)"
"5";"PIEKIELNE WEZWANIE";" Przywoływanie, 5. krąg";" 1 minuta";" 27 metrów";" W, S, M (rubin o wartości co najmniej 999 sz)";" Koncentracja, do 1 godziny";"  Wypowiadając mroczną inkantację, wzywasz diabła z Dziewięciu Piekieł. Wybierasz typ diabła o stopniu wyzwania 6 lub niższym, na przykład haczykowatego diabla lub brodatego diabła. Pojawia się on w wolnym miejscu, które widzisz w zasięgu czaru. Znika, kiedy jego punkty wytrzymałości spadają do 0 lub gdy czar dobiega końca. <br><br>Diabeł jest nastawiony wrogo do ciebie i twoich towarzyszy. Wykonujesz za niego rzut na inicjatywę, gdyż działa w swoich własnych turach. Znajduje się on pod kontrolą MP i podczas swoich tur zachowuje się zgodnie ze swoją naturą. Może to oznaczać, że cię zaatakuje - jeśli uzna, że ma szansę wygrać - albo spróbuje nakłonić cię do złego w zamian za niewielką przysługę. MP dysponuje statystykami przywołanego stworzenia.<br>Przewodnik Xanathara po wszystkim str.159";"Czarownik (XGE)"
"5";"SZUM SYNAPTYCZNY";" Uroki, 5. krąg";" 1 akcja";" 36 metrów";" W, S";" Natychmiastowy";" Wybierasz punkt, który widzisz w zasięgu czaru, i wywołujesz w tym miejscu wybuch psychicznej energii. Każde stworzenie w obszarze sfery o promieniu 6 metrów i środku w tym punkcie musi wykonać rzut obronny na Inteligencję. Czar nie działa na stworzenia o Inteligencji 2 lub niższej. W przypadku niepowodzenia cel otrzymuje 8k6 obrażeń psychicznych. Udany rzut zmniejsza obrażenia o połowę.<br><br>W przypadku niepowodzenia stworzenie ma również ”,problemy z pozbieraniem myśli przez 1 minutę. Za każdym razem, gdy wykonuje w tym okresie test ataku, test cechy lub rzut obronny na Kondycję, aby utrzymać koncentracje odejmuje k6 od wyniku. Pod koniec każdej swojej tury cel może powtórzyć rzut obronny na Inteligencję. Udany rzut powoduje zakończenie efektu.";"Czarownik (XGE)"
"5";"ŚCIANA ŚWIATŁA";" Wywoływanie, 5. krąg";" 1 akcja";" 36 metrów";" W, S, M (ręczne lusterko)";" Koncentracja, do 10 minut";"  Lśniąca ściana jasnego światła pojawia się w punkcie, który widzisz w zasięgu czaru. Wybierasz jej ustawienie - poziomo, pionowo lub pod innym kątem. Może unosić się swobodnie lub spoczywać na stałej powierzchni. Ściana może mieć do 18 metrów długości, do 3 metrów wysokości i do 1,5 metra grubości. Blokuje pole widzenia, ale nie możliwość ruchu stworzeń i obiektów. Świeci jasnym światłem w promieniu 36 metrów i słabym światłem w promieniu kolejnych 36 metrów. <br><br>W momencie pojawienia się ściany każde stworzenie przebywające w jej obszarze musi wykonać rzut obronny na Kondycję. W przypadku niepowodzenia otrzymuje 4k8 obrażeń od światłości i zostaje oślepione na 1 minutę. Udany rzut zmniejsza obrażenia o połowę i zapobiega oślepieniu. Pod koniec każdej swojej tury oślepione stworzenie może powtórzyć rzut obronny. Udany rzut powoduje zakończenie efektu. Stworzenie kończące swoją turę w obszarze ściany otrzymuje 4k8 obrażeń od światłości...<br>Przewodnik Xanathara po wszystkim str.166";"Czarownik (XGE)"
"5";"WYLEW NEGATYWNEJ ENERGII";" Nekromancja, 5. krąg";" 1 akcja";" 18 metrów";" W, M (złamana kość i kwadrat czarnego jedwabiu)";" Natychmiastowy";"  Wysyłasz wstęgi negatywnej energii ku stworzeniu, które widzisz w zasięgu czaru. Jeśli cel nie jest nieumarłym, musi wykonać rzut obronny na Kondycję. W przypadku niepowodzenia otrzymuje 5k12 obrażeń nekrotycznych. Udany rzut zmniejsza obrażenia o połowę. Cel zabity tymi obrażeniami powstaje jako zombi na początku twojej następnej tury. Zombie ściga najbliższą istotę, którą widzi. Jego statystyki znajdziesz w Księdze Potworów.<br><br>Jeśli celem tego czaru jest nieumarły, to nie wykonuje on rzutu obronnego. Zamiast tego rzuć 5k12. Cel zyskuje tymczasowe punkty wytrzymałości równe połowie tej wartości.";"Czarownik (XGE)"
"6";"INWESTYTURA KAMIENIA";" Przemiany, 6. krąg";" 1 akcja";" Na siebie";" W, S";" Koncentracja, do 10 minut";"  Podczas trwania czaru twoje ciało pokrywa warstwa kamieni i zyskujesz następujące korzyści:<br>-Masz odporność na obrażenia cięte, kłute i obuchowe z niemagicznych ataków.<br>-W ramach akcji możesz wywołać małe trzęsienie ziemi w promieniu 4,5 metra wokół siebie. Inne stworzenia znajdujące się na ziemi w tym obszarze muszą wykonać rzut obronny na Zręczność. W przypadku niepowodzenia zostają powalone.<br>-Pokonywanie trudnego terenu spowodowanego ziemią lub skałą nie kosztuje cię dodatkowej szybkości. Możesz przechodzić przez ubitą ziemię lub litą skałę jak przez powietrze bez naruszania ich struktury, ale nie możesz zakończyć w nich swojego ruchu. Jeśli to zrobisz, zostajesz wypchnięty w najbliższe wolne miejsce i ogłuszony do końca swojej następnej tury, a zaklęcie dobiega końca. ";"Czarownik (XGE)"
"6";"INWESTYTURA LODU";" Przemiany, 6. krąg";" 1 akcja";" Na siebie";" W, S";" Koncentracja, do 10 minut";"  Podczas trwania czaru twoje ciało pokrywa warstwa szronu i zyskujesz następujące korzyści:<br>-Masz niepodatność na obrażenia od zimna i odporność na obrażenia od ognia.<br>-Pokonywanie trudnego terenu spowodowanego lodem lub śniegiem nie kosztuje cię dodatkowej szybkości.<br>-Obszar w promieniu 3 metrów od ciebie pokrywa się , lodem i stanowi trudny teren dla wszystkich stworzeń oprócz ciebie. Obszar ten przemieszcza się wraz z tobą.<br>-W ramach akcji możesz wyciągnąć rękę w wybranym kierunku i stworzyć stożek lodowatego wiatru o długości 4,5 metra. Każde stworzenie w tym obszarze musi wykonać rzut obronny na Kondycję, W Przypadku niepowodzenia otrzymuje 4k6 obrażeń od zimna. Udany rzut zmniejsza obrażenia o połowę. Szybkość stworzenia, które poniosło porażkę w rzucie obronnym, zmniejsza się o połowę do początku twojej następnej tury.";"Czarownik (XGE)"
"6";"INWESTYTURA OGNIA";" Przemiany, 6. krąg";" 1 akcja";" Na siebie";" W, S";" Koncentracja, do 10 minut";"  Twoje ciało pokrywają płomienie, które emanują jasnym światłem w promieniu 9 metrów i słabym światłem w promieniu kolejnych 9 metrów przez czas trwania czaru. Płomienie nie wyrządzają ci krzywdy. Podczas trwania czaru zyskujesz następujące korzyści:<br>-Masz niepodatność na obrażenia od ognia i odporność na obrażenia od zimna.<br>-Każde stworzenie wchodzące po raz pierwszy w swojej turze w obszar w obrębie 1,5 metra od ciebie lub kończące tam swoją turę otrzymuje 1k10 obrażeń od ognia. <br>-W ramach akcji możesz stworzyć linię ognia - w kształcie prostej o długości 4,5 metra i szerokości 1,5 metra rozciągającą się od ciebie w wybranym kierunku. Każde stworzenie, które znajdzie się w tym obszarze, musi wykonać rzut obronny na Zręczność. W przypadku niepowodzenia otrzymuje 4k8 obrażeń od ognia. Udany rzut zmniejsza obrażenia o połowę.";"Czarownik (XGE)"
"6";"INWESTYTURA WIATRU";" Przemiany, 6. krąg";" 1 akcja";" Na siebie";" W, S";" Koncentracja, do 10 minut";"  Podczas trwania czaru wokół ciebie wiruje wiatr i zyskujesz następujące korzyści:<br>-Testy ataków dystansowych bronią przeciw tobie są wykonywane z utrudnieniem.<br>-Masz szybkość lotu 18 metrów. Jeśli zaklęcie dobiega końca, a ty nadal znajdujesz się w powietrzu, spadasz, chyba że możesz jakoś temu zapobiec. <br>-W ramach akcji możesz stworzyć sześcian wirującego wiatru o boku 4,5 metra i środku w punkcie, który widzisz w obrębie 18 metrów od siebie. Każde stworzenie w tym obszarze musi wykonać rzut obronny na Kondycję. W przypadku niepowodzenia otrzymuje 2k10 obrażeń obuchowych. Udany rzut zmniejsza obrażenia o połowę. Jeśli Duże lub mniejsze stworzenie poniesie porażkę w rzucie obronnym, to zostaje również odepchnięte na odległość do 3 metrów od środka sześcianu.";"Czarownik (XGE)"
"6";"MENTALNE WIĘZIENIE";" Iluzje, 6. krąg";" 1 akcja";" 18 metrów";" S";" Koncentracja, do 1 minuty";"  Próbujesz zamknąć stworzenie w iluzorycznej celi, którą widzi tylko ono. Wybrana istota w zasięgu czaru musi wykonać rzut obronny na Inteligencję. Cel niepodatny na zauroczenie automatycznie odnosi sukces w tym rzucie. Udany rzut powoduje, że cel otrzymuje 5k10 obrażeń psychicznych, a zaklęcie dobiega końca. W przypadku niepowodzenia cel otrzymuje 5k10 obrażeń psychicznych, a obszar bezpośrednio wokół niego wydaje mu się nagle niebezpieczny z jakiegoś powodu. Możesz sprawić, że cel będzie widział otaczające go płomienie, latające w powietrzu brzytwy lub przeraźliwe paszcze najeżone kłami. Bez  względu na formę iluzji cel nie widzi ani nie słyszy niczego poza nią i zostaje unieruchomiony na czas trwania czaru Jeśli zostanie przemieszczony poza iluzję, wykona przez nią atak wręcz albo któraś część jego ciała przejdzie przez iluzję, to cel otrzymuje 10k10 obrażeń psychicznych a zaklęcie dobiega końca";"Czarownik (XGE)"
"6";"ROZRZUCENIE";" Przywoływanie, 6. krąg";" 1 akcja";" 9 metrów";" W";" Natychmiastowy";"  Powietrze wibruje wokół maksymalnie pięciu wybranych stworzeń, które widzisz w zasięgu czaru. Jeśli cel chce się oprzeć działaniu zaklęcia, musi wykonać udany rzut obronny na Mądrość. Teleportujesz każdy cel objęty zaklęciem na wolne miejsce, które widzisz w obrębie 36 metrów od ciebie. Miejsce to musi znajdować się na ziemi lub innym podłożu.";"Czarownik (XGE)"
"6";"WIĘZIENIE DUSZY";" Nekromancja, 6. krąg";" 1 reakcja, podejmowana w odpowiedzi na śmierć humanoida, którego widzisz w obrębie 18 metrów od ciebie";" 18 metrów";" W, S, M (malutka srebrna klatka o wartości 100 sz)";" 8 godzin";"  To zaklęcie porywa duszę umierającego humanoida i więzi ją w niewielkiej klatce będącej komponentem materialnym czaru. Skradziona dusza pozostaje w klatce na czas trwania czaru lub dopóki nie zniszczysz klatki, co zakończy zaklęcie. Dopóki dusza znajduje się w klatce, możesz wykorzystać ją w jeden z następujących sposobów. Możesz to zrobić maksymalnie sześć razy. Po szóstym razie dusza zostaje uwolniona, a czar dobiega końca. Kiedy dusza jest uwięziona, nie da się ożywić martwego humanoida, z którego pochodzi...<br><br>Xanathara przewodnik po wszystkim str.169<br>";"Czarownik (XGE)"
"7";"GWIEŻDZISTA KORONA";" Wywoływanie, 7 krąg";" 1 akcja";" Na siebie";" W, S";" 1 godzina";"  Siedem świetlistych iskier przypominających gwiazdy  pojawia się i krąży wokół twojej głowy przez czas trwania czaru. W ramach akcji dodatkowej możesz wysłać jedną  z nich w stronę stworzenia lub obiektu znajdującego się w obrębie 36 metrów od ciebie. Gdy to robisz, wykonaj atak dystansowy czarem. Przy trafieniu cel otrzymuje 4k12 obrażeń od światłości. Niezależnie od tego, czy udało ci się trafić, iskra zostaje zużyta. Czar kończy się szybciej, gdy wykorzystasz ostatnią iskrę.  Jeśli masz przy sobie co najmniej cztery iskry, świecą one jasnym światłem w promieniu 9 metrów i słabym światłem w promieniu kolejnych 9 metrów. Jeśli jest ich od jednej do trzech, świecą słabym światłem w promieniu 9 metrów.<br>Na wyższych kręgach. Jeśli rzucasz ten czar, wykorzystując komórkę co najmniej 8. kręgu, za każdy krąg powyżej 7. zwiększasz liczbę stworzonych iskier o 2. ";"Czarownik (XGE)"
"7";"SŁOWO MOCY BÓL";" Uroki, 7. krąg";" 1 akcja";" 18 metrów";" W";" Natychmiastowy";"  Wypowiadasz słowo mocy wywołujące fale intensywnego bólu u stworzenia, które widzisz w zasięgu czaru. Jeśli cel ma do 100 punktów wytrzymałości, zostaje przytłoczony obezwładniającym bólem. W przeciwnym wypadku czar nie przynosi efektu. Zaklęcie nie działa również na stworzenia niepodatne na zauroczenie.<br><br>Podczas gdy cel jest dotknięty bólem, jego szybkość może wynosić maksymalnie 3 metry. Ma on również utrudnienie w testach ataku, testach cech i rzutach obronnych (poza rzutami obronnymi na Kondycję). Co więcej, jeśli próbuje rzucić czar, musi najpierw wykonać rzut obronny na Kondycję. W przypadku niepowodzenia czar się nie udaje, a komórka czaru zostaje zużyta.<br><br>Pod koniec każdej swojej tury cel dotknięty bólem może wykonać rzut obronny na Kondycję. Udany rzut kończy działanie czaru.";"Czarownik (XGE)"
"8";"CIEMNOŚĆ OBŁĘDU";" Wywoływanie, 8. krąg";" 1 akcja";" 45 metrów";" W, M (kropla smoły zmieszana z kroplą rtęci)";" Koncentracja, do 10 minut";"  Wskazujesz punkt w zasięgu czaru i wysnuwasz z niego magiczną ciemność, wypełniając nią na czas trwania czaru sferę o promieniu 18 metrów. Ciemność sięga za załomy. Stworzenia mające zdolność widzenia w ciemności nie mogą jej przejrzeć. Nie może jej rozświetlić niemagiczne światło ani światło stworzone czarem kręgu 8.<br>lub niższego. <br><br>W obszarze tym słychać wrzaski, bełkot i szaleńczy śmiech. Za każdym razem, gdy stworzenie zaczyna tam swoją turę, musi wykonać rzut obronny ma Mądrość. W przypadku niepowodzenia otrzymuje 8k8 obrażeń  psychicznych. Udany rzut zmniejsza obrażenia o połowę.";"Czarownik (XGE)"
"9";"PSYCHICZNY WRZASK";" Uroki, 9. krąg";" 1 akcja";" 27 metrów";" S";" Natychmiastowy";" Wyzwalasz moc swojego umysłu, by uderzyć W jaźń maksymalnie dziesięciu wybranych stworzeń, które widzisz w zasięgu czaru. Zaklęcie nie działa na stworzenia o Inteligencji 2 lub niższej.<br><br> Każdy cel musi wykonać rzut obronny na Inteligencję. W przypadku niepowodzenia otrzymuje 14k6 obrażeń psychicznych i zostaje ogłuszony. Udany rzut zmniejsza obrażenia o połowę i zapobiega ogłuszeniu. Jeśli cel zostanie zabity tymi obrażeniami, jego głowa eksploduje (o ile ją ma).<br><br>Pod koniec każdej swojej tury ogłuszony cel może wykonać rzut obronny na Inteligencję. Udany rzut powoduje zakończenie ogłuszenia.";"Czarownik (XGE)"
