"0";"KUGLARSTWO";" Przemiany, sztuczka";" 1 akcja";" 3 metry";" W, S";" Do 1 godziny";" Wywołujesz jeden z magicznych efektów:<br>1. Sensoryczny, np.: deszcz iskier, podmuch wiatru, muzyka lub dziwaczny zapach.<br>2. Natychmiast gasisz/zapalasz świecę, pochodnię lub małe ognisko.<br>3. Natychmiast oczyszczasz/brudzisz obiekt o objętości do 27 litrów.<br>4. Na godzinę schładzasz, podgrzewasz lub nadajesz smak nieożywionej materii o objętości do 27 litrów.<br>5. Sprawiasz, że na obiekcie lub powierzchni, na godzinę pojawia się określony kolor, znak lub symbol.<br>6. Tworzysz niemagiczną błyskotkę/iluzoryczny obraz, mieszczący się w twojej dłoni, będącą widoczną do twojej następnej tury.<br>Jeśli rzucisz to zaklęcie wiele razy, możesz jednocześnie utrzymać do trzech spośród nienatychmiastowych efektów, a w ramach akcji możesz odwołać pojedynczy efekt.";"Mag"
"0";"KWASOWY ROZPRYSK";" Przywoływanie, sztuczka";" 1 akcja";" 18 metrów";" W, S";" Natychmiastowy";" Ciskasz bąblem kwasu. Wybierz jedną lub dwie istoty, które widzisz, oddalone od siebie najwyżej o 1,5 metra. Cel musi wykonać rzut obronny na Zręczność. W przypadku niepowodzenia, otrzymuje 1k6 obrażeń od kwasu.<br><br>Obrażenia z tego zaklęcia zwiększają się o 1k6, gdy osiągniesz 5. poziom (do 2k6), 11. poziom (do 3k6) i 17. poziom (do 4k6).";"Mag"
"0";"MAGICZNA DŁOŃ";" Przywoływanie, sztuczka";" 1 akcja";" 9 metrów";" W, S";" 1 minuta";" W wybranym miejscu w zasięgu czaru, pojawia się widmowa dłoń unosząca się w powietrzu. Będzie istniała przez minutę, ale zniknie wcześniej, jeśli odwołasz ją w ramach swojej akcji, znajdzie się dalej niż 9 metrów od ciebie, albo ponownie<br>rzucisz to zaklęcie. <br><br>Możesz przeznaczyć swoją akcję an kontrolowanie dłoni. Możesz używać jej do manipulowania przedmiotem, otwierania niezamkniętych na klucz drzwi lub pojemnika, chowania lub wyjmowania przedmiotu z otwartego pojemnika, albo wylania zawartości fiolki. Za każdym razem, gdy używasz dłoni, możesz przemieścić ją na odległość do 9 metrów.<br><br>Dłoń nie może atakować, uruchamiać magicznych przedmiotów, ani nieść więcej niż 5kg.";"Mag"
"0";"NAPRAWA";" Przemiany, sztuczka";" 1 minuta";" Dotyk";" W, S, M (dwa magnetyty)";" Natychmiastowy";" Czar naprawia pojedyncze uszkodzenie lub rozdarcie dotkniętego przedmiotu, np.: pęknięte ogniwo łańcucha, złamany na pół klucz, rozdarty płaszcz czy cieknący bukłak. Naprawiasz usterki, nie pozostawiając po nich śladu, o ile żaden z wymiarów uszkodzenia lub rozdarcia nie przekracza 30cm.<br><br>Przy pomocy tego czaru, możesz fizycznie naprawić magiczny przedmiot lub konstrukt, jednak nie przywracasz mu magicznego działania.";"Mag"
"0";"OGNISTY POCISK";" Wywoływanie, sztuczka";" 1 akcja";" 36 metrów";" W, S";" Natychmiastowy";" Ciskasz garścią ognia w istotę lub obiekt w zasięgu czaru. Wykonaj atak dystansowy czarem. Przy trafieniu, cel otrzymuje 1k10 obrażeń od ognia. Łatwopalne rzeczy trafione tym czarem zajmują się ogniem, o ile nie są przez kogoś noszone lub trzymane.<br><br>Obrażenia z tego zaklęcia zwiększają się o 1k10, gdy osiągniesz 5. poziom (do 2k10), 11. poziom (do 3k10) i 17. poziom (do 4k10).";"Mag"
"0";"OSŁONA PRZED ORĘŻEM";" Odpychanie, sztuczka";" 1 akcja";" Na siebie";" W, S";" 1 runda";" Wyciągasz przed siebie dłoń i kreślisz w powietrzu znak ochronny.<br><br>Do końca swojej następnej tury masz odporność na zadawane bronią obrażenia cięte, kłute i obuchowe.";"Mag"
"0";"POMNIEJSZA ILUZJA";" Iluzja, sztuczka";" 1 akcja";" 9 metrów";" S, M (trochę zwierzęcego runa)";" 1 minuta";" Tworzysz w zasięgu czaru dźwiękową lub wizualną iluzję. Iluzja kończy się, gdy rozproszysz ją wcześniej w ramach swojej akcji albo ponownie rzucisz to zaklęcie. Dźwięk, który tworzysz, może mieć zakres głośności od szeptu do krzyku. Może to być jakikolwiek dźwięk. Efekt trwa nieprzerwanie, ale możesz także stworzyć oddzielnie dźwięki pojawiające się w różnych momentach trwania czaru.<br><br>Jeśli tworzysz obraz obiektu, to musi on mieścić się w sześcianie o boku 1,5m. Obraz ten nie może emitować dźwięku ani światła, wydzielać zapachu czy tworzyć efektów sensorycznych. Fizyczna interakcja z obrazem zdemaskuje iluzję, gdyż jest ona niematerialna.<br><br>Kiedy jakaś istota poświęci swoją akcję na zbadanie stworzonego dźwięku lub obrazu, może wykryć iluzję po udanym teście na Inteligencji (Śledztwo) o ST rzutu obronnego przeciw twoim czarom. Jeżeli ktoś rozpozna iluzję, to staje się ona dla niego ledwie dostrzegalna.";"Mag"
"0";"PORAŻAJĄCY UŚCISK";" Wywoływanie, sztuczka";" 1 akcja";" Dotyk";" W, S";" Natychmiastowy";" Z twojej dłoni wyskakuje błyskawica porażająca istotę, której uda ci się dotknąć. Wykonaj atak wręcz czarem, przeciwko wybranemu celowi. Jeśli nosi on metalową zbroję, masz ułatwienie w tym teście. Przy trafieniu, cel otrzymuje 1k8 obrażeń od elektryczności i do początku swojej następnej tury nie może wykonać reakcji.<br><br>Obrażenia z tego zaklęcia zwiększają się o 1k8, gdy osiągniesz 5. poziom (do2k8), 11. poziom (do 3k8), 17. poziom (do 4k8).";"Mag"
"0";"PRAWDZIWE UDERZENIE";" Wieszczenie, sztuczka";" 1 akcja";" 9 metrów";" S";" Koncentracja, do 1 rundy";" Wyciągasz dłoń, wskazując palcem cel w zasięgu czaru. Twoja magia umożliwia ci krótki wgląd w jego obronę. <br><br>W swojej następnej turze masz ułatwienie w pierwszym teście ataku przeciw niemu, zakładając, że w międzyczasie czar nie dobiegł końca.";"Mag"
"0";"PROMIEŃ MROZU";" Wywoływanie, sztuczka";" 1 akcja";" 18 metrów";" W, S";" Natychmiastowy";" Lodowaty promień biało – błękitnego światła, wystrzeliwuje ku istocie znajdującej się w zasięgu czaru. Wykonaj atak dystansowy czarem.<br><br>Przy trafieniu, cel otrzymuje 1k8 obrażeń od zimna, a jego szybkość zostaje zmniejszona o 3 metry, do rozpoczęcia twojej następnej tury.<br><br>Obrażenia z tego zaklęcia zwiększają się o 1k8, gdy osiągniesz 5. poziom (do 2k8), 11. poziom (do 3k8) i 17. poziom (do 4k8).";""
"0";"PRZESZYWAJĄCY DOTYK";" Nekromancja, sztuczka";" 1 akcja";" 36 metrów";" W, S";" 1 runda";" Na miejscu zajmowanym przez istotę, tworzysz widmową kościaną dłoń. Wykonaj atak dystansowy czarem przeciw tej istocie, aby przeniknąć ją grobowym chłodem. W przypadku trafienia, otrzymuje 1k8 obrażeń nekrotycznych i nie może odzyskać PW, aż do rozpoczęcia twojej następnej tury. Do tego czasu ściska ją widmowa ręka.<br><br>Jeżeli celem zaklęcia jest nieumarły, to po trafieniu, do końca swojej następnej tury ma utrudnienie w testach ataku przeciw tobie.<br><br>Obrażenia z tego zaklęcia zwiększają się o 1k8, gdy osiągniesz 5. poziom (do 2k8), 11. poziom (do 3k8) i 17. poziom (do 4k8).";"Mag"
"0";"PRZYJAŹŃ";" Uroki, sztuczka";" 1 akcja";" Na siebie";" S, M (trochę makijażu na twarz)";" Koncentracja, do 1 minuty";" Działanie czaru zapewnia ci ułatwienie we wszystkich testach Charyzmy wykonywanych względem wybranej istoty, która nie jest do ciebie wrogo nastawiona. Gdy działanie czaru dobiega końca, zdaje sobie ona sprawę, że wpłynąłeś na nią magiczni, i staje się wroga. Istota agresywna może cię zaatakować. Nieagresywna może poszukiwać innego sposobu na wyrównanie rachunków (według uznania MP), zależnie od rodzaju waszej interakcji.";"Mag"
"0";"ŚWIATŁO";" Wywoływanie, sztuczka";" 1 akcja";" Dotyk";" W, M (świetlik lub fosforyzujący mech)";" 1 godzina";" Dotykasz obiektu, którego żaden z wymiarów nie przekracza 3m. Dopóki czar trwa, obiekt świeci światłem w promieniu kolejnych 6m. Czar dobiega końca, gdy rzucisz go ponownie lub zakończysz go w ramach swojej akcji.<br><br>Jeżeli rzucasz ten czar na przedmiot trzymany lub noszony przez wrogą istotę, to musi ona wykonać udany rzut obronny na Zręczność, by uniknąć efektu.";"Mag"
"0";"TAŃCZĄCE ŚWIATŁA";" Wywoływanie, sztuczka";" 1 akcja";" 36 metrów";" W,S,M (kawałek fosforu, drewna wiązu lub świetlik)";" Koncentracja, do 1 minuty";" Tworzysz w zasięgu czaru do czterech świateł o rozmiarze i wyglądzie pochodni, latarń lub świecących kul, unoszących się w powietrzu przez czas działania czaru. Możesz także z tych czterech świateł złożyć świecącą formę przypominającą Średniego humanoida. Niezależnie od wybranej formy, każde z nich świeci słabym światłem w promieniu 3.<br><br>W ramach akcji dodatkowej w swojej turze, możesz przemieścić światła na odległość do 18m w nowe miejsce w zasięgu czaru. Każde światło musi znajdować się do 6m od innego światła stworzonego tym czarem i gaśnie, gdy wyjdzie poza zasięg czaru.";"Mag"
"0";"TRUJĄCY ROZPRYSK";" Przywoływanie, sztuczka";" 1 akcja";" 3 metry";" W, S";" Natychmiastowy";" Wyciągasz dłoń ku istocie, którą widzisz w zasięgu czaru, i pryskasz w nią obłokiem szkodliwego gazu. Musi ona wykonać rzut obronny na Kondycję. W przypadku niepowodzenia otrzymuje 1k12 obrażeń od trucizny.<br><br>Na wyższych kręgach. Obrażenia zwiększają się o 1k12 gdy osiągniesz 5. poziom (do 2k12), 11. poziom (do 3k12) i 17. poziom (do 4k12).";"Mag"
"0";"WIADOMOŚĆ";" Przemiany, sztuczka";" 1 akcja";" 36 metrów";" W, S, M (kawałek miedzianego drutu)";" 1 runda";" Wskazujesz palcem istotę w zasięgu czaru i szepczesz wiadomość. Tylko adresat słyszy tę wiadomość i może na nią odpowiedzieć szeptem, który usłyszysz tylko ty.<br><br>Możesz rzucić to zaklęcie przez stałe obiekty, jeśli znasz adresata i wiesz, że znajduje się po drugiej stronie przeszkody. Zaklęcie zostaje zablokowane, jeśli na jego drodze znajduje się strefa magicznej ciszy, 30cm kamienia, 2,5cm metalu, cienka warstwa ołowiu lub 90cm drewna. Wiadomość nie musi podążać po prostej, może omijać przeszkody i korzystać z otwartych przejść.";"Mag"
"1";"ALARM";"Odpychanie, 1. krąg (rytuał) ";"1 minuta ";" 9 metrów";" W,S,M (mały dzwoneczek i kawałek cienkiego, srebrnego drutu)";" 8 godzin";" Nastawiasz alarm przeciw intruzom. Wybierz znajdujące się w zasięgu drzwi, okno lub obszar nie większy niż 6-metrowy sześcian. Przez cały czas trwania, czar będzie cię ostrzegać, kiedy Mała lub większa istota dotknie strzeżonego obszaru, lub do niego wejdzie. Rzucając czar, możesz określić istoty, które nie są intruzami. Wtedy decydujesz również, czy alarm jest dźwiękowy, czy ostrzega cię tylko mentalnie.<br><br>Alarm mentalny wywoła wrażenie dźwięku w twojej głowie, o ile pozostaniesz w obrębie 1,5 km od strzeżonego obszaru. Obudzi cię, jeśli będziesz spać.<br><br>Alarm dźwiękowy, przez 10s wytwarza dźwięk dzwonka rozchodzący się na odległość 18m.";"Mag"
"1";"BARWNA KULA";" Wywoływanie, 1. krąg";" 1 akcja";" 27 metrów";" W, S, M (diament o wartości co najmniej 50 sz)";" Natychmiastowy";" Miotasz kulą energii o średnicy 10 centymetrów w istotę, którą widzisz w zasięgu czaru. Wybierasz typ stworzonej kuli: dźwięk, elektryczność, kwas, ogień, trucizna albo zimno, po czym wykonujesz atak dystansowy czarem. Przy trafieniu, cel otrzymuje 3k8 obrażeń wybranego typu.<br><br>Na wyższych kręgach. Jeśli rzucasz ten czar,<br>wykorzystując komórkę co najmniej 2. kręgu, za każdy krąg powyżej 1. obrażenia zwiększają się o 1k8.";"Mag"
"1";"BŁYSKAWICZNY ODWRÓT";" Przemiany, 1. krąg";" 1 akcja dodatkowa";" Na siebie";" W, S";" Koncentracja, do 10 minut";" Ten czar pozwala ci niewiarygodnie szybko się przemieszczać. Gdy go rzucisz, potem w ramach każdej swojej akcji dodatkowej w czasie jego trwania, możesz wykonać Sprint.";"Mag"
"1";"CHMURA MGŁY";" Przywoływanie, 1. krąg";" 1 akcja";" 36 metrów";" W, S";" Koncentracja, do 1 godziny";" Przywołujesz kulistą chmurę mgły o promieniu 6m, której środek znajduje się w zasięgu zaklęcia. Mgła rozprzestrzenia się wokół rogów i załomów, a jej obszar jest pozbawiony widoczności. Chmura utrzymuje się do wygaśnięcia czaru, choć wcześniej może ją też rozwiać wiatr o umiarkowanej lub większej prędkości (co najmniej 15km/h).<br><br>Na wyższych kręgach. Jeśli rzucasz ten czar,<br>wykorzystując komórkę co najmniej 2. kręgu, za każdy krąg powyżej 1., zwiększasz promień chmury o 6 metrów.";"Mag"
"1";"FALA GROMU";" Wywoływanie, 1. krąg";" 1 akcja";" Na siebie (sześcian o boku 4,5 metra)";" W, S";" Natychmiastowy";" Uwalniasz falę ogłuszającej mocy.<br><br>W przestrzeni o kształcie wychodzącego od ciebie sześcianu o boku 4,5m, wszystkie istoty muszą wykonać rzut obronny na Kondycję.<br><br>W przypadku niepowodzenia, otrzymują po 2k8 obrażeń od dźwięku i zostają odepchnięte o 3m od ciebie. Po udanym rzucie, otrzymują połowę obrażeń i nie zostają odepchnięte.<br><br>Ponadto, niezabezpieczone przedmioty znajdujące się w całości na obszarze działania czaru zostają automatycznie odepchnięte o 3 metry od ciebie, a zaklęcie wywołuje ogłaszający huk słyszalny z odległości 90 metrów.<br><br>Na wyższych kręgach. Jeśli rzucasz ten czar,<br>wykorzystując komórkę co najmniej 2. kręgu, za każdy krąg powyżej 1. zwiększasz obrażenia o 1k8.";"Mag"
"1";"FAŁSZYWE ŻYCIE";" Nekromancja, 1. krąg";" 1 akcja";" Na siebie";" W, S, M (niewielka ilość alkoholu lub spirytusu)";" 1 godzina";" Zyskujesz 1k4+4 tymczasowych PW na czas trwania czaru.<br><br>Na wyższych kręgach. Jeśli rzucasz ten czar, wykorzystując komórkę co najmniej 2. kręgu, za każdy krąg powyżej 1. zyskujesz 5 dodatkowych PW.";"Mag"
"1";"IDENTYFIKACJA";" Wieszczenie, 1. krąg (rytuał)";" 1 minuta";" Dotyk";" W, S, M (perła o wartości co najmniej 100 sz i sowie pióro)";" Natychmiastowy";" Podczas rzucania czaru dotykasz przez minutę wybranego przedmiotu. Jeśli jest magiczny lub w jakikolwiek sposób nasączony magią, poznajesz jego właściwości i dowiadujesz się, jak z nich korzystać. Wykrywasz także, czy wymaga zestrojenia z właścicielem oraz ile ewentualnych ładunków posiada, Dowiadujesz się, czy i jakie czary oddziałują obecnie na przedmiot. Jeśli przedmiot został wykonany zaklęciem, poznasz jego nazwę. <br><br>Jeśli podczas rzucania zaklęcia dotykasz stworzenia, a nie przedmiotu, to wykrywasz, pod wpływem jakich czarów aktualnie się znajduje.";"Mag"
"1";"ILUZORYCZNY MANUSKRYPT";" Iluzje, 1. krąg (rytuał)";" 1 minuta";" Dotyk";" S, M (inkaust na bazie ołowiu o wartości co najmniej 10sz, zużywany przez zaklęcie)";" 10 dni";" Pisząc na pergaminie, papierze lub innym nadającym się do tego materiale, nasączasz go silną iluzją trwającą 10 dni. Dla ciebie i stworzeń wybranych podczas rzucania czaru, tekst będzie wyglądał normalnie - napisany twoją ręką<br>i zawierający zamierzoną wiadomość. W oczach innych osób będzie kompletnie nieczytelny, jakby został zapisany w niezrozumiałym dla nich, nieznanym lub magicznym języku. Jeśli wolisz, możesz zdecydować, że nieupoważnione osoby będą widzieć czytelny, ale całkowicie odmienny tekst, napisany cudzą ręką, w innym, znanym ci języku.<br><br>W przypadku rozproszenia czaru, znika zarówno iluzja, jak i oryginalny tekst.<br><br>Istota ze zdolnością prawdziwego widzenia jest w stanie odczytać ukrytą wiadomość.";"Mag"
"1";"KOLOROWY ROZPRYSK";" Iluzje, 1. krąg";" 1 akcja";" Na siebie (stożek o długości 4,5 metra)";" W, S, M (szczypta pyłu lub piasku, zabarwionego na czerwono, żółto i niebiesko)";" 1 runda";" Z twojej dłoni bucha oślepiające kolorowe światło. Rzuć 6k10, by określić łączną pulę punktów wytrzymałości stworzeń, które może objąć zaklęcie. Czar działa na istoty stojące wewnątrz wychodzącego z twojej dłoni stożka o długości 4.5 metra, w kolejności rosnącej według aktualnie posiadanych PW (z pominięciem istot nieprzytomnych i niewidzących).<br>Począwszy od istoty mającej aktualnie najmniej PW, każde objęte zaklęciem stworzenie zostaje oślepione do końca twojej następnej tury. Odejmuj od puli PW każdej objętej już istoty przed przejściem do kolejnej. Aby czar zadziałał na kolejną istotę, jej aktualne PW muszą mieścić się w pozostałej jeszcze puli punktów.<br><br>Na wyższych kręgach. Jeśli rzucasz ten czar,<br>wykorzystując komórkę co najmniej 2, kręgu, za każdy krąg powyżej 1. dodajesz 2k10 do puli PW obejmowanych czarem.";"Mag"
"1";"MAGICZNY POCISK";" Wywoływanie, 1. krąg";" 1 akcja";" 36 metrów";" W, S";" Natychmiastowy";" Wywołujesz trzy świetliste strzałki stworzone z magicznej energii. Każda z nich uderza w wybrany przez ciebie cel, który widzisz w zasięgu zaklęcia. Strzałka zadaje celowi 1k4 + 1 obrażeń od mocy. Strzałki uderzają jednocześnie, a ty możesz skierować je przeciw jednemu celowi lub kilku celom.<br><br>Na wyższych kręgach. Jeśli rzucasz ten czar,<br>wykorzystując komórkę co najmniej 2. kręgu, każdy krąg powyżej 1 . tworzysz dodatkową strzałkę.";"Mag"
"1";"MILCZĄCY OBRAZ";" Iluzje 1. krąg";" 1 akcja";" 18 metrów";" W, S, M (odrobina zwierzęcego runa)";" Koncentracja, do 10 minut";" Tworzysz iluzję obiektu, stworzenia lub innego widzialnego zjawiska, nieprzekraczającego wielkością sześcianu o boku 4,5m. Obraz pojawia się w miejscu wskazanym w zasięgu czaru. Jest czysto wizualny - nie może towarzyszyć mu dźwięk, zapach, ani inny efekt sensoryczny.<br><br>W ramach swojej akcji, możesz przenieść ten obraz do dowolnego miejsca w zasięgu czaru Zmieniając jego położenie, możesz wpłynąć na jego wygląd tak, by ruch wyglądał na jego własny. Przykładowo - możesz wywołać i przemieszczać obraz stworzenia, kształtując go tak, by wyglądał, jakby to stworzenie chodziło.<br><br>Fizyczna interakcja demaskuje iluzję, gdyż przenikają przez nią przedmioty. Istota przeznaczając akcję na zbadanie iluzji, może ją przejrzeć przy udanym teście Inteligencji (Śledztwo) o ST rzutu obronnego przeciw twoim czarom. Rozpoznawszy iluzję, istota może widzieć przez nią.";"Mag"
"1";"NIEWIDOCZNY SŁUGA";" Przywoływanie, 1. krąg (rytuał)";" 1 akcja";" 18 metrów";" W, S, M (kawałek sznurka i drewna)";" 1 godzina";" Przy pomocy tego zaklęcia tworzysz niewidzialną, bezmyślną i bezkształtną siłę o rozmiarze Średnim, która wykonuje dla ciebie proste zadania. Sługa zostaje przywołany w wolnym miejscu w zasięgu czaru. Ma KP 10, 1 PW, Siłę 2 i nie może atakować. jeśli jego wytrzymałość spadnie do 0, zaklęcie się kończy.<br><br>Raz na turę w ramach swojej akcji dodatkowej możesz telepatycznie rozkazać słudze przemieścić się na odległość do 4,5m i wykonać działanie na określonym obiekcie. Sługa potrafi wykonać proste czynności, jakie mogłyby być zadaniami ludzkiego służącego, np. przyniesie przedmiot, posprząta, dokona drobnych napraw, poskłada ubrania, rozpali ogień, poda posiłek lub naleje wina. Sługa wypełnia polecenie najlepiej jak potrafi, po czym czeka na następne.<br><br>Jeśli rozkażesz słudze wykonać zadanie, które wymagałoby od niego oddalenie się na więcej niż 18m od ciebie, to zaklęcie wygaśnie.";"Mag"
"1";"OCHRONA PRZED DOBREM I ZŁEM";" Odpychanie, 1. krąg";" 1 akcja";" Dotyk";" W, S, M (woda święcona albo sproszkowane srebro i żelazo, zużywane przez zaklęcie)";" Koncentracja, do 10 minut";" Podczas trwania czaru jedna przychylna istota jest chroniona przed określonymi rodzajami stworzeń: czartami, fey, niebianami, nieumarłymi, wynaturzeniami i żywiołakami.<br><br>Ochrona zapewnia kilka korzyści. Istoty wymienionych typów mają utrudnienie w testach ataku przeciwko celowi zaklęcia. Jest on również niepodatny na zauroczenie, przerażenie lub opętanie przez te istoty. Jeśli podczas rzucania czaru był zauroczony, przerażony lub opętany przez jedną z takich istot, to ma ułatwienie w kolejnych rzutach obronnych przeciwko odpowiedniemu efektowi.";"Mag"
"1";"OHYDNY ŚMIECH TASHY";" Uroki, 1. krąg";" 1 akcja";" 9 metrów";" W, S, M (ciastko z kremem i pióro, którym machasz w powietrzu)";" Koncentracja, do 1 minuty";" Wybrana istota, którą widzisz w zasięgu czaru, postrzega wszystko jako niesamowicie śmieszne i jeśli nie oprze się zaklęciu, pada na ziemię ze śmiechu. Musi wykonać udany rzut obronny na Mądrość, albo przewróci się, stając się obezwładniona i do końca trwania czaru, nie będzie mogła się podnieść. Stworzenia o inteligencji 4 lub mniejszej są niepodatne na to zaklęcie.<br><br>Cel zaklęcia może ponowić rzut obronny na Mądrość pod koniec każdej swojej tury i za każdym razem, gdy otrzymuje obrażenia. Ma ułatwienie w tym rzucie, jeśli został wywołany obrażeniami. Po udanym rzucie obronnym, zaklęcie się kończy.";"Mag"
"1";"PIÓRKOSPADANIE";" Przemiany, 1. krąg";" 1 reakcja na upadek twój lub istoty w obrębie 18 metrów";" 18 metrów";" W, M (piórko lub trochę puchu)";" 1 minuta";" Wybierz do 5 spadających istot znajdujących się w zasięgu czaru. <br>W czasie działania czaru, ich szybkość spadania maleje do 18 m na rundę. Jeżeli któraś z nich w tym czasie wyląduje, to nie otrzyma obrażeń od upadku i może wylądować na nogach, a działanie zaklęcia dla niej się skończy. ";"Mag"
"1";"PŁONĄCE DŁONIE";" Wywoływanie, 1. krąg";" 1 akcja";" Na siebie (stożek o długości 4,5 metra)";" W, S";" Natychmiastowy";" Wyciągasz przed siebie rozczapierzone palce dłoni złączonych kciukami, bucha z nich wachlarz płomieni. Każda istota znajdująca się na obszarze stożka o długości 4,5 metra, musi wykonać rzut obronny na Zręczność. W przypadku niepowodzenia, otrzymuje 3k6 obrażeń od ognia. Udany rzut zmniejsza obrażenia o połowę. Ogień stworzony tym czarem podpala łatwopalne obiekty, które nie są przez nikogo noszone ani trzymane<br><br>Na wyższych kręgach. Jeśli rzucasz ten czar,<br>wykorzystując komórkę co najmniej 2. kręgu, za każdy krąg powyżej 1. zwiększasz zadawane obrażenia o 1k6.";"Mag"
"1";"PROMIEŃ ZATRUCIA";" Nekromancja, 1. krąg";" 1 akcja";" 18 metrów";" W, S";" Natychmiastowy";" Ku istocie w zasięgu czaru mknie promień chorobliwie zielonej energii. Wykonaj atak dystansowy czarem. Przy trafieniu cel otrzymuje 2k8 obrażeń od trucizny i musi wykonać rzut obronny na Kondycję. W przypadku niepowodzenia zostaje zatruty do końca twojej następnej tury.<br><br>Na wyższych kręgach. Jeśli rzucasz ten czar,<br>wykorzystując komórkę co najmniej 2. kręgu, za każdy krąg powyżej 1. zwiększasz zadawane obrażenia o 1k8.";"Mag"
"1";"PRZEBRANIE SIEBIE";" Iluzje, 1. krąg";" 1 akcja";" Na siebie";" W, S";" 1 godzina";" Zmieniasz wygląd, włącznie z ubraniem, opancerzeniem, bronią itp.. Efekt trwa przez cały czas działania czaru, lub do chwili, w której go zakończysz w ramach swojej akcji. Możesz sprawić, że będziesz wyglądać na wyższego lub niższego o 30cm, szczupłego, grubego lub przeciętnej budowy ciała, więc przyjmując nowy wygląd, jesteś ograniczony do tego samego układu kończyn. Poza tym, zakres zmian zależy od ciebie.<br><br>Fizyczne sprawdzenie zdemaskuje twoją iluzję. Przykładowo - jeśli swój strój wzbogacisz o iluzoryczny kapelusz, inne przedmioty będą przez niego przenikać, a dotykająca go osoba nie poczuje pod palcami nic, albo wymaca twoją głowę i włosy. Jeśli użyjesz zaklęcia, by wydawać się szczuplejszym, niż jesteś, to sięgająca ku tobie dłoń zderzy się z tobą, choć będzie wyglądać, jakby właściciel zatrzymał ją<br>w powietrzu. <br><br>Aby odkryć twoje przebranie, należy użyć akcji w celu przyjrzenia się twojemu wyglądowi i zdać test Inteligencji (Śledztwo) o ST rzutu obronnego przeciw twoim czarom.";"Mag"
"1";"ROZUMIENIE JĘZYKÓW";" Wieszczenie, 1. krąg (rytuał)";" 1 akcja";" Na siebie";" W, S, M (szczypta sadzy i soli)";" 1 godzina";" Na czas działania czaru uzyskujesz zdolność dosłownego rozumienia mowy W każdym języku, jaki słyszysz. Rozumiesz także pismo, które widzisz, ale musisz W tym celu dotykać powierzchni, na której zostały zapisane słowa. Przeczytanie jednej strony tekstu zajmuje około 1 minuty. Przy pomocy tego zaklęcia nie rozszyfrujesz tajnych wiadomości W tekście ani glifu, takiego jak magiczna pieczęć, który nie jest częścią języka pisanego.";"Mag"
"1";"SKOK";" Przemiany, 1. krąg";" 1 akcja";" Dotyk";" W, S, M (tylna noga pasikonika)";" 1 minuta";" Dotykasz wybranej istoty. Odległość jej skoku zostaje potrojona na czas działania czaru.";"Mag"
"1";"SZYBKONOGI";" Przemiany, 1. krąg";" 1 akcja";" Dotyk";" W, S, M (szczypta pyłu)";" 1 godzina";" Dotykasz wybranego stworzenia. Jego szybkość zwiększa się o 3 metry do czasu zakończenia czaru.<br><br>Na wyższych kręgach. Jeśli rzucasz ten czar,<br>wykorzystując komórkę co najmniej 2. kręgu, za każdy dodatkowy krąg możesz objąć czarem jedną dodatkową istotę.";"Mag"
"1";"TARCZA";" Odpychanie, 1. krąg";" 1 reakcja podejmowana, gdy trafia cię atak, lub stajesz się celem magicznego pocisku";" Na siebie";" W, S";" 1 runda";" Sprawiasz, że pojawia się przy tobie chroniąca cię bariera magicznej mocy. Do rozpoczęcia swojej następnej tury masz premię +5 do KP również przeciwko atakowi, na który reagujesz, oraz nie otrzymujesz obrażeń od magicznego pocisku.";"Mag"
"1";"TŁUSZCZ";" Przywoływanie, 1. krąg";" 1 akcja";" 18 metrów";" W, S, M *kawałek słoniny lub masła)";" 1 minuta";" Śliski tłuszcz pokrywa grunt na obszarze kwadratu o boku 3 metrów wokół wybranego punktu w zasięgu, sprawiając, że na czas działania zaklęcia zamienia się on w trudny teren.<br><br>W momencie pojawienia się tłuszczu każda istota stojąca na tym obszarze musi wykonać rzut obronny na Zręczność. W przypadku niepowodzenia, przewraca się i jest traktowana jako powalona. Istoty wchodzące w obszar lub kończące w nim swoją turę, również muszą wykonać udany rzut obronny na Zręczność, aby się nie wywrócić.";"Mag"
"1";"UŚPIENIE";" Uroki, 1. krąg";" 1 akcja";" 27 metrów";" W, S, M (szczypta piasku, różane płatki lub świerszcz)";" 1 minuta";" Tym zaklęciem sprawiasz, że objęte nimi istoty pogrążają się w magicznym śnie. Rzuć 5k8, by określić łączną pulę punktów wytrzymałości stworzeń, które obejmie zaklęcie. Czar działa na istoty znajdujące się w obrębie 6m od wskazanego punktu w zasięgu, w kolejności rosnącej według aktualnie posiadanych PW (z pominięciem istot nieprzytomnych).<br><br>Poczynając od istoty mającej najmniej aktualnych PW, wszystkie kolejne objęte tym czarem padają nieprzytomne i śpią do momentu wygaśnięcia czaru, otrzymania obrażeń albo do chwili, w której ktoś przeznaczy swoją akcję na obudzenie ich potrząśnięciem lub uderzeniem. Odejmij od puli PW każdej objętej już istoty, przed przejściem do kolejnej. Aby czar zadziałał na kolejną istotę, jej aktualne PW muszą mieścić się w pozostałej jeszcze puli punktów.";"Mag"
"1";"WĘDRUJĄCY DYSK TENSERA";" Przywoływanie, 1. krąg (rytuał)";" 1 akcja";" 9 metrów";" W, S, M (kropla rtęci)";" 1 godzina";" Tworzysz z magicznej energii okrągłą, poziomą płaszczyznę o średnicy 1 metra i grubości 2,5 cm, unoszącą się metr nad ziemią w wybranym przez ciebie miejscy w zasięgu czaru.<br><br>Dysk istnieje przez czas trwania zaklęcia i może unieść do 250 kilogramów ładunku.<br><br>Dysk pozostaje nieruchomy, dopóki przebywasz w obrębie 6 metrów od niego. Jeżeli oddalisz się bardziej, zacznie za tobą podążać. Może przemieszczać się po nierównym terenie, w<br>górę lub w dół schodów, stoków i podobnych formacji, ale nie może pokonać różnicy poziomów wynoszącej 3 metry lub więcej. Przykładowo – dysk nie przeleci ponad głęboką na 3 metry rozpadliną ani nie wyleci z niej, jeśli został stworzony na jej dnie.<br><br>Jeżeli oddalisz się od dysku na więcej niż 30 metrów (prawdopodobnie dlatego, że nie mógł on pokonać jakiejś przeszkody, by za tobą podążyć), to zaklęcie dobiega końca.";"Mag"
"1";"WIEDŹMI POCISK";" Wywoływanie, 1. krąg";" 1 akcja";" 9 metrów";" W, S, M (gałązka z drzewa uderzonego piorunem)";" Koncentracja, do 1 minuty";" Promień trzaskającej, błękitnej energii wystrzela w kierunku stworzenia w zasięgu czaru i tworzy łuk elektryczności pomiędzy tobą a nim. Wykonaj atak dystansowy czarem przeciwko celowi zaklęcia. Przy trafieniu otrzymuje on 1k12 obrażeń od elektryczności, a w każdej kolejnej turze podczas trwania czaru możesz w ramach swojej akcji automatycznie zadać mu kolejne 1k12 obrażeń.<br><br>Zaklęcie kończy się, jeśli wykorzystasz swoją akcję do czegokolwiek innego. Przestanie działać również wtedy, kiedy twój cel wyjdzie poza zasięg zaklęcia albo znajdzie się za całkowitą osłoną.<br><br>Na wyższych kręgach. Jeśli rzucasz ten czar,<br>wykorzystując komórkę co najmniej 2. kręgu, za każdy krąg powyżej 1. zwiększasz początkowe obrażenia o 1k12.";"Mag"
"1";"WYKRYCIE MAGII";" Wieszczenie, 1. krąg rytuał";" 1 akcja";" Na siebie";" W, S, M";" Koncentracja, do 10 min";" Podczas trwania czaru, wyczuwasz magię w obrębie 9m od siebie. Gdy wykryjesz w ten sposób obecność magii w stworzeniu lub obiekcie, możesz wykorzystać swoją akcję, by zobaczyć jego nikłą aurę i dowiedzieć się, z jakiej szkoły pochodzi ta magia (jeśli przynależy do którejś ze szkół). <br><br>Wykrycie magii przenika przez większość barier, ale jest blokowane przez kamień o grubości 30 cm, metal o grubości 2,5cm, drewno lub ziemię o grubości 90 cm lub cienką warstwę ołowiu.";"Mag"
"1";"ZAUROCZENIE OSOBY";" Uroki, 1. krąg";" 1 akcja";" 9 metrów";" W, S";" 1 godzina";" Próbujesz zauroczyć humanoida, którego widzisz w zasięgu czaru. Musi on wykonać rzut obronny na Mądrość, w którym ma ułatwienie, jeśli walczy z tobą, lub z którymś z twoich towarzyszy. W przypadku niepowodzenia zostaje przez ciebie zauroczony na czas trwania zaklęcia lub do momentu, w którym ty, lub któryś z twoich towarzyszy zadziałacie na jego szkodę. Zauroczony humanoid postrzega ciebie jako<br>przyjaznego znajomego. Gdy czar dobiega końca, cel ma świadomość, że został przez ciebie zauroczony.<br><br>Na wyższych kręgach. Jeśli rzucasz ten czar,<br>wykorzystując komórkę co najmniej 2. kręgu, za każdy krąg powyżej 1. możesz objąć zauroczeniem dodatkową istotę. W momencie rzucania czaru, wszystkie cele muszą przebywać w obrębie 9m od siebie.";"Mag"
"1";"ZBROJA MAGA";" Odpychanie, 1. krąg";" 1 akcja";" Dotyk";" W,S,M (kawałek wyprawionej skóry)";" 8 godzin";" Dotykasz przychylnej istoty, która nie nosi pancerza, i na czas trwania czaru otaczasz ją ochronną magiczną energią.<br><br>KP celu przyjmuje wartość 13 + jego modyfikator ze Zręczności. <br><br>Efekt mija, gdy cel założy zbroję lub gdy zakończysz czar w ramach swojej akcji.";"Mag"
"1";"ZNALEZIENIE CHOWAŃCA";" Przywoływanie, 1. krąg (rytuał)";" 1 godzina";" 3 metry";" W, S, M (węgiel drzewny, kadzidło i zioła o łącznej wartości 10 sz, które należy spalić w koksowniku z brązu)";" Natychmiastowy";" Bierzesz na służbę chowańca przybierającego formę jadowitego węża, jastrzębia, jaszczurki, konika morskiego, kota, kraba, kruka, łasicy, nietoperza, ośmiornicy, pająka, ryby, sowy, szczura albo ropuchy. Działa niezależnie od ciebie, ale zawsze jest posłuszny twoim poleceniom. Wykonuje własne rzuty na inicjatywę, nie może atakować, ale może wykonywać inne akcje. Znika, gdy jest PW spadną do 0. Pojawi się po ponownym rzuceniu czaru. Możesz porozumieć się z nim telepatycznie (30m). Możesz wykorzystać swoją akcję, by do rozpoczęcia swojej następnej tury słyszeć i widzieć to, co chowaniec. Możesz w ramach swojej akcji tymczasowo go odesłać (możesz przywołać go w wolne miejsce w obrębie 9 m od ciebie)...<br><br>Podręcznik gracza str.287";"Mag"
"2";"BEZPIECZNY SPOCZYNEK";" Nekromancja, 2. krąg (rytuał)";" 1 akcja";" Dotyk";" W, S, M (szczypta soli i po jednym miedziaku położonym na każdym oku zmarłego, monety muszą tam pozostać przez cały czas trwania czaru)";" 10 dni";" Dotknąwszy zwłok lub innych szczątków zmarłej istoty, chronisz je przed rozkładem i zamianą w nieumarłego przez cały czas trwania czaru.<br><br>Zaklęciem tym wydłużasz również okres. w którym można wskrzesić zmarłego, gdyż czas jego trwania nie liczy się przy rozpatrywaniu wymogów wskrzeszenia i podobnych czarów.";"Mag"
"2";"CHMURA SZTYLETÓW";" Przywoływanie, 2. krąg";" 1 akcja";" 18 metrów";" W, S, M (szklana drzazga)";" Koncentracja, do 1 minuty";" W powietrzu pojawia się chmura wirujących sztyletów, formująca sześcian o boku 1,5m, którego środek znajduje się w zasięgu czaru. Istota wchodząca w obszar działania czaru pierwszy raz w swojej turze, albo rozpoczynająca w nim turę otrzymuje 4k4 obrażeń ciętych.<br><br>Na wyższych kręgach. Jeśli rzucasz ten czar,<br>wykorzystując komórkę co najmniej 3. kręgu, za każdy krąg powyżej 2., zwiększasz obrażenia o 2k4.";"Mag"
"2";"CIEMNOŚĆ";" Wywoływanie, 2. krąg";" 1 akcja";" 18 metrów";" W, M (futro nietoperza oraz kropla smoły lub kawałek drewna)";" Koncentracja, do 10 minut";" Wskazujesz punkt w zasięgu czaru i wysnuwasz z niego magiczną ciemność, wypełniając nią kulistą przestrzeń o promieniu 4,5m. Ciemność rozprzestrzenia się wokół rogów i załomów. Istoty posiadające zdolność do widzenia w ciemności nie mogą jej przejrzeć, a niemagiczne światło, nie może jej rozświetlić.<br><br>Jeśli wskazany punkt znajduje się na przedmiocie trzymanym przez ciebie, albo takim, który nie jest trzymany lub noszony przez kogoś innego, to ciemność rozchodzi się z tego przedmiotu i przemieszcza wraz z nim. Całkowite zakrycie źródła nieprzezroczystym przedmiotem, np. miską lub hełmem, blokuje emanację ciemności. Jeśli obszar magicznej ciemności nałoży się na obszar magicznego światła stworzonego zaklęciem z kręgu 2., lub niższego, to zaklęcie światła zostaje rozproszone.";"Mag"
"2";"GŁUCHOTA/ŚLEPOTA";" Nekromancja, 2. krąg";" 1 akcja";" 9 metrów";" W";" 1 minuta";" Możesz pozbawić przeciwnika wzroku lub słuchu. Wybierasz istotę, którą widzisz w zasięgu czaru, musi ona wykonać rzut obronny na Kondycję. W przypadku niepowodzenia staje się oślepiona albo ogłuchła (zgodnie z twoim wyborem), na czas działania zaklęcia. Może ponawiać rzut obronny na Kondycję pod koniec każdy swoje tury, a gdy odniesie sukces, wyzwala się spod działania czaru.<br><br>Na wyższych kręgach. Jeśli rzucasz ten czar,<br>wykorzystując komórkę co najmniej 3. kręgu, za każdy krąg powyżej 2. możesz objąć tym zaklęciem dodatkową istotę.";"Mag"
"2";"KOŁATKA";" Przemiany, 2. krąg";" 1 akcja";" 18 metrów";" W";" Natychmiastowy";" Wybierz obiekt, który widzisz w zasięgu czaru. Mogą to być drzwi, skrzynia, kufer, kajdany, kłódka, albo inna rzecz, zawierająca zwyczajny lub magiczny środek uniemożliwiający dostęp.<br><br>To, co było zamknięte na zamek bądź zasuwę,<br>lub zablokowane, zostaje otwarte lub odblokowane. Jeśli daną rzecz zabezpiecza więcej zamków, otwiera się tylko jeden z nich.<br><br>Jeśli wymierzysz zaklęcie w cel chroniony magicznym zamkiem, zakłócasz jego działanie na 10 minut, podczas których możesz normalnie otwierać i zamykać chroniony obiekt. Gdy rzucasz to zaklęcie, rozlega się donośny dźwięk kołatki, dobiegający z otwieranego obiektu i roznoszący się na 90 metrów.";"Mag"
"2";"KORONA OBŁĘDU";" Uroki, 2. krąg";" 1 akcja";" 36 metrów";" W, S";" Koncentracja, do 1 minuty";" Wybierz humanoida, którego widzisz w zasięgu czaru. Musi on wykonać rzut obronny na Mądrość. W przypadku niepowodzenia, zostanie przez ciebie zauroczony na czas trwania zaklęcia. Na głowie zauroczonej osoby pojawia się dziwaczna korona z żelaznych cierni, a w jej oczach lśni obłęd.<br><br>Zauroczona osoba w każdej swojej turze przed poruszeniem się, musi wykorzystać swoją akcję, by zaatakować wręcz inne stworzenie, które jej telepatycznie wskażesz. Jeśli nie wyznaczysz celu, lub żaden nie znajduje się w zasięgu zauroczonej osoby, to może ona zachowywać się normalnie. <br><br>Aby podtrzymać zaklęcie, musisz w kolejnych turach używać swojej akcji na utrzymanie kontroli nad celem. Co więcej, zauroczona istota może ponawiać rzut obronny na Mądrość, pod koniec każdej swojej tury. Gdy odniesie sukces, czar dobiega końca.";"Mag"
"2";"KROK PRZEZ MGŁĘ";" Przywoływanie, 2. krąg";" 1 akcja dodatkowa";" Na siebie";" W";" Natychmiastowy";" Otaczasz się na moment srebrzystą mgłą i teleportujesz się na odległość 9m w wolne miejsce, które widzisz.";"Mag"
"2";"KWASOWA STRZAŁA MELFA";" Wywoływanie, 2. krąg";" 1 akcja";" 27 metrów";" W, S, M (sproszkowany liść rabarbaru i żołądek żmii)";" Natychmiastowy";" Lśniąca zielona strzała wylatuje w kierunku wskazanego celu znajdującego się w zasięgu czaru, po czym wybucha chmurą kwasu. Wykonaj test ataku dystansowego czarem.<br><br>Trafiony cel otrzymuje 4k4 obrażeń od kwasu natychmiast, a następnie 2k4 obrażeń od kwasu na koniec swojej następnej tury.<br><br>Jeśli chybisz, strzała ochlapie cel kwasem, zadając mu połowę obrażeń początkowych, bez dodatkowych obrażeń na koniec tury.<br><br>Na wyższych kręgach. Jeśli rzucasz ten czar,<br>wykorzystując komórkę co najmniej 3. kręgu, za każdy krąg powyżej 2. zwiększasz obrażenia o 1k4 (zarówno natychmiastowe, jak i późniejsze).";"Mag"
"2";"LUSTRZANE ODBICIA";" Iluzje, 2. krąg";" 1 akcja";" Na siebie";" W, S";" 1 minuta";" Pojawiają się przy tobie twoje trzy iluzoryczne kopie. Do zakończenia czaru przemieszczają się wraz z tobą, naśladują twoje działania i zmieniają pozycję tak, by uniemożliwić odróżnienie ich od ciebie. W ramach swojej akcji możesz odwołać tę iluzję.<br><br>Za każdym razem, gdy jesteś celem ataku podczas trwania zaklęcia, rzuć k20, by sprawdzić, czy atak trafił w ciebie, czy w twoją kopię. Gdy posiadasz trzy kopie, musisz wyrzucić co najmniej 6, by atak został przekierowany na iluzję. Przy dwóch kopiach, musisz wyrzucić co najmniej 8. Mając tylko jedną kopię, musisz wyrzucić co najmniej 11. KP twojego lustrzanego odbicia wynosi 10 + twój modyfikator ze Zręczności. Iluzja trafiona atakiem - znika. Iluzję może zniszczyć jedynie wymierzony w nią atak - ignoruje wszystkie inne efekty i źródła obrażeń. Zaklęcie wygasa, gdy wszystkie trzy kopie zostaną zniszczone.<br><br> Iluzja nie zadziała na istotę, która jej nie widzi, albo polega na zmysłach innych niż wzrok, np. ślepowidzeniu, bądź potrafi przejrzeć iluzje, jak przy pomocy zdolności prawdziwego widzenia.";"Mag"
"2";"LEWITACJA";" Przemiany, 2. krąg";" 1 akcja";" 18 metrów";" W, S, M (rzemienna pętla albo kawałek złotego drutu wygiętego w kształt kielicha z długą nóżką)";" Koncentracja, do 10 minut";" Jedna istota lub nieprzymocowana rzecz, którą widzisz w zasięgu czaru, wznosi się pionowo na wysokość do 6 metrów i pozostaje zawieszona w powietrzu przez czas trwania czaru. Zaklęcie uniesie cel ważący do 150 kilogramów. Jeśli istota nie chce, by czar na nią zadziałał, musi wykonać udany rzut obronny na Kondycję.<br><br>Cel zaklęcia może się przemieszczać, odpychając się od obiektów lub powierzchni znajdujących się w jego zasięgu (ściana, sufit), albo przyciągając się do nich, jakby się wspinał. W swojej turze możesz zmniejszyć lub zwiększyć wysokość celu o 6 metrów. Jeśli celem zaklęcia jesteś ty, to możesz przemieścić się w górę lub w dół w ramach swojego ruchu w turze. W innym przypadku możesz użyć swojej akcji, aby przemieścić unoszący się cel, który musi pozostać w zasięgu czaru. <br><br>Jeżeli w momencie zakończenia czaru, jego cel nadal unosi się w powietrzu, to łagodnie opada na ziemię.";"Mag"
"2";"MAGICZNA AURA NYSTULA";" Iluzja, 2. krąg";" 1 akcja";" Dotyk";" W, S, M (mały kwadratowy skrawek jedwabiu)";" 24 godziny";" Obejmujesz stworzenie lub obiekt iluzją, która ma na celu oszukiwać czary ze szkoły wieszczenia. Celem może być przychylna ci istota lub przedmiot, który nie jest noszony ani trzymany przez inne stworzenie. Podczas rzucania czaru, wybierasz jeden lub oba efekty. Działają one  przez cały czas trwania czaru. Jeśli będziesz rzucać to zalecie na tę samą istotę lub obiekt przez 30 dni, za każdym razem wybierając ten sam efekt, to iluzja utrzyma się do rozproszenia.<br>*Fałszywa aura. Wpływasz na to, w jaki sposób cel<br>postrzegany jest przez zaklęcia i efekty wykrywające magiczne aury, takie jak wykrycie magii. Możesz sprawić, że zwykły obiekt będzie wyglądał na magiczny lub odwrotnie, albo zmienić magiczną aurę obiektu tak, by wydawała się pochodzić z wybranej szkoły magii. Jeśli nakładasz ten efekt na przedmiot, możesz sprawić, że fałszywa aura będzie widoczna dla wszystkich jego użytkowników. <br>*Maska. Wpływasz na to, w jaki sposób cel postrzegany jest przez zaklęcia i efekty wykrywające typ istoty, takie jak Cudowny Zmysł paladyna, albo wyzwalacz zaklęcia Symbol. Określasz typ istoty, po czym wszystkie zaklęcia oraz magiczne efekty traktują cel, jakby był istotą tego typu lub charakteru.";"Mag"
"2";"MAGICZNA BROŃ";" Przemiany, 2. krąg";" 1 akcja dodatkowa";" Dotyk";" W, S";" Koncentracja, do 1 godziny";" Dotykasz egzemplarza niemagicznej broni.<br><br>Na czas trwania czaru staje się ona magiczną bronią z modyfikatorem +1 do ataku i obrażeń.";"Mag"
"2";"MAGICZNE USTA";" Iluzje, 2. krąg (rytuał)";" 1 minuta";" 9 metrów";" W, S, M (fragment plastra miodu i jadeitowy pył o wartości co najmniej 10 sz, zużywany)";" Do rozproszenia";" Umieszczasz wiadomość w obiekcie, która zostanie wymówiona gdy zaistnieją określone warunki. Wybierasz przedmiot, który nie jest trzymany ani noszony i wypowiadasz wiadomość, mieszczącą się w 25 słowach (może być przekazywana do 10 minut). Na końcu określasz okoliczności, które uruchomią przekaz. Kiedy te okoliczności zaistnieją, na obiekcie pojawiają się magiczne usta i wypowiadają wiadomość twoim głosem i z tą samą głośnością, z jaką ty mówiłeś. Jeśli wybrany obiekt posiada usta lub coś, co je przypomina (np. usta posągu), to magiczne usta nakładają się na nie tak, by przekaz zdawał<br>się płynąć z ust obiektu. Gdy rzucasz to zaklęcie, możesz zadecydować, czy zaklęcie zakończy się po przekazaniu wiadomości, czy pozostanie w miejscu, by przekazywać tę wiadomość w określonych warunkach. Okoliczności te mogą być sformułowane ogólnie lub mieć dowolny stopień szczegółowości, ale muszą być oparte na wizualnych lub dźwiękowych warunkach mających miejsce w obrębie 9 metrów od celu zaklęcia.";"Mag"
"2";"MAGICZNY ZAMEK";" Odpychanie, 2. krąg";" 1 akcja";" Dotyk";" W, S, M (złoty pył o wartości co najmniej 255z, zużywany podczas zaklęcia)";" Do rozproszenia";" Dotykasz zamkniętych drzwi, Okna, bramy, kufra lub innego obiektu ograniczającego dostęp. Otworzyć go normalnie będziesz mógł ty oraz istoty wskazane przez ciebie podczas rzucania zaklęcia. Możesz także ustalić hasło, które wymówione W obrębie 1,5 metra od zamkniętego obiektu wyłączy zamek na 1 minutę. Poza tym zamek nie da się otworzyć, chyba że ktoś go zniszczy albo rozproszy bądź wyłączy zaklęcie. Magiczny zamek może zostać wyłączony na 10 minut przy pomocy czaru kolarka.<br><br>Do obiektu pod działaniem tego czaru trudniej jest się włamać, ST wyważania lub otwierania wytrychami wszystkich zamków w chronionym obiekcie zwiększa się o 10.";"Mag"
"2";"NIEWIDZIALNOŚĆ";" Iluzje, 2. krąg";" 1 akcja";" Dotyk";" W, S, M (rzęsa zatopiona w gumie arabskiej)";" Koncentracja, do 1 godziny";" Istota, której dotykasz, staje się niewidzialna na czas trwania czaru. Całe jej wyposażenie i odzienie również jest niewidzialne, dopóki się na niej znajduje. Zaklęcie kończy się, gdy jego cel wykona atak lub rzuci czar.<br><br>Na wyższych kręgach. Jeśli rzucasz ten czar,<br>wykorzystując komórę co najmniej 3. kręgu, za każdy krąg powyżej 2., możesz objąć zaklęciem dodatkową istotę. ";"Mag"
"2";"ODNALEZIENIE OBIEKTU";" Wieszczenie, 2. krąg";" 1 akcja";" Na siebie";" W, S, M (rozwidlona gałązka)";" Koncentracja, do 10 minut";" Podajesz opis lub nazwę znanego ci obiektu. Wyczuwasz, w jakim kierunku się znajduje, o ile jest oddalony od ciebie nie więcej niż 300m. Jeśli jest w ruchu, dowiadujesz się, w jakim kierunku się przemieszcza.<br><br> Przy pomocy tego zaklęcia możesz odnaleźć konkretny znany ci obiekt, o ile widziałeś go przynajmniej raz z odległości do 9m. W innym wariancie możesz odszukać najbliższy obiekt określonego rodzaju (np. określoną część garderoby, biżuterię, mebel, narzędzie albo broń. <br><br>Czar nie zadziała, jeśli od poszukiwanej rzeczy (patrząc w linii<br>prostej), dzieli cię warstwa ołowiu o jakiejkolwiek grubości, nawet cienka blacha.";"Mag"
"2";"PAJĘCZA WSPINACZKA";" Przemiany, 2. krąg";" 1 akcja";" Dotyk";" W, S, M (kropla smoły i pająk)";" Koncentracja, do 1 godziny";" Przychylna, dotknięta przez ciebie istota, zyskuje do końca trwania czaru zdolność poruszania się w górę, w dół i w poprzek pionowych powierzchni oraz chodzenia po suficie do góry nogami. Cel zaklęcia zachowuje przy tym wolne ręce, a jego szybkość wspinania się jest równa jego szybkości chodzenia.";"Mag"
"2";"PAJĘCZYNA";" Przywoływanie, 2. krąg";" 1 akcja";" 18 metrów";" W, S, M (odrobina sieci pajęczej)";" Koncentracja, do 1 godziny";" Sprowadzasz pajęczynę, która wypełnia obszar w kształcie sześcianu o boku 6 metrów i czyni go trudnym terenem o ograniczonej widoczności. Musi zostać rozpięta między dwoma obiektami, ułożona na podłodze, ścianie lub suficie. Pajęczyna na powierzchni płaskiej ma głębokość 1,5m. Każde stworzenie rozpoczynające w pajęczynie swoją turę, lub wchodzące do niej w swojej turze, wykonuje rzut obronny na Zręczność. W przypadku niepowodzenia, stworzenie zostaje unieruchomione, dopóki pozostaje w sieci, albo się wyswobodzi.<br><br>Unieruchomione stworzenie może w ramach swojej akcji wykonać test Siły o ST rzutu obronnego przeciw twoim czarom. Uwalnia się, gdy odniesie sukces. Pajęczyna jest łatwopalna. Fragment sieci w kształcie sześcianu o boku 1,5m wystawiony na działania ognia, spala się w ciągu jednej rundy, zadając istotom rozpoczynającym w nim swoją turę 2k4 obrażeń od ognia.";"Mag"
"2";"PŁOMIENNA KULA";" Przywoływanie, 2. krąg";" 1 akcja";" 18 metrów";" W, S, M (trochę łoju, szczypta siarki i pył żelazny)";" Koncentracja, do 1 minuty";" W wolnym miejscu wskazanym w zasięgu czaru, pojawia się kula o promieniu 1,5 metra i pozostaje tam przez czas trwania czaru. Istota kończąca swoją turę w obrębie 1,5 metra od niej, wykonuje rzut obronny na Zręczność. W przypadku niepowodzenia, otrzymuje 2k6 obrażeń od ognia. Udany rzut zmniejsza obrażenia o połowę. W ramach akcji dodatkowej, możesz przemieścić kulę na odległość do 9 metrów. Jeżeli staranujesz w ten sposób jakieś stworzenie, to musi ono wykonać rzut obronny przeciw obrażeniom zadawanym przez kulę, a ta zaprzestaje ruchu w tej turze.  Podczas przemieszczania kuli, możesz przekraczać nią przeszkody do 1,5 metra wysokości, oraz przeskakiwać nią doły czy przepaście nie szersze niż 3 metry. Kula podpala<br>palne obiekty, które nie są przez nikogo trzymane ani noszone. Świeci jasnym światłem na odległość 6 metrów i słabym na kolejne 6 metrów.";"Mag"
"2";"PORYW WIATRU";" Wywoływanie, 2. krąg";" 1 akcja";" Na siebie (prosta o długości 18 metrów)";" W, S, M (nasiono ze strąka)";" Koncentracja, do 1 minuty";" Wywołujesz podmuch silnego wiatru, który wieje od ciebie w wybranym kierunku, tworząc prostą o długości 18 metrów i szerokości 3 metrów. Wiatr wieje przez cały czas działania czaru. Każda istota rozpoczynająca swoją turę w jego obszarze, musi wykonać rzut obronny na Siłę, W przypadku niepowodzenia, zostanie odepchnięta od ciebie o 4,5 metra zgodnie z kierunkiem wiatru. Istoty znajdujące się w obszarze czaru i próbujące się do ciebie zbliżyć, muszą zużyć dodatkowy metr szybkości za każdy przebyty metr. Wiatr rozwiewa gaz i opary, a także gasi świece, pochodnie i podobne niechronione płomienie na swoim obszarze. Sprawia, że chroniony płomień (na przykład latarni) pełga niespokojnie i ma 50% szansy na to, że zgaśnie. Podczas trwania czaru w ramach akcji dodatkowej w swojej turze, możesz zmienić kierunek, w którym wieje od ciebie wiatr.";"Mag"
"2";"POWIĘKSZENIE/POMNIEJSZENIE";" Przemiany, 2. krąg";" 1 akcja";" 9 metrów";" W, S, M (szczypta sproszkowanego żelaza)";" Koncentracja, do 1 minuty";" Powodujesz, że istota lub rzecz widoczna w zasięgu czaru ulega powiększeniu lub pomniejszeniu na czas trwania czaru. Wybierz stworzenie lub obiekt, który nie jest noszony ani trzymany. Jeżeli cel nie chce poddać się działaniu zaklęcia, wykonuje rzut obronny na Kondycję. Udany rzut oznacza, że czar nie zadziała.<br>Gdy celem jest istota, jej wyposażenie zmienia rozmiar wraz z nią. Wszystko, co upuści, powraca natychmiast do swojego naturalnego rozmiaru.<br>*Powiększenie. Wszystkie wymiary celu się podwajają, a waga zwiększa się ośmiokrotnie. Wzrost powoduje zwiększenie rozmiaru o jeden stopień. Jeśli miejsce nie pozwala na podwojenie wielkości celu, przyjmuje on maksymalny rozmiar możliwy w danej przestrzeni. Ułatwienie w testach Siły i opartych na niej rzutach obronnych. Póki trzymana broń jest powiększona, zadaje + 1k4 obrażeń. <br>*Pomniejszenie. Wszystkie wymiary celu zmniejszają się dwukrotnie, a waga spada ośmiokrotnie. Powoduje zmniejszenie o jeden stopień. Utrudnienie w testach Siły i opartych na niej rzutach obronnych. Póki trzymana broń jest pomniejszona, zadaje o 1k4 obrażeń mniej (minimalnie 1).";"Mag"
"2";"PROMIEŃ OSŁABIENIA";" Nekromancja, 2. krąg";" 1 akcja";" 18 metrów";" W, S";" Koncentracja, do 1 minuty";" Czarny promień osłabiającej energii strzela z twojego palca w stronę istoty znajdującej się w zasięgu czaru. Wykonaj atak dystansowy czarem. Trafiony cel, do końca trwania czaru, będzie zadawał tylko połowę swoich obrażeń atakami bronią opartymi na Sile.<br><br>Pod koniec każdej swojej tury, cel może spróbować wykonać rzut obronny na Kondycję przeciw twojemu zaklęciu. udany rzut oznacza koniec czaru.";"Mag"
"2";"ROZMYCIE";" Iluzje, 2. krąg";" 1 akcja";" Na siebie";" W";" Koncentracja, do 1 minuty";" Twoja sylwetka w oczach wszystkich, którzy cię widzą, staje się rozmyta, niestabilna i niewyraźna. Podczas działania czaru, przeciwnicy mają utrudnienie w testach ataku przeciwko tobie. Istota jest odporna na ten efekt, jeśli nie polega na wzorku, np. dzięki ślepowidzeniu, lub potrafi przejrzeć iluzję, np. dzięki zdolności prawdziwego widzenia.";"Mag"
"2";"SUGESTIA";" Uroki, 2. krąg";" 1 akcja";" 9 metrów";" W, M (język węża i plaster miodu lub kropla słodkiego olejku)";" Koncentracja, do 8 godzin";" Wybierz istotę, która może cię usłyszeć i zrozumieć. Wpływasz na jej umysł i w jednym lub dwóch zdaniach sugerujesz jej kierunek działań. Istoty odporne na zauroczenie są niepodatne. Sugestia musi być sformułowana w taki sposób, by brzmiała rozsądnie. Zaklęcie skończy się, jeśli każesz komuś dźgnąć się nożem, rzucić się na włócznię, podpalić się, albo w inny sposób zaszkodzić samemu sobie.<br>Cel musi wykonać rzut obronny na Mądrość. W przypadku niepowodzenia działa zgodnie z twoją sugestią najlepiej jak potrafi. Może to robić przez cały czas trwania zaklęcia, chyba że sugerowane działanie da się ukończyć wcześniej - wówczas ukończenie zadania sprawi, że zaklęcie dobiegnie końca. Możesz określić warunki, w których sugerowane działanie ma zostać rozpoczęte. Przykładowo, możesz zasugerować rycerce, by oddała swego rumaka pierwszemu napotkanemu żebrakowi. Jeśli w czasie trwania czaru okoliczności nie wystąpi, działanie nie zostanie podjęte...<br><br>Podręcznik gracza str.267<br><br>";"Mag"
"2";"SZTUCZKA Z LINĄ";" Przemiany, 2. krąg";" 1 akcja";" Dotyk";" W, S, M (sproszkowany ekstrakt kukurydziany i skręcona pętla z pergaminu)";" 1 godzina";" Dotykasz liny o długości do 18 metrów. Jej koniec wznosi się w powietrze do momentu, aż cała lina zawisa prostopadle do powierzchni ziemi. Przy jej górnym końcu otwiera się niewidzialne wejście do międzywymiarowej przestrzeni, która istnieje, dopóki działa zaklęcie.Do międzywymiarowej przestrzeni można wejść wspinając się po linie. Przestrzeń ta może pomieścić do ośmiu Średnich lub mniejszych stworzeń. Linę można wciągnąć do wnętrza kryjówki, co sprawi, że z zewnątrz będzie ona niewidoczna. Przez wejście do przestrzeni międzywymiarowej nie mogą w żadnym kierunku przechodzić ataki i zaklęcia, ale przebywające wewnątrz istoty mogą widzieć, co dzieje się na zewnątrz, tak jak przez okno o wymiarach 3 x 1,5 metra, umiejscowione przy górnym końcu liny. Gdy działanie czaru dobiega końca, wszystko, co przebywało wewnątrz międzywymiarowej przestrzeni, spada na ziemię.";"Mag"
"2";"TRZASK";" Wywoływanie, 2. krąg";" 1 akcja";" 18 metrów";" W, S, M (odłamek miki)";" Natychmiastowy";" Z punktu, który widzisz w zasięgu czaru, dobywa się nagły, głośny i boleśnie intensywny dźwięk. Każda istota znajdująca się w obrębie strefy o promieniu 3m wokół tego punktu, musi wykonać rzut obronny na Kondycję. W przypadku niepowodzenia otrzymuje 3k8 obrażeń od dźwięku. Udany rzut zmniejsza obrażenia o połowę. Stworzenia z materii nieorganicznej, takiej jak kamień, kryształ lub metal, mają w tym rzucie utrudnienie. Obrażenia otrzymują również znajdujące się w zasięgu czaru niemagiczne obiekty, które ni są noszone lub trzymane. <br><br>Na wyższych kręgach. Jeśli rzucasz ten czar, wykorzystując komórkę co najmniej 3. kręgu, za każdy krąg powyżej 2., zwiększasz zadawane obrażenia o 1k8.";"Mag"
"2";"UNIERUCHOMIENIE OSOBY";" Uroki, 2. krąg";" 1 akcja";" 18 metrów";" W, S, M (prosty kawałek żelaza)";" Koncentracja, do 1 minuty";" Wybierasz humanoida, którego widzisz w zasięgu czaru. Cel musi wykonać rzut obronny na Mądrość. W przypadku niepowodzenia, zostaje sparaliżowany na czas trwania czaru. Pod koniec każdej swojej tury może ponowić rzut obronny<br>na Mądrość. Udany rzut oznacza wyzwolenie się z efektu czaru.<br><br>Na wyższych kręgach. Jeśli rzucasz ten czar,<br>wykorzystując komórkę co najmniej 3. kręgu, za każdy krąg powyżej 2. możesz objąć czarem jednego dodatkowego humanoida. Wszystkie cele zaklęcia muszą znajdować się w obrębie 9m od siebie.<br>";"Mag"
"2";"UROJONA SIŁA";" Iluzje, 2. krąg";" 1 akcja";" 18 metrów";" W, S, M (trochę runa)";" Koncentracja, do 1 minuty";" Wywołujesz iluzję w umyśle istoty, którą widzisz. Musi ona wykonać rzut obronny na Inteligencję. W przypadku niepowodzenia, tworzysz urojony obiekt, stworzenie lub inne zjawisko, które nie jest większe niż sześcian o boku 3m i widoczne tylko dla istoty będącej celem czaru. Zaklęcie nie działa na konstrukty i nieumarłych. Halucynację obejmuje również dźwięk, temperaturę i inne bodźce odbierane jedynie przez zaczarowaną istotę. Cel zaklęcia może przeznaczyć<br>swoją akcję na zbadanie widziadła i wykonanie testu Inteligencji (Śledztwo) o ST rzutu obronnego przeciw twoim czarom. Sukces oznacza, że rozpoznał iluzję i czar dobiega końca. Istota znajdująca się pod wpływem zaklęcia, traktuje jego wytwór jako realny. Próbuje racjonalizować jakiekolwiek luki w logice pojawiające się w interakcji z widziadłem. Omamiona istota jest tak pewna iluzorycznego tworu, że może nawet otrzymać od niego obrażenia. W każdej rundzie w twojej turze widziadło może zadać 1k6 obrażeń psychicznych omamionej istocie, jeśli znajduje się ona na jego obszarze lub w obrębie 1,5m od niego...<br><br>Podręcznik gracza str.275";"Mag"
"2";"WIDZENIE NIEWIDZIALNEGO";" Wieszczenie, 2. krąg";" 1 akcja";" Na siebie";" W, S, M (szczypta talku i odrobina sproszkowanego srebra)";" 1 godzina";" Podczas działania tego czaru, widzisz niewidzialne istoty i obiekty tak, jakby były widoczne, a także możesz spoglądać w Sferę Eteryczną. Eteryczne istoty i obiekty jawią ci się jako widmowe i przejrzyste.";"Mag"
"2";"WIDZENIE W CIEMNOŚCI";" Przemiany, 2. krąg";" 1 akcja";" Dotyk";" W, S, M (agat lub szczypta suszonej marchwi)";" 8 godzin";" Dotykasz przychylnej istoty i zapewniasz jej możliwość widzenia w mroku. W czasie trwania czaru, ma ona zdolność widzenia w ciemności na odległość 18m.";"Mag"
"2";"WIECZNY OGIEŃ";" Wywoływanie, 2. krąg";" 1 akcja";" Dotyk";" W, S, M (rubinowy pył o wartości 50sz, zużywany przez zaklęcie)";" Do rozproszenia";" Z dotkniętego przez ciebie obiektu wyskakuje płomień o jasności porównywalnej do pochodni. Wygląda jak zwykły ogień, ale nie wydaje ciepa i nie zużywa tlenu. <br><br>Wieczny ogień można zakryć lub schować, ale nie można go ugasić ani zadusić.";"Mag"
"2";"WYKRYCIE MYŚLI";" Wieszczenie, 2. krąg";" 1 akcja";" Na siebie";" W, S, M (sztuka miedzi)";" Koncentracja, do 1 minuty";" Gdy rzucasz to zaklęcie oraz w ramach swojej akcji w każdej turze podczas jego trwania, możesz czytać w myślach istoty, którą widzisz w obrębie 9 metrów. Nie działa na istoty o Inteligencji mniejszej niż 4 lub nie znające żadnego języka. Wykorzystując swoją akcję, możesz przenieść uwagę na myślach innej istoty lub pogłębić myśli obecnego celu. Jeżeli badasz głębiej, cel wykonuje rzut obronny na Mądrość. W przypadku niepowodzenia – poznajesz jego motywację, stan emocjonalny i sprawę istotną w jego umyśle. Udany rzut obronny kończy działanie zaklęcia. Istota zdaje sobie sprawę, że badasz jej umysł. Jeśli nie przeniesiesz uwagi na umysł kogoś innego, to w ramach swojej akcji może ona wykonać z tobą test sporny na Inteligencję. Jeśli wygra, czar się kończy. <br>Przydatne podczas przesłuchań oraz do wykrywania obecności inteligentnych stworzeń, których nie widzisz. Możesz nasłuchiwać myśli w obrębie 9m od siebie...<br><br>Podręcznik gracza str.281";"Mag"
"2";"WYPALAJĄCY PROMIEŃ";" Wywoływanie, 2. krąg";" 1 akcja";" 36 metrów";" W, S";" Natychmiastowy";" Tworzysz 3 ogniste promienie i strzelasz nimi w stworzenia w zasięgu czaru. Możesz wszystkie skierować w ten sam cel lub w różne cele.<br><br>Wykonaj atak dystansowy czarem, osobny dla każdego promienia. Przy trafieniu cel otrzymuje 2k6 obrażeń od ognia.<br><br>Na wyższych kręgach. Jeśli rzucasz ten czar,<br>wykorzystując komórkę co najmniej 3. kręgu, za każdy krąg powyżej 3. tworzysz dodatkowy promień.";"Mag"
"2";"ZMIANA SIEBIE";" Przemiany, 2. krąg";" 1 akcja";" Na siebie";" W, S";" Koncentracja, do 1 godziny";" Przyjmujesz nowy kształt. Wybierz jedną spośród podanych możliwości. Jej efekty utrzymują się przez cały czas trwania zaklęcia. W tym czasie możesz również w ramach swojej akcji zrezygnować z aktualnie wybranej opcji i zastąpić ją inną.<br><br>* Naturalne bronie. Wykształcasz pazury, kły, kolce, rogi lub inną broń naturalną. Twoje ataki zadają 1k6 obrażeń kłutych, ciętych lub obuchowych, zależnie od jej rodzaju, a także masz biegłość w walce wręcz. Co więcej, twoja naturalna broń jest magiczna, więc zapewnia ci premię +1 do ataku i obrażeń.<br>*Organizm wodny. Dostosowujesz swoje ciało do życia w wodzie. Wykształcasz skrzela i błonę pławną. Możesz oddychać pod wodą i pływasz z szybkością równą szybkości chodzenia.<br>*Zmiana wyglądu. Określasz wygląd, wzrost, wagę, rysy twarzy, głos, długość i kolor włosów, odcień skóry i cechy szczególne. Możesz przyjąć wygląd innej rasy, choć nie zmieni to twoich statystyk. <br><br>Zmiana wyglądu nie wpływa też na twoją kategorię wielkości, a twój podstawowy kształt musi pozostać zbliżony, np. nie zrobisz z siebie czworonoga, jeśli jesteś dwunożny.";"Mag"
"3";"ANIMOWANIE ZMARŁEGO";" Nekromancja, 3. krąg";" 1 minuta";" 3 metry";" W, S, M (kropla krwi, fragment ciała i szczypta kostnego pyłu)";" Natychmiastowy";" Wybierz stertę kości, albo zwłoki Średniego lub Małego humanoida w zasięgu czaru. Z kości powstanie szkielet, a ze zwłok zombi (MP ma ich statystyki). W każdej swojej turze, możesz telepatycznie wydawać polecenia w ramach akcji dodatkowej, o ile znajduje się on nie dalej niż 18m. (Jeśli kontrolujesz grupę istot, polecenie kierujesz do jednej z nich, bądź do całej grupy). Decydujesz o kierunku ruchu i akcji podejmowanej przez sługę w jego następnej turze, albo wydajesz ogólne polecenie. Gdy nie wydasz rozkazu, sługa ograniczy się do obrony własnej. Kontrolujesz stworzoną istotę przez 24h. Po tym czasie przestaje ona wykonywać twoje polecenia. Aby zachować kontrolę przez następne 24h, musisz ponownie rzucić to zaklęcie na tego nieumarłego przed upływem 24h...<br><br>Podręcznik gracza str.212";"Mag"
"3";"CHATKA LEOMUNDA";" Wywoływanie, 3. krąg (rytuał)";" 1 minuta";" Na siebie (półkula o promieniu 3 metrów)";" W, S, M (kryształowy koralik)";" 8 godzin";" Wokół ciebie i ponad tobą pojawia się nieruchoma kopuła o promieniu 3 metrów, stworzona z energii i pozostająca w miejscu przez cały czas trwania czaru. Gdy opuścisz jej obszar, zaklęcie dobiegnie końca.<br><br> Pod kopułą wraz z tobą, zmieści się do 9 Średnich lub mniejszych stworzeń. Czar nie zadziała, jeśli rzucasz go an obszar, w którym przebywa większa istota lub większa liczba istot. Stworzenia i przedmioty znajdujące się wewnątrz kopuły podczas rzucania zaklęcia, mogą się przez nią swobodnie przemieszczać. Wszystkie inne nie mogą do niej wejść. Ścian kopuły nie mogą też naruszyć ani przeniknąć zaklęcia i efekty obszarowe. Niezależnie od pogody panującej<br>na zewnątrz, pod kopułą jest sucho i spokojnie.<br><br>Podczas trwania zaklęcia, możesz wydać polecenie, by we wnętrzu zapanował półmrok lub zapadła ciemność. Z zewnątrz kopuła jest nieprzezroczysta i ma wybrany przez ciebie kolor, jednak z jej środka wszystko widać.";"Mag"
"3";"FORMA GAZOWA";" Przemiany, 3. krąg";" 1 akcja";" Dotyk";" W, S, M (kawałek gazy i smużka dymu)";" Koncentracja, do 1 godziny";" Dotknięciem przemieniasz przychylną ci istotę i jej wyposażenie w kłąb mgły. Zaklęcie kończy się, gdy punkty wytrzymałości istoty spadną do 0. Bezcielesne stworzenia są niepodatne na ten czar.<br><br>W formie gazowej istota porusza się, latając z szybkością 3m. Może przebywać w miejscu zajmowanym przez inne stworzenie. Posiada odporność na obrażenia niemagiczne i ułatwienie w rzutach obronnych na Siłę, Zręczność i Kondycję. Może przeciskać się przez niewielkie otwory, wąskie szczeliny, a nawet małe pęknięcia, ale traktuje płyny, jakby były ciałem stałym. Istota w formie gazowej, nie może spać i unosi się w powietrzu nawet ogłuszona lub obezwładniona.<br><br>W formie mgły nie można mówić ani używać przedmiotów, a posiadanych rzeczy nie można upuścić, użyć ani oddziaływać na nie w inny sposób. Nie da się też atakować i rzucać zaklęć.";"Mag"
"3";"GLIF STRAŻNICZY";" Odpychanie, 3. krąg";" 1 godzina";" Dotyk";" W, S, M (kadzidło i diamentowy proszek - co najmniej 200sz)";" Do rozproszenia lub wyzwolenia";" Zapisujesz glif, który później wyzwoli magiczny efekt. Możesz umieścić go na otwartej powierzchni, albo ukryć go wewnątrz zamykanego przedmiotu. Glif może pokryć powierzchnię o średnicy do 3m. Obiekt z glifem musi zostać w jednym miejscu, ponieważ jeśli zostanie przemieszczony dalej niż 3m. glif zostaje złamany i zaklęcie kończy się bez efektu. Odnalezienie glifu wymaga udanego testu Inteligencji (Śledztwo) o ST rzutu obronnego przeciw twoim czarom. Rzucając zaklęcie, określasz, w jakich okolicznościach glif<br>zostanie uruchomiony.<br>Gdy zapisujesz glif, wybierz między wariantem<br>wybuchowych run, albo zaklętego glifu - na stronie 222. <br><br>Na wyższych kręgach. Jeśli rzucasz ten czar, wykorzystując komórkę co najmniej 4. kręgu, za każdy krąg powyżej 3., zwiększasz obrażenia wybuchowych run o 1k8. Jeśli rzucasz czar w wariancie zaklętego glifu, możesz przechować w nim zaklęcie z kręgu odpowiadającego komórce, którą wykorzystujesz do rzucenia glifu strażniczego.";"Mag"
"3";"HIPNOTYCZNY WZÓR";" Iluzje, 3. krąg";" 1 akcja";" 36 metrów";" S, M (płonące kadzidełko albo kryształowa fiolka z fosforyzującą zawartością)";" Koncentracja, do 1 minuty";" Tworzysz wijący się barwny wzór, poruszający się w powietrzu w obrębie sześcianu o boku 9m. Wzór pojawia się na chwilę, po czym znika. Stworzenia w obszarze działania zaklęcia, które widzą wzór, muszą zdać rzut obronny na Mądrość, albo zostaną zauroczone na czas trwania zaklęcia. <br><br>Zauroczone istoty są traktowane jako obezwładnione, a ich szybkość wynosi 0.<br>Zauroczenie mija, jeśli istota otrzyma obrażenia albo ktoś przeznaczy swoją akcję, by wyrwać ją z otępienia.";"Mag"
"3";"JASNOWIDZENIE";" Wieszczenie, 3. krąg";" 10 minut";" 1,5 kilometra";" W, S, M (fokus o wartości co najmniej 100 sz – wysadzany klejnotami róg do słuchania, albo szklane oko do patrzenia)";" Koncentracja, do 10 minut";" Tworzysz niewidzialny czujnik w zasięgu czaru, w miejscu ci znajomym (odwiedzonym lub widzianym wcześniej), albo nieznanym, ale oczywistym (np. za drzwiami, za rogiem, w zagajniku). Czujnik  pozostanie tam przez czas trwania czaru. Nie można go zaatakować ani poddać żadnemu działaniu. <br>Podczas rzucania zaklęcia, określasz typ zmysłu, jakim ma dysponować czujnik - słuch czy wzrok. Możesz potem używać zmysłu czujnika tak, jakbyś był na jego miejscu. W ramach swojej akcji, możesz przełączać się między słuchaniem a<br>patrzeniem. <br>Istoty potrafiące dostrzec czujnik (np. mające zdolność prawdziwego widzenia lub korzystające z efektów czaru widzenia niewidzialnego), widzą świetlistą, niematerialną kulę wielkości twojej pięści.";"Mag"
"3";"JĘZYKI";" Wieszczenie, 3. krąg";" 1 akcja";" Dotyk";" W, M (mała gliniana figurka zigguratu)";" 1 godzina";" Dotykasz wybranej istoty i zapewniasz jej zdolność<br>rozumienia każdego języka. Ponadto, kiedy ona przemawia, rozumie ją każde słyszące ją stworzenie, które zna jakikolwiek język.";"Mag"
"3";"KRĄG MAGII";" Odpychanie, 3. krąg";" 1 minuta";" 3 metry";" W, S, M (woda święcona, albo sproszkowane srebro i żelazo o wartości co najmniej 100 sz)";" 1 godzina";" Tworzysz walec magicznej energii o średnicy 3m i wysokości 6m, umiejscowiony na ziemi w punkcie, który widzisz w zasięgu czaru.<br>Wybierz jeden lub więcej typów istot, spośród następujących: czarty, fey, niebianie, nieumarli lub żywiołaki. Krąg będzie na nie wpływał w następujący sposób:<br>*Istota nie może dobrowolnie wejść w obszar walca niemagicznymi sposobami. Jeśli próbuje użyć w tym celu teleportacji lub podróży między astralnej, musi najpierw wykonać udany rzut obronny na Charyzmę.<br>*Istota ma utrudnienie w testach ataku przeciw celom przebywającym wewnątrz walca...<br><br>Podręcznik gracza str.229<br>";"Mag"
"3";"KULA OGNIA";" Wywoływanie, 3. krąg";" 1 akcja";" 45 metrów";" W, S, M (niewielka kulka nietoperzowego guana i siarki)";" Natychmiastowy";" Z twojego palca wskazującego wystrzeliwuje jasna smuga, która we wskazanym miejscu w zasięgu czaru z rykiem rozwija się w ognistą eksplozję. Każda istota znajdująca się w obrębie sfery o promieniu 6 metrów ze środkiem we wskazanym punkcie musi wykonać rzut obronny na Zręczność.  W przypadku niepowodzenia otrzymuje 8k6 obrażeń od ognia. Udany rzut zmniejsza obrażenia o połowę.<br><br>Ogień rozprzestrzenia się za rogi i załomy. Podpala łatwopalne obiekty, które nie są trzymane ani noszone.<br><br>Na wyższych kręgach. Jeśli rzucasz ten czar,<br>wykorzystując komórkę co najmniej 4. kręgu, za każdy krąg powyżej 3. zwiększasz obrażenia o 1k6.";"Mag"
"3";"LOT";" Przemiany, 3. krąg";" 1 akcja";" Dotyk";" W, S, M (pióro ze skrzydła dowolnego ptaka)";" Koncentracja, do 1 minuty";" Dotykasz przychylnej istoty. Na czas trwania czaru, zyskuje ona szybkość lotu 18 metrów. Jeśli będzie w powietrzu, gdy czar dobiegnie końca, to spadnie, chyba, że będzie potrafiła temu zapobiec.<br><br>Na wyższych kręgach. Jeśli rzucasz ten czar,<br>wykorzystując komórkę co najmniej 4. kręgu, za każdy krąg powyżej 3., możesz objąć czarem jedną dodatkową istotę.";"Mag"
"3";"MIGNIĘCIE";" Przemiany, 3. krąg";" 1 akcja";" Na siebie";" W, S";" 1 minuta";" W czasie trwania czaru pod koniec każdej swojej tury rzucasz k20. Gdy wypadnie co najmniej 11, znikasz ze sfery egzystencji, w której przebywałeś, i pojawiasz się w Sferze Eterycznej. (Czar nie działa, a jego komórka zostaje zużyta, jeśli znajdujesz się tam w chwili rzucania). Na początku twojej następnej tury i na koniec czasu trwania zaklęcia, jeśli przebywasz w Sferze Eterycznej, powracasz na wybrane przez siebie wolne miejsce, które widzisz w obrębie 3 metrów od punktu swojego zniknięcia. Jeśli na tym obszarze nie ma wolnego miejsca, pojawiasz się w najbliższym dostępnym (ustalanym losowo, jeśli dwa wolne miejsca są jednakowo blisko). W ramach swojej akcji możesz zakończyć<br>zaklęcie. <br><br>Przebywając w Sferze Eterycznej, widzisz i słyszysz, co się dzieje w sferze, z której przybyłeś, choć obraz ten jawi się w szarych barwach i widzisz jedynie na odległość 18 metrów. Możesz wchodzić w interakcje jedynie z istotami również przebywającymi w Sferze Eterycznej. Istoty ze sfery, z której zniknąłeś, nie mogą cię dostrzec ani wejść z tobą w interakcję, chyba że dysponują pozwalającą na to zdolnością.";"Mag"
"3";"NADANIE WIADOMOŚCI";" Wywoływanie, 3. krąg";" 1 akcja";" Nieograniczony";" W, S, M (krótki kawałek cienkiego, miedzianego drutu)";" 1 runda";" Wysyłasz do znanej ci istoty krótką wiadomość, liczącą maksymalnie 25 słów. Usłyszy ją ona w głowie, a jeśli cię zna, rozpozna ciebie jako nadawcę. Może natychmiast udzielić ci odpowiedzi tą samą drogą. Zaklęcie umożliwia zrozumienie twojej wiadomości istotom o wartości Inteligencji co najmniej 1.<br><br>Wiadomość możesz nadać na dowolną odległość, również do innych sfer egzystencji, jednakże gdy adresat przebywa w innej sferze egzystencji, istnieje 5% ryzyka, że wiadomość nie dotrze.";"Mag"
"3";"NAŁOŻENIE KLĄTWY";" Nekromancja, 3. krąg";" 1 akcja";" Dotyk";" W, S";" Koncentracja, do 1 minuty";" Dotykasz stworzenia, które musi wykonać udany rzut obronny na Mądrość, albo zostanie przeklęte na czas trwania zaklęcia. Gdy rzucasz czar, ustalasz naturę klątwy: <br>1.Wybierasz dowolną cechę, w której testach i rzutach obronnych, przeklęta istota będzie miała utrudnienie. <br>2.Istota ma utrudnienie w testach ataku przeciw tobie. <br>3.Przeklęta istota na początku każdej swojej tury, wykonuje rzut obronny na Mądrość. W przypadku niepowodzenia, nie robi nic w ramach swojej akcji w tej turze. <br>4.Twoje ataki i zaklęcia zadają przeklętej istocie dodatkowe 1k8 obrażeń nekrotycznych. Efekt ten można usunąć czarem zdjęcie klątwy. Za zgodą<br>MP, możesz nałożyć klątwę o innym efekcie, przy czym nie powinien być on potężniejszy od tych opisanych powyżej. W kwestii działania takiej klątwy, decyzja należy do MP...<br><br>Podręcznik gracza str.237<br><br>";"Mag"
"3";"NIEWYKRYWALNOŚĆ";" Odpychanie, 3. krąg";" 1 akcja";" Dotyk";" W, S, M (szczypta diamentowego pyłu o wartości 25 sz, którym należy obsypać cel, zużywana przez zaklęcie)";" 8 godzin";" Na czas trwania zaklęcia, ukrywasz dotknięty cel przed magią wieszczenia. Celem może być przychylne stworzenie, miejsce albo obiekt, którego żaden z wymiarów nie przekracza 3 metrów.<br><br>Chronionego tym zaklęciem celu nie można objąć magią wieszczenia ani wykryć magicznymi czujnikami.";"Mag"
"3";"OCHRONA PRZED ENERGIĄ";" Odpychanie, 3. krąg";" 1 akcja";" Dotyk";" W, S";" Koncentracja, do 1 godziny";" Podczas trwania czaru, przychylne stworzenie jest odporne na obrażenia wybranego przez ciebie typu: od dźwięku, elektryczności, kwasy, ognia, albo zimna.";"Mag"
"3";"ODDYCHANIE POD WODĄ";" Przemiany, 3. krąg (rytuał)";" 1 akcja";" 9 metrów";" W, S, M (krótka trzcina lub kawałek słomy)";" 24 godziny";" Czar umożliwia oddychanie pod wodą dziesięciu wybranym, przychylnym istotom, które widzisz w zasięgu czaru. Istoty te mogą też nadal oddychać w normalny sposób.";"Mag"
"3";"PIORUN";" Wywoływanie, 3. krąg";" 1 akcja";" Na siebie (prosta o długości 30 metrów)";" W, S, M (odrobina futra oraz bursztynowy, kryształowy lub szklany pręt)";" Natychmiastowy";" Piorun uderza od ciebie w wybranym kierunku, tworząc prostą o długości 30 metrów i szerokości 1,5 metra. Każda istota, która się na niej znajdzie, wykonuje rzut obronny na Zręczność. W przypadku niepowodzenia, otrzymuje 8k6 obrażeń od elektryczności. Udany rzut zmniejsza obrażenia o połowę. <br><br>Piorun podpala łatwopalne rzeczy na swej drodze, o ile nie są przez kogoś trzymane lub noszone.<br><br>Na wyższych kręgach. Jeśli rzucasz ten czar,<br>wykorzystując komórkę co najmniej 4. kręgu, za każdy krąg powyżej 3. zwiększasz obrażenia o 1k6.";"Mag"
"3";"POZÓR ŚMIERCI";" Nekromancja, 3. krąg (rytuał)";" 1 akcja";" Dotyk";" W, S, M (szczypta cmentarnej ziemi)";" 1 godzina";" Dotykasz przychylnej istoty i wprowadzasz ją w stan nieodróżnialny od śmierci. <br><br>Przez cały czas trwania czaru, lub do chwili, w której wykorzystasz swoją akcję na dotknięcie celu i zakończenie czaru, istota nim objęta wydaje się martwa, co wykazuje każde zewnętrzne badanie oraz zaklęcie określające stan celu. Istota jest oślepiona i obezwładniona, a jej szybkość spada do 0. Ma odporność na wszelkie obrażenia poza psychicznymi. <br><br>Jeżeli cel był chory lub zatruty podczas rzucania zaklęcia, albo został zarażony lub zatruty w trakcie jego trwania, to działanie choroby bądź trucizny zostaje wstrzymane do zakończenia czaru.";"Mag"
"3";"PRZECIWZAKLĘCIE";" Odpychanie, 3. krąg";" 1 reakcja podejmowana, gdy widzisz istotę rzucającą czar w obrębie 18 metrów";" 18 metrów";" S";" Natychmiastowy";" Próbujesz przerwać proces rzucania czaru przez inną istotę. Jeśli rzuca ona czar z kręgu 3. lub niższego, to jej zaklęcie kończy się fiaskiem i nie przynosi żadnych efektów. Jeśli jednak rzuca czar co najmniej 4. kręgu, wykonaj test swojej cechy bazowej. ST wynosi 10 + krąg czaru. Przy udanym teście, rozpraszasz rzucanie zaklęcia i nie przynosi ono żadnych efektów.<br><br>Na wyższych kręgach. Jeśli rzucasz ten czar,<br>wykorzystując komórkę co najmniej 4. kręgu, przerwane zaklęcie nie przynosi efektów, jeśli jego krąg nie przewyższa tego, z którego rzucasz przeciwzaklęcie.";"Mag"
"3";"PRZYSPIESZENIE";" Przemiany, 3. krąg";" 1 akcja";" 9 metrów";" W, S, M (wiórek z korzenia lukrecji)";" Koncentracja, do 1 minuty";" Wybierz przychylną istotę, którą widzisz w zasięgu czaru. Podczas działania zaklęcia porusza się ona z podwójną szybkością, otrzymuje modyfikator +2 KP, ma ułatwienie w rzutach obronnych na Zręczność oraz zyskuje dodatkową akcję w każdej swojej turze. Akcja ta może zostać wykorzystana tylko jako: Atak (pojedynczy), Odstąpienie, Sprint, Ukrycie się lub Użycie obiektu.<br><br>Kiedy czar dobiegnie końca, jego cel nie może się poruszyć ani wykonać akcji do końca swojej następnej tury, ponieważ dogania go własne zmęczenie.";"Mag"
"3";"ROZPROSZENIE MAGII";" Odpychanie, 3. krąg";" 1 akcja";" 36 metrów";" W, S";" Natychmiastowy";" Wybierz jedną istotę, obiekt lub magiczny efekt w zasięgu czaru. Każde zaklęcie 3. lub niższego kręgu wpływające na nie, dobiega końca. Dla każdego zaklęcia z kręgu 4. lub wyższego, działającego na wybrany cel, wykonaj test swojej cechy bazowej o ST w wysokości 10 + krąg czaru. Po udanym rzucie, to zaklęcie zostaje rozproszone.<br><br>Na wyższych kręgach. Jeśli rzucasz ten czar,<br>wykorzystując komórkę co najmniej 4. kręgu, automatycznie rozpraszasz działające na wybrany cel zaklęcia z kręgu równego, lub mniejszego niż ten, z którego rzucasz<br>rozproszenie magii.";"Mag"
"3";"SPOWOLNIENIE";" Przemiany, 3. krąg";" 1 akcja";" 36 metrów";" W, S, M (kropla melasy)";" Koncentracja do 1 minuty";" Przekształcasz czas wokół maksymalnie 6 wybranych istot znajdujących się na obszarze w kształcie sześcianu o boku 12 metrów i w zasięgu czaru. Każda z nich musi wykonać rzut obronny na Mądrość. W przypadku niepowodzenia, zostanie objęta działaniem czaru na czas jego trwania. Szybkość istoty objętej czarem zostaje zmniejszona o połowę. Otrzymuje ona także modyfikator -2 do KP i rzutów obronnych na Zręczność, nie może też używać reakcji. W swojej turze może jedynie wykonać akcję albo akcję dodatkową, nigdy obie. Niezależnie. od swoich zdolności lub posiadanych magicznych, przedmiotów nie może w swojej turze wykonać więcej niż jednego ataku wręcz lub dystansowego. Jeżeli spowolniona istota próbuje rzucić zaklęcie, którego czas rzucania wynosi jedną akcję, rzuć k20. Wynik powyżej 10 oznacza, że zaklęcie nie przynosi efektu aż do następnej tury rzucającego, w której musi on je dokończyć. Jeśli tego nie zrobi, to zaklęcie zostaje zmarnowane. <br><br>Istota objęta działaniem tego czaru, pod koniec każdej ze swoich tur ponawia rzut obronny na Mądrość.. Sukces uwalnia ją spod działania czaru.";"Mag"
"3";"STRACH";" Iluzje, 3. krąg";" 1 akcja";" Na siebie (stożek o długości 8 metrów)";" W, S, M (białe piórko lub kurze serce)";" Koncentracja, do 1 minuty";" Tworzysz koszmarną projekcję najgorszych lęków innego stworzenia. Każda istota na obszarze stożka o długości 9m, musi wykonać rzut obronny na mądrość. W przypadku niepowodzenia, upuszcza trzymane rzeczy i staje się przerażona na czas działania czaru. <br>Przerażone stworzenie wykonuje z utrudnieniem wszystkie testy cech i testy ataku, jeśli źródło jej strachu znajduje się w zasięgu wzroku. Przerażone stworzenie nie może z własnej woli zbliżyć się do źródła swego strachu.<br><br>Istota przerażona tym czarem, musi w każdej swojej turze wykonać akcję Sprintu, by jak najbardziej oddalać się od ciebie najbezpieczniejszą możliwą drogą, chyba że nie ma dokąd uciec. Jeśli zakończysz swoją turę w miejscu, w którym nie ma cię już w zasięgu wzroku, może wykonać rzut obronny na Mądrość. Jeśli jej się powiedzie, wyzwala się spod efektu przerażenia.";"Mag"
"3";"ŚMIERDZĄCA CHMURA";" Przywoływanie, 3. krąg";" 1 akcja";" 27 metrów";" W, S, M (zgniłe jajo lub kilka liści skupni)";" Koncentracja, do 1 minuty";" Przywołujesz chmurę żółtego, obrzydliwego gazu, która przyjmuje kształt kuli o średnicy 6m i środka we wskazanym miejscu w zasięgu czaru. Chmura rozprzestrzenia się za rogi i załomy, tworzy obszar o słabej widoczności i unosi się<br>w powietrzu do końca działania zaklęcia.<br><br>Każde stworzenie znajdujące się w całości w chmurze, na początku swojej tury, musi wykonać rzut obronny na Kondycję przeciw truciźnie. W przypadku niepowodzenia, zużywa swoją akcję w tej turze na walkę z nudnościami i zawrotami głowy. Istoty, które nie muszą oddychać lub są<br>niepodatne na trucizny, odnoszą w tym rzucie automatyczny sukces.<br><br>Umiarkowany wiatr (co najmniej 15 km/h), rozwiewa chmurę w ciągu 4 rund. Silny wiatr (co najmniej 30km/h), rozwiewa ją w ciągu 1 rundy.";"Mag"
"3";"ŚNIEŻYCA";" Przywoływanie, 3. krąg";" 1 akcja";" 45 metrów";" W, S, M (szczypta pyłu lub kilka krople wody)";" Koncentracja (do 1 minuty)";" Marznący deszcz ze śniegiem pada podczas działania czaru na obszarze w kształcie cylindra o wysokości 6 metrów i promieniu 12 metrów, z punktem wyjścia we wskazanym miejscu w zasięgu czaru. Tworzy obszar pozbawiony<br>widoczności i gasi nieosłonięte płomienie.<br><br>Ziemia na obszarze czaru pokrywa się mokrym lodem, czyniącym z niej trudny teren. Stworzenie wchodzące w obszar czaru po raz pierwszy w swojej turze, lub rozpoczynające na nim swoją turę, musi wykonać rzut obronny na Zręczność. W przypadku niepowodzenia, zostaje powalone.<br><br>Istota rozpoczynająca swoją turę w obszarze objętym śnieżycą i koncentrująca się na zaklęciu, musi wykonać rzut obronny na Kondycję o ST rzutu obronnego przeciw twoim czarom. W przypadku niepowodzenia traci koncentrację.";"Mag"
"3";"WAMPIRYCZNY DOTYK";" Nekromancja, 3. krąg";" 1 akcja";" Na siebie";" W, S";" Koncentracja, do 1 minuty";" Dotyk twojej spowitej cieniem dłoni potrafi wyssać siły życiowe z innych, by cię uleczyć. Wykonaj atak wręcz czarem przeciw istocie w sferze ataku. Przy trafieniu zadajesz 3k6 obrażeń nekrotycznych i odzyskujesz punkty wytrzymałości w liczbie połowy zadanych obrażeń. W czasie działania czaru, możesz wykorzystywać akcje w swoich turach, by ponawiać ten atak.<br><br>Na wyższych kręgach. Jeśli rzucasz ten czar,<br>wykorzystując komórkę co najmniej 4. kręgu, za każdy krąg powyżej 3., zwiększasz zadawane obrażenia o 1k6.";"Mag"
"3";"WIDMOWY WIERZCHOWIEC";" Iluzje, 3. krąg (rytuał)";" 1 minuta";" 9 metrów";" W, S";" 1 godzina";" Duże, na wpół rzeczywiste stworzenie podobne do konia, pojawia się na ziemi w wybranym wolnym miejscu w zasięgu czaru. Sam decydujesz o wyglądzie istoty, ale jest ona wyposażona w siodło, uzdę i wędzidło. Jeżeli którykolwiek z tych elementów wyposażenia oddali się od wierzchowca na ponad 3 metry, znika w kłębie dymu.<br><br>Podczas działania czaru, wierzchowca możesz dosiadać ty lub wskazana przez ciebie istota. Stworzenie korzysta ze statystyk konia wierzchowego, z tą różnicą, że ma szybkość<br>30 metrów i może podróżować z prędkością 15 km/h (lub 20 km/h szybkim tempem).<br><br>Kiedy zaklęcie się kończy, wierzchowiec stopniowo znika, dając jeźdźcowi minutę na zejście ze swojego grzbietu.<br><br>Czar kończy się także, gdy odwołasz wierzchowca w ramach swojej akcji, albo gdy otrzyma on obrażenia.";"Mag"
"3";"WIĘKSZY OBRAZ";" Iluzje, 3. krąg";" 1 akcja";" 36 metrów";" W, S, M (odrobina runa)";" Koncentracja, do 10 minut";" Tworzysz iluzoryczny obraz obiektu, istoty, itp., mieszczący się w sześcianie o boku 6m.Obraz pojawia się w miejscu, które widzisz w zasięgu, i istnieje przez cały czas trwania czaru. Iluzja zawiera dźwięki, zapachy i odczucia temperatury odpowiednie dla kopiowanej rzeczy. Nie możesz w ten sposób stworzyć wystarczającej ilości ciepła zimna, dźwięku, zapachu by spowodować obrażenia. Możesz w ramach swojej akcji przenieść obraz w inne miejsce. Gdy zmienia on swoje położenie, możesz wpłynąć na jego wygląd tak, by oddawał naturalny ruch imitowanej rzeczy. Możesz też sprawić, by iluzji towarzyszyły dźwięki, pojawiające się w różnych momentach, a nawet sprawiające wrażenie rozmowy. Fizyczny kontakt z obrazem zdemaskuje iluzję. Stworzenie może w ramach swojej akcji zbadać obraz i rozpoznać w nim iluzję, dzięki udanemu testowi Inteligencji (Śledztwo) o ST rzutu obronnego przeciw twoim czarom. Istota, która poznała się na iluzji, może widzieć przez jej obraz, a pozostałe składowe sensoryczne stają się dla niej słabe i niewyraźne. Na wyższych kręgach. Jeśli rzucasz ten czar, wykorzystując komórkę co najmniej 6. kręgu, będzie on trwał do rozproszenia, bez potrzeby twojej koncentracji.";"Mag"
"3";"ZDJĘCIE KLĄTWY";" Odpychanie, 3. krąg";" 1 akcja";" Dotyk";" W, S";" Natychmiastowy";" Pod twoim dotknięciem, kończą się wszelkie klątwy nałożonej na istotę lub obiekt.<br><br>Jeżeli tym obiektem jest przeklęty, magiczny przedmiot, to jego klątwa trwa, ale rzucone zaklęcie zrywa jego powiązanie z ofiarą, tak że może go ona zdjąć lub wyrzucić.";"Mag"
"4";"BURZA LODU";" Wywoływanie, 4. krąg";" 1 akcja";" 90 metrów";" W, S, M (szczypta pyłu i kilka kropli wody)";" Natychmiastowy";" W ziemię uderzają twarde jak skała lodowe odłamki. Gradobicie ma kształt walca o promieniu 6 metrów i wysokości 12 metrów, którego punkt wyjścia znajduje się w zasięgu czaru.<br><br>Każde stworzenie w tym obszarze musi wykonać rzut obronny na Zręczność. W przypadku niepowodzenia otrzymuje 2k8 obrażeń obuchowych i 4k6 obrażeń od zimna. Udany rzut zmniejsza obrażenia o połowę.<br><br>Do końca twojej następnej tury, grad zmienia obszar działania czaru w trudny teren.<br><br>Na wyższych kręgach. Jeśli rzucasz ten czar,<br>wykorzystując komórkę co najmniej 5. kręgu, za każdy krąg powyżej 4. zwiększasz obrażenia obuchowe o 1k8.";"Mag"
"4";"CZARNE MACKI EVARDA";" Przywoływanie, 4. krąg";" 1 akcja";" 27 metrów";" W, S, M (fragment macki olbrzymiej ośmiornicy lub kałamarnicy)";" Koncentracja, do 1 minuty";" Przywołujesz wijące się czarne macki, które pokrywają kwadrat podłoża o boku 6 metrów w widocznym miejscu w zasięgu czaru. Obszar ten staje się trudnym terenem na czas trwania zaklęcia.<br><br>Istota wchodząca tam po raz pierwszy w swojej turze, albo rozpoczynająca tam swoją turę, musi wykonać rzut obronny na Zręczność. W przypadku niepowodzenia otrzymuje 3k6<br>obrażeń obuchowych i zostaje unieruchomiona aż do wygaśnięcia czaru. Unieruchomiona istota rozpoczynająca swoją turę na obszarze macek, otrzymuje 3k6 obrażeń obuchowych.<br><br>Istota pochwycona mackami, może w ramach swojej akcji próbować się uwolnić. W tym celu, musi zdać test Siły lub Zręczności (według swojego wyboru) o ST rzutu obronnego<br>przeciw twoim czarom.";"Mag"
"4";"DRZWI PRZEZ WYMIARY";" Przywoływanie, 4. krąg";" 1 akcja";" 150 metrów";" W";" Natychmiastowy";" Teleportujesz się do innego miejsca znajdującego się w zasięgu czaru. Pojawiasz się dokładnie w wybranym punkcie. Może to być miejsce, które widzisz albo które potrafisz sobie wyobrazić lub opisać, określając kierunek i odległość, na przykład: ,,60 metrów prosto w dól albo ,,w górę na północny zachód pod kątem 45 stopni, 90 metrów. <br><br>Możesz przemieścić się razem z przedmiotami, których łączny ciężar nie przekracza twojego udźwigu, a także zabrać ze sobą jedną przychylną istotę w rozmiarze nieprzekraczającym twojego, której wyposażenie nie przekracza jej udźwigu. W momencie rzucania czaru musi znajdować się ona nie dalej niż 1,5 metra od ciebie. Jeśli mielibyście pojawić się w miejscu zajętym przez jakiś obiekt albo stworzenie, ty i towarzysząca ci istota otrzymujecie po<br>4k6 obrażeń od mocy, a czar się nie udaje.";"Mag"
"4";"ILUZORYCZNY TEREN";" Iluzje, 4. krąg";" 10 minut";" 90 metrów";" W, S, M (kamień, gałązka i fragment rośliny zielonej)";" 24 godziny";" Sprawiasz, że naturalny teren w obrębie sześcianu o boku 45 metrów zaczyna wyglądać, pachnieć i brzmieć, jakby był naturalnym terenem innego typu. Pole albo droga mogą wydać się bagniskiem, wzgórzem, rozpadliną lub innym trudnym albo wręcz nieprzebytym terenem. Staw możesz skryć pod iluzją wonnej łąki, przepaść pokazać jako łagodny stok, skalisty wąwóz może zostać szeroką i równą drogą. Nie wpływasz na wygląd wytworzonych obiektów znajdujących się na tym obszarze, takich jak budowle czy wyposażenie, ani przebywających tam stworzeń.<br><br>Namacalnie teren nie ulega jednak zmianie, więc stworzenia wchodzące na jego obszar łatwo przejrzą iluzję. Jeśli różnica w dotyku nie jest oczywista, istota badająca uważnie iluzję może wykonać test Inteligencji (Śledztwo) o ST rzutu<br>obronnego przeciw twoim czarom, by przestać w nią wierzyć. Istota, która przejrzała iluzję, widzi jej nikły obraz nałożony na prawdziwy teren.";"Mag"
"4";"KAMIENNA SKÓRA";" Odpychanie, 4. krąg";" 1 akcja";" Dotyk";" W, S, M (diamentowy pył o wartości 100 sz, zużywany przez zaklęcie)";" Koncentracja, do 1 godziny";" Zaklęciem tym sprawiasz, że ciało dotkniętego przychylnego stworzenia staje się twarde jak głaz.<br><br>Do końca trwania czaru, jego cel jest odporny na niemagiczne obrażenia cięte, kłute i obuchowe.";"Mag"
"4";"KAMIENNY KSZTAŁT";" Przemiany, 4. krąg";" 1 akcja";" Dotyk";" W, S, M (miękka glina ukształtowana z grubsza na podobieństwo żądanego kształtu)";" Natychmiastowy";" Dotykasz kamiennego obiektu rozmiaru Średniego lub mniejszego, albo części kamienia, której żaden wymiar nie przekracza 1,5 metra, po czym dowolnie je formujesz.<br><br>Przykładowo, możesz uformować broń, posążek czy skrzynię z dużego kamienia albo otworzyć niewielkie przejście w murze, o ile nie jest on grubszy niż 1,5 metra.<br><br>Możesz także przekształcić kamienne drzwi lub ich futrynę tak, że nie dadzą się już otworzyć. Stworzony obiekt może mieć do dwóch zawiasów i zasuwę, ale bardziej zaawansowane elementy mechaniczne są niewykonalne.";"Mag"
"4";"KONTROLA WODY";" Przemiany, 4. krąg";" 1 akcja";" 90 metrów";" W, S, M (kropla wody, szczypta pyłu)";" Koncentracja, do 10 minut";" Kontrolujesz zbiornik wody mieszczący się w obrębie sześcianu o boku 30m. Wybierasz jeden efekt, w ramach akcji w swojej turze możesz go powtórzyć, albo wybrać inny.<br>*Powódź. <br>*Rozdzielenie wód. <br>*Zawrócenie biegu. <br>*Wir. <br><br>Dokładne działanie tej opcji, opisane na stronie 228.";"Mag"
"4";"MAGICZNE OKO";" Wieszczenie, 4. krąg";" 1 akcja";" 9 metrów";" W, S, M (odrobiona futra nietoperza)";" Koncentracja, do 1 godziny";" Tworzysz w zasięgu czaru niewidzialne magiczne oko, unoszące się w powietrzu przez cały czas trwania zaklęcia. <br>Telepatycznie odbierasz widziane przez nie obrazy. Oko posiada zdolność widzenia w normalnych warunkach oraz widzenia w ciemności na odległość 9 metrów. Może patrzeć w każdym kierunku. <br>W ramach swojej akcji możesz przemieścić oko do 9 metrów w dowolnym kierunku. Nie ma ograniczeń odległości, na jaką możesz oddalić je od siebie, ale nie może ono zmienić sfery egzystencji. Ruch oka może zostać zablokowany przez twardą przeszkodę, ale może się ono przedostać nawet przez otwory o średnicy 2 centymetrów.";"Mag"
"4";"ODNALEZIENIE ISTOTY";" Wieszczenie, 4. krąg";" 1 akcja";" Na siebie";" W, S, M (odrobina sierści psa gończego)";" Koncentracja, do 1 godziny";" Podajesz opis lub nazwę znanej ci istoty. <br> Wyczuwasz, w jakim kierunku się znajduje, o ile nie jest oddalona od ciebie o więcej niż 300 metrów. Jeśli się porusza, dowiadujesz się, w<br>jakim kierunku. <br><br>Przy pomocy tego czaru, możesz odnaleźć konkretną znaną istotę albo najbliższe stworzenie określonego rodzaju (na przykład człowieka albo jednorożca), o ile widziałeś takie przynajmniej raz z odległości do 9 metrów. Jeśli forma poszukiwanej istoty została zmieniona, na przykład zaklęciem polimorfia, to ten czar jej nie odnajdzie. Czar nie zadziała także, jeśli od poszukiwanej istoty dzieli cię płynąca woda o szerokości co najmniej 3 metrów (patrząc w<br>linii prostej).";"Mag"
"4";"OSOBISTE SANKTUARIUM MORDENKAINENA";" Odpychanie, 4. krąg";" 10 minut";" 36 metrów";" W, S, M (cienki arkusz ołowiu, kawałek matowego szkła kłębek tkaniny i sproszkowany chryzolit)";" 24 godziny";" Magicznie zabezpieczasz obszar o boku 5-30cm. Możesz wybrać dowolne lub wszystkie z podanych możliwości:<br>*Przez ścianę obszaru nie może przedostać się żaden dźwięk.<br>*Ściany wyglądają na ciemne i zamglone. Nie można przez nie zobaczyć, nawet przy użyciu widzenia w ciemności.<br>*Magiczne czujniki stworzone zaklęciami wieszczenia nie mogą pojawić się w obszarze ani do niego przemknąć.<br>*Istoty w obszarze nie można namierzyć magią wieszczenia.<br>*Nie można teleportować niczego z, ani do tego obszaru...<br><br>Podręcznik gracza str.242<br>";"Mag"
"4";"PLAGA";" Nekromancja, 4. krąg";" 1 akcja";" 9 metrów";" W, S";" Natychmiastowy";" Nekrotyczna energia oblepia istotę, którą wskażesz w zasięgu czaru, pozbawiając jej ciało wilgoci i żywotności. Cel zaklęcia musi wykonać rzut obronny na Kondycję. W przypadku niepowodzenia otrzymuje 8k8 obrażeń nekrotycznych. Udany rzut zmniejsza obrażenia o połowę. Zaklęcie nie ma wpływu na konstrukty i nieumarłych. Jeśli celem zaklęcia jest magiczna roślina lub stworzenie typu roślinnego, to rzut obronny przeprowadza z utrudnieniem, a zaklęcie zadaje maksymalne obrażenia. Jeżeli zaś celem zaklęcia jest zwykła roślina nierozumna, na przykład drzewo czy krzew, to nie wykonuje ona rzutu obronnego, lecz od razu więdnie i umiera.<br><br>Na wyższych kręgach: Jeśli rzucasz ten czar,<br>wykorzystując komórkę co najmniej 5. kręgu, za każdy krąg powyżej 4. zwiększasz obrażenia o l k8.";"Mag"
"4";"POLIMORFIA";" Przemiany, 4. krąg";" 1 akcja";" 18 metrów";" W, S, M (kokon gąsienicy)";" Koncentracja, do 1 godziny";" Polimorfujesz istotę. Musi ona wykonać udany rzut obronny na Mądrość, by tego uniknąć. <br>zaklęcie nie działa na zmiennokształtnych, ani istoty mające 0 PW. Zmiana formy trwa, dopóki działa czar, a jego cel żyje i ma więcej niż 0 PW. Nową formą może być postać jakiejkolwiek bestii o stopniu wyzwania nie większym od SW polimorfowanej istoty (lub od jej poziomu, jeśli nie posiada ona stopnia wyzwania). Statystyki nowej formy, w tym cechy umysłowe, zostaną zastąpione statystykami wybranej bestii. Zachowany zostaje tylko charakter i osobowość.<br>Polimorfowana istota przyjmuje punkty wytrzymałości swojej nowej formy. Wracając do swej naturalnej postaci. powraca też do poziomu punktów wytrzymałości, jaki miała przed przemianą. Jeśli powraca do naturalnej postaci w efekcie spadku punktów wytrzymałości do 0, to pozostałe obrażenia otrzymuje jej naturalna forma. Jeśli w efekcie jej naturalne PW nie spadną do 0, pozostaje przytomna. Akcje istoty ograniczone są możliwościami jej nowej formy, a przy tym nie może mówić, rzucać zaklęć ani przeprowadzać innych akcji wymagających użycia rąk lub mowy. Wyposażenie stapia się z nową formą i istota nie może z niego korzystać ";"Mag"
"4";"PRODUKCJA";" Przemiany, 4. krąg";" 10 minut";" 36 metrów";" W, S";" Natychmiastowy";" Dokonujesz przemiany surowych materiałów w złożone z nich produkty. Np. drewniany most z kępy drzew, skręcasz sznur z grządki konopi albo zmieniasz len na wełnę lub gotowe ubrania.<br><br>Wybierz surowce, które widzisz w zasięgu czaru. Dysponując ich odpowiednią ilością, możesz wytworzyć Duży lub mniejszy przedmiot, mieszczący się w sześcianie o boku 3 metrów, lub w 8 połączonych sześcianów o boku 1,5m. Jeśli pracujesz z metalem, kamieniem lub innym surowcem mineralnym, to wytwarzany przedmiot może być nie większy niż Średni i musi mieścić się w pojedynczym sześcianie o boku 1,5 metra. Jakość otrzymanego przedmiotu odpowiada jakości użytych przedmiotów.<br><br>Nie możesz tym zaklęciem stworzyć lub przetworzyć istot lub magicznych przedmiotów. Nie możesz także użyć go do stworzenia rzeczy, które zwykle wymagają wysokiego stopnia znajomości rzemiosła, takich jak: biżuteria, bronie, kieliszki lub pancerze, chyba że biegle posługujesz się narzędziami służącymi do wytwarzania takich rzeczy.";"Mag"
"4";"PRZYWOŁANIE MNIEJSZYCH ŻYWIOŁAKÓW";" Przywołanie, 4. krąg";" 1 minuta";" 27 metrów";" W, S";" Koncentracja, do 1 godziny";" Wybierz jedną z możliwości przywołanych żywiołaków:<br>*1 żywiołak o stopniu wyzwania nie większym niż 2,<br>*2 żywiołaki o stopniu wyzwania nie większym niż 1,<br>*4 żywiołaki o stopniu wyzwania nie większym niż ½,<br>*8 żywiołaków o stopniu wyzwania nie większym niż ¼.<br>Przywołana istota znika, kiedy jej punkty wytrzymałości spadają do 0 lub gdy czar dobiega końca. Istoty są przyjazne tobie i twoim sprzymierzeńcom. Wykonujesz za nie (grupowo) rzut na inicjatywę, gdyż będą działać w swojej turze. Są posłuszne twoim słownym poleceniom (nie wymagają one twoich akcji). Jeśli nie wydasz<br>polecenia, przywołane istoty ograniczą się do obrony przed wrogami, ale nie będą podejmować innych akcji. MP dysponuje statystykami przywołanych żywiołaków. Na wyższych kręgach. Jeśli rzucasz ten czar, wykorzystując komórkę wyższego kręgu, przywołujesz więcej istot z wybranego wariantu: dwa razy więcej na 6. kręgu i trzy razy więcej na 8. kręgu.";"Mag"
"4";"SEKRETNY KUFER LEOMUNDA";" Przywoływanie, 4. krąg";" 1 akcja";" Dotyk";" W, S, M (kunsztowny kufer 90x60x60cm, wykonany z materiałów o wartości > 5000 sz, oraz jego Malutka replika z takich samych materiałów o wartości co najmniej 50 sz)";" Natychmiastowy";" Ukrywasz kufer wraz z zawartością w Sferze Eterycznej. Musisz dotknąć jego oraz miniaturowej repliki. Kufer może zawierać do 0,3 metra sześciennego materii nieożywionej (90x60x60 centymetrów).<br><br>Dopóki kufer przebywa w Sferze Eterycznej, możesz przywołać go w ramach swojej akcji, dotykając jego repliki. Pojawia się w wolnym miejscu na ziemi do 1,5m od ciebie. Możesz w ramach swojej akcji odesłać go z powrotem, dotykając jednocześnie kufra i repliki...<br><br>Podręcznik gracza str.261<br><br><br>";"Mag"
"4";"SPRĘŻYSTA SFERA OTILUKE'A";" Wywoływanie, 4. krąg";" 1 akcja";" 9 metrów";" W, S, M (przezroczysta kryształowa półkula i dopasowana do niej półkula z gumy arabskiej)";" Koncentracja, do 1 minuty";" Sfera migoczącej energii otacza Dużą lub mniejszą istotę albo obiekt w zasięgu czaru. Istota nieprzychylna musi wykonać rzut obronny na Zręczność. W przypadku niepowodzenia,<br>zostaje zamknięta w sferze na czas trwania czaru. Nic nie może przeniknąć bariery w żadną stronę. Sfera jest niepodatna na wszystkie typy obrażeń, a jej zawartości nie można uszkodzić czy zranić atakami ani efektami z zewnątrz. Istota przebywająca wewnątrz sfery nie może uszkodzić niczego na zewnątrz. Bariera nie posiada masy i jest wystarczająco duża, by pomieścić zamkniętą istotę lub rzecz. Stworzenie znajdujące się wewnątrz, może w ramach swojej akcji napierać na ścianę sfery i dzięki temu ją toczyć, poruszając się z połową swojej szybkości. Sfera może również zostać podniesiona i przemieszczona przez inne istoty. Czar dezintegracji rzucony na sferę niszczy ją, nie naruszając jej zawartości.";"Mag"
"4";"ŚCIANA OGNIA";" Wywoływanie, 4. krąg";" 1 akcja";" 36 metrów";" W, S, M (niewielki kawałek fosforu)";" Koncentracja, do 1 minuty";" Na stałej powierzchni w zasięgu czaru, wywołujesz ścianę ognia. Możesz nadać jej formę płaskiego muru o długości do 18 metrów, wysokości do 6 metrów i grubości 30 centymetrów, albo pierścienia o średnicy do 6 metrów, wysokości do 6 metrów i grubości 30 centymetrów. Ściana jest nieprzezroczysta i istnieje przez cały czas działania zaklęcia.<br><br>W momencie pojawienia się ściany, każda istota<br>przebywająca w jej obszarze, musi wykonać rzut obronny na Zręczność. W przypadku niepowodzenia, otrzymuje 5k8 obrażeń od ognia. Udany rzut zmniejsza obrażenia o połowę. Jedna ze stron ściany, wybierana podczas rzucania zaklęcia, zadaje 5k8 obrażeń każdemu stworzeniu, które kończy swoją turę po tej stronie w odległości do 3 metrów od ściany. Tyle samo obrażeń otrzymuje stworzenie wchodzące w obszar ściany po raz pierwszy w swojej turze, lub kończące w nim swoją turę. Druga strona ściany ognia nie zadaje obrażeń.<br><br> Na wyższych kręgach. Jeśli rzucasz ten czar, wykorzystując komórkę co najmniej 5. kręgu, za każdy krąg powyżej 4. zwiększasz zadawane obrażenia o 1k8.";"Mag"
"4";"TARCZA OGNIA";" Wywoływanie, 4. krąg";" 1 akcja";" Na siebie";" W, S, M (kawałek fosforu lub świetlik)";" 10 minut";" Podczas działania czaru, twoje ciało spowijają cienkie pasma płomieni emanujące jasnym światłem w promieniu 3 metrów i słabym światłem w promieniu kolejnych 3 metrów. Możesz wygasić to zaklęcie w ramach swojej akcji.<br><br>W zależności od twego wyboru, płomienie tworzą ciepłą tarczę lub chłodną tarczę. Ciepła tarcza zapewnia odporność na obrażenia od zimna, zaś chłodna – na obrażenia od ognia.<br><br>Ponadto, za każdym razem, gdy istota znajdująca się 1,5 metra od ciebie trafia cię atakiem, otrzymuje 2k8 obrażeń od zimna lub ciepła, w zależności od wybranej tarczy.";"Mag"
"4";"UROJONY ZABÓJCA";" Iluzje, 4. krąg";" 1 akcja";" 36 metrów";" W, S";" Koncentracja, do 1 minuty";" Czerpiesz wprost z koszmarów wybranej istoty, którą widzisz w zasięgu czaru i tworzysz widoczne tylko dla niej iluzoryczne ucieleśnienie jej największych lęków.<br><br>Cel zaklęcia musi wykonać rzut obronny na Mądrość. W przypadku niepowodzenia, zostaje przerażony na czas trwania czaru.<br><br>Pod koniec każdej swojej tury, cel musi wykonać rzut obronny na Mądrość. W przypadku niepowodzenia, otrzymuje 4k10 obrażeń psychicznych. Udany rzut oznacza wyzwolenie się spod działania zaklęcia.<br><br>Na wyższych kręgach. Jeśli rzucasz ten czar,<br>wykorzystując komórkę co najmniej 5. kręgu, za każdy krąg powyżej 4., zwiększasz zadawane obrażenia o 1k10.";"Mag"
"4";"WIERNY OGAR MORDENKAINENA";" Przywoływanie, 4. krąg";" 1 akcja";" 9 metrów";" W, S, M (malutki srebrny gwizdek, kawałek kości i nić)";" 8 godzin";" Przyzywasz widmowego psa stróżującego. Zniknie przed zakończeniem czaru, jeśli odwołasz go w ramach swojej akcji, albo oddalisz się na więcej niż 30 metrów od niego.<br><br>Pies jest niewidzialny dla wszystkich prócz ciebie i nie da się go skrzywdzić. Podczas rzucania czaru określasz hasło. Kiedy Mała lub większa istota, która tego hasła nie poda, zbliży się na odległość do 9 metrów od psa, zacznie on głośno ujadać. Ogar potrafi dostrzec niewidzialne istoty, ma wgląd w Sferę Eteryczną i nie zwraca uwagi na iluzje.<br><br>Na początku każdej z twoich tur, pies próbuje ugryźć jedną wrogą ci istotę, przebywającą w obrębie 1,5 metra od niego. Jego premia do ataku równa jest modyfikatorowi z cechy bazowej + twojej premii z biegłości. Przy trafieniu, zadaje 4k8 obrażeń kłutych.";"Mag"
"4";"WIĘKSZA NIEWIDZIALNOŚĆ";" Iluzje, 4. krąg";" 1 akcja";" Dotyk";" W, S";" Koncentracja, do 1 minuty";" Dotknięta przez ciebie istota, staje się niewidzialna na czas trwania czaru. Całe wyposażenie, jakie nosi lub ma przy sobie cel zaklęcia, jest niewidzialne, dopóki nie opuści jego posiadania.";"Mag"
"4";"WYPĘDZENIE";" Odpychanie, 4. krąg";" 1 akcja";" 18 metrów";" W, S, M (przedmiot obrzydliwy dla celu czaru)";" Koncentracja, do 1 minuty";" Podejmujesz próbę odesłania istoty, którą widzisz w zasięgu czaru, do innej sfery egzystencji. Musi ona wykonać rzut obronny na Charyzmę. W przypadku niepowodzenia, zostaje wygnana. Jeżeli pochodzi ze sfery egzystencji, w której aktualnie przebywasz, to znika i pojawia się obezwładniona w neutralnej demisferze. Pozostaje tam do zakończenia czaru,<br>po czym powraca w miejsce, z którego zniknęła (lub w najbliższe wolne).<br><br>Natomiast jeżeli stworzenie pochodzi z innej sfery egzystencji niż ta, w której rzucasz czar, to zostaje wypędzone i z cichym trzaskiem powraca do swojej rodzimej sfery. Jeżeli zaklęcie skończy się przed upływem 1 minuty, odesłany cel pojawia się z powrotem w miejscu, z którego go wygnałeś, lub w najbliższym wolnym. W przeciwnym przypadku nie wraca. <br><br>Na wyższych kręgach. Jeśli rzucasz ten czar,<br>wykorzystując komórkę co najmniej 5. kręgu, za każdy krąg powyżej 4. możesz objąć czarem dodatkową istotę.";"Mag"
"4";"ZAMĘT";" Uroki, 4. krąg";" 1 akcja";" 27 metrów";" W, S, M (trzy łupiny orzecha)";" Koncentracja, do 1 minuty";" Czar atakuje i wypacza umysły. Każde stworzenie znajdujące się w obrębie sfery o promieniu 3 metrów, której punkt wyjścia leży we wskazanym przez ciebie miejscu w zasięgu czaru, musi wykonać rzut obronny na Mądrość. W Przypadku<br>niepowodzenia, ulega wpływowi zaklęcia. Stworzenie pod działaniem zamętu nie może używać reakcji i na początku każdej swojej tury musi rzutem k10 określić swoje zachowanie podczas tej tury. <br>1: Nie wykonuje w tej turze żadnej akcji,swój ruch przeznacza na podążanie w przypadkowym kierunku. Aby go określić, rzuć k8, przypisując każdej ścianie kości konkretny kierunek.<br>2-6: Istota w tej turze, rusza się i nie wykonuje żadnych akcji.<br>7-8: Istota wykorzystuje swoją akcję, by zaatakować wręcz losowe stworzenie w swojej strefie kontroli. Jeśli nie ma żadnego celu w strefie kontroli, to w tej turze nie robi nic.<br>9-10: Istota działa i porusza się normalnie.<br>Pod koniec każdej swojej tury, może wykonać rzut obronny na Mądrość. Sukces oznacza wyzwolenie się...<br><br>Podręcznik gracza str.284";"Mag"
"5";"ANIMOWANIE OBIEKTU";" Przemiany, 5. krąg";" 1 akcja";" 36 metrów";" W, S";" Koncentracja, do 1 minuty";" Wybierz do 10 niemagicznych obiektów, które nie są noszone lub trzymane. Średnie cele liczą się jako dwa obiekty, Duże jako cztery, a Wielkie jako osiem. Większych nie można animować. Możesz wydawać im rozkazy, gdy są w obrębie 150m od ciebie. Gdy nie wydasz polecenia, istota ogranicza<br>się do obrony własnej. <br><br>Obiekt jest konstruktem, od którego rozmiaru zależą PW, KP, zdolności ataku, Siła i Zręczność. Jego pozostałe cechy wynoszą, Kondycja 10, Inteligencja 3, Mądrość 3, Charyzma 1. Porusza się z szybkością 9m. Posiada zdolność ślepowidzenia w promieniu 9m. Kiedy PW=0 -wraca do swojej naturalnej postaci. Obiekt może wykonać pojedynczy atak w zwarciu, przeciw stworzeniu w obrębie 1,5m. Atakuje walnięciem z premią i obrażeniami obuchowymi zależnymi od swojego rozmiaru. MP może zmienić typ obrażeń na kłute lub cięte. Na wyższych kręgach. Jeśli rzucasz ten czar, wykorzystując komórkę co najmniej 6. kręgu, za każdy krąg powyżej 5. możesz animować dwa dodatkowe obiekty. Statystyki animowanego obiektu na str. 211.";"Mag"
"5";"CIENISTE FORMOWANIE";" Iluzje, 5. krąg";" 1 minuta";" 9 metrów";" W, S, M (kawałek materiału tego samego typu co stwarzany przedmiot)";" Specjalny";" Splatając pasma cienistej materii z Shadowfell, tworzysz nieożywiony przedmiot. Przedmiot nie może być większy niż sześcian o boku 1,5m, a jego kształt i materiał muszą być ci znane.<br>Trwałość obiektu zależy od materiału:<br>* Materia roślinna – 1 dzień<br>* Kamień lub kryształ – 12 godzin<br>* Metale szlachetne – 1 godzina<br>* Klejnoty – 10 minut<br>* Adamantyna lub mithral – 1 minuta<br>Jeśli uformujesz go z różnych materiałów – wybierz najmniejszą trwałość.<br>Jeżeli spróbujesz użyć materiału wytworzonego tym zaklęciem jako komponentu innego zaklęcia, to jego rzucanie automatycznie się nie powiedzie. Na wyższych kręgach. Jeśli rzucasz ten czar, wykorzystując komórkę co najmniej 6. kręgu, za każdy krąg powyżej 5. zwiększasz o 1,5m rozmiar tworzonego przedmiotu.";"Mag"
"5";"DŁOŃ BIGBY'EGO";" Wywoływanie, 5. krąg";" 1 akcja";" 36 metrów";" W, S, M (skorupka jaja i rękawiczka z wężowej skóry)";" Koncentracja, do 1 minuty";" Tworzysz Dużą dłoń ze skrzącej, przezroczystej mocy. Dłoń porusza się zgodnie z twoją wolę, naśladując ruchy twojej dłoni. Jest obiektem o PK 20 i PW równym twoim maksymalnym. Kiedy jej PW spadną do 0, zaklęcie dobiega końca. Dłoń ma Siłę 26 (+8) i Zręczność 10 (+0). Nie zajmuje<br>miejsca, w którym jest. Możesz przemieścić dłoń maksymalnie o 18 m w ramach swojej akcji dodatkowej i spowodować wybrany efekt:<br>*Zaciśnięta pięść.<br>*Pchająca dłoń.<br>*Chwytająca dłoń.<br>*Osłaniająca dłoń.<br>(Działania efektów opisane na str. 218).<br><br>Na wyższych kręgach. Jeśli rzucasz ten czar,<br>wykorzystując komórkę co najmniej 6. kręgu, za każdy krąg powyżej 5. zwiększasz obrażenia Zaciśniętej Pięści o 2k8, a Chwytającej dłoni o 2k6.";"Mag"
"5";"DOMINACJA NAD OSOBĄ";" Uroki, 5. krąg";" 1 akcja";" 18 metrów";" W, S";" Koncentracja, do 1 minuty";" Próbujesz owładnąć umysł humanoidalnej istoty. Jeśli nie zda rzutu obronnego na Mądrość, zostanie zauroczona. Ma ułatwienie w tym teście, jeśli akurat walczyła z tobą lub twoimi sojusznikami. Będąc przytomnym, możesz wydawać telepatyczne polecenia zauroczonej istocie. Może to być prosty i ogólny rozkaz: „Zaatakuj go”, „Pobiegnij tam”, „Przynieś przedmiot”. Jeśli istota po wypełnieniu zadania nie otrzyma kolejnego, będzie ograniczała się do obrony własnej. W ramach swojej akcji możesz przejąć całkowitą kontrolę nad zauroczoną istotą. Do końca twojej następnej tury, będzie wykonywała tylko wybrane przez ciebie akcje i nie zrobi niczego bez twojej zgody. Przez ten czas możesz zmusić ją też do podjęcia reakcji, ale musisz na to zużyć również swoją. Za każdym razem, gdy zniewolona istota otrzyma obrażenia, ponawia rzut obronny na Mądrość. Jeśli odniesie sukces, czar się kończy. <br>Na wyższych kręgach. Jeśli rzucasz ten czar,<br>wykorzystując komórkę 6. kręgu, wydłużasz maksymalny czas trwania do 10 minut. Wykorzystując komórkę 7. kręgu – do 1 godziny, a wykorzystując komórkę 9. lub wyższego kręgu – do 8 godzin (przy koncentracji).";"Mag"
"5";"GEAS";" Uroki, 5. krąg";" 1 minuta";" 18 metrów";" W";" 30 dni";" Nakładasz magiczny nakaz na stworzenie. Nakaz ten może dotyczyć wykonanie czegoś albo powstrzymanie się przed wykonaniem czegoś. Jeśli cel zaklęcia cię rozumie, wykonuje rzut obronny na Mądrość. W przypadku niepowodzenia, zostaje zauroczony na czas trwania zaklęcia. Otrzymuje 5k10 obrażeń psychicznych za każdym razem, kiedy działa w<br>sposób przeciwny do twojego polecenia, ale nie częściej niż raz dziennie. Istota, która nie rozumie twojego nakazu, nie zostaje nim objęta.<br><br>Możesz wydać dowolny nakaz z wyjątkiem działań, które prowadziłyby do śmierci zauroczonej istoty. Sformułowanie samobójczego nakazu, kończy działanie czaru. Możesz odwołać ten czar w ramach swojej akcji. Można go rozproszyć również zaklęciem: zdjęcie klątwy, większe przywrócenie lub życzenie.<br><br>Na wyższych kręgach. Jeśli rzucasz ten czar,<br>wykorzystując komórkę 7. lub 8. kręgu, wydłużasz czas trwania do 1 roku. Przy wykorzystaniu komórki 9. kręgu, zaklęcie trwa póki nie zostanie zakończone jednym z wyżej wymienionych czarów.";"Mag"
"5";"KONTAKT Z INNĄ SFERĄ";" Wieszczenie, 5. krąg (rytuał)";" 1 minuta";" Na siebie";" W";" 1 minuta";" Nawiązujesz telepatyczny kontakt z półbogiem, duchem dawno zmarłego mędrca lub innym tajemniczym bytem z innej sfery egzystencji. Kontakt ten może nadwyrężyć albo nawet zniszczyć twój umysł. Gdy rzucasz ten czar, wykonaj rzut obronny na Inteligencję o ST 15. W przypadku niepowodzenia, otrzymujesz 6k6 obrażeń psychicznych i stajesz się obłąkany do czasu ukończenia długiego odpoczynku. Będąc obłąkanym, nie możesz podejmować akcji, nie rozumiesz, co mówią do ciebie inni, nie potrafisz czytać, a z twoich ust dobywa się jedynie bełkot. Efekt ten można zakończyć, rzucając na ciebie większe przywrócenie. <br><br>Jeśli rzut obronny ci się powiedzie, możesz zadać bytowi do pięciu pytań, przy czym musisz z nimi zdążyć, póki trwa zaklęcie. MP na każde z pytań odpowiada jednym słowem, na przykład: ,,tak, ,,nie, ,,może'', ,,nigdy'', ,,nieistotne'' albo ,,niejasne (jeśli byt nie zna odpowiedzi na pytanie). Gdyby odpowiedź jednym słowem mogła być myląca, MP może udzielić jej krótkim zdaniem.";"Mag"
"5";"KRĄG TELEPORTACYJNY";" Przywoływanie, 5. krąg";" 1 minuta";" 3 metry";" W, M (rzadkie kredy, inkausty barwione kamieniami szlachetnymi o wartości 50 sz, zużywane przez zaklęcie)";" 1 runda";" Kreślisz na ziemi opisany pieczęciami krąg o średnicy 3m, który łączy twoją lokację z wybranym stałym kręgiem teleportacyjnym. Musisz znać sekwencję pieczęci wybranego kręgu i musi on znajdować się w tej samej egzystencji. Wewnątrz powstaje lśniący portal, który pozostaje otwarty do końca twojej następnej tury. Stworzenie wchodzące do portalu przenosi się do kręgu docelowego i pojawia się w obrębie 1,5m od niego lub w najbliższym wolnym miejscu. Gdy po raz pierwszy rzucasz to zaklęcie, poznajesz sekwencję dwóch określonych przez MP kręgów docelowych położonych w Sferze Materialnej. W trakcie swoich przygód możesz poznać kolejne sekwencje pieczęci. Aby zapamiętać nową, musisz uczyć się jej przez 1 minutę. Możesz stworzyć trwały krąg teleportacyjny. W tym celu musisz rzucać ten czar w tym samym miejscu codziennie przez 1 rok. Gdy rzucasz zaklęcie w ten sposób, nie możesz korzystać z kręgu, by się  teleportować.";"Mag"
"5";"LEGENDARNA WIEDZA";" Wieszczenie, 5. krąg";" 10 minut";" Na siebie";" W, S, M (kadzidło o wartości co najmniej 250sz, zużywane przez zaklęcie, oraz cztery skrawki kości słoniowej, każdy o wartości co najmniej 50 sz)";" Natychmiastowy";" Nazywasz lub opisujesz istotę, miejsce lub obiekt. Dzięki temu czarowi do twojej głowy napływa krótkie podsumowanie najistotniejszych przekazów na ich temat. Wiedza ta może bazować na krążących obecnie opowieściach, zapomnianych historiach, a nawet sekretach, które nigdy nie były szeroko znane. Jeżeli określona przez ciebie rzecz nie ma legendarnego znaczenia, to nie zdobywasz żadnych informacji. Im więcej już wiesz o celu zaklęcia, tym<br> dokładniejsze i konkretniejsze są uzyskiwane informacje...<br><br>Podręcznik gracza str.232<br>";"Mag"
"5";"PODMIANA WSPOMNIEŃ";" Uroki, 5. krąg";" 1 akcja";" 9 metrów";" W, S";" Koncentracja, do 1 minuty";" Istota musi wykonać rzut obronny na Mądrość (ułatwienie, jeśli z nią akurat walczysz). W przypadku niepowodzenia zostaje zauroczona-jest traktowana jako obezwładniona i nieświadoma, ale cię słyszy. Obrażenia=czar się skończy. Możesz wpłynąć na pamięć wydarzenia, którego cel doświadczył w ciągu 24h i nie trwało dłużej niż 10 minut. Możesz je usunąć, zmienić, uniemożliwić przypomnienia, itp. Musisz przemówić do istoty, opisując jej zmiany<br>wspomnienia a ona musi cię rozumieć. Jeśli zaklęcie dobiegnie końca, zanim dokończysz opisywanie wydarzenia zmiana nie udaje się. W pozostałych przypadkach koniec zaklęcia oznacza osadzenie zmodyfikowanego wspomnienia. Nielogiczna modyfikacja pamięci jest odrzucana przez umysł na podobieństwo złego snu. Istocie potraktowanej tym zaklęciem, można przywrócić prawdziwą pamięć, rzucając na nią zdjęcie klątwy, albo większe przywrócenie. Na wyższych kręgach. Jeśli rzucasz ten czar, wykorzystując komórkę co najmniej 6. kręgu, możesz wpłynąć na wspomnienie sprzed nie więcej niż 7 dni. 7. krąg – 30 dni. 8. krąg – 1 roku. 9. krąg – dowolnego momentu w przeszłości celu.";"Mag"
"5";"POZORY";" Iluzje, 5. krąg";" 1 akcja";" 9 metrów";" W, S";" 8 godzin";" Zmieniasz wygląd dowolnej liczby istot w zasięgu czaru. Cel zaklęcia może wykonać rzut obronny na Charyzmę, aby oprzeć się zaklęciu. Udany rzut niweluje działanie. Iluzja nie może przedstawiać ciała innego rodzaju, więc musisz działać w granicach jego kształtu, a tym samym, trzymać się pierwotnego rozmieszczenia kończyn. Poza tym, twoje możliwości ogranicza jedynie twoja inwencja. Iluzja będzie trwała przez cały czas działania czaru, chyba że wykorzystasz swoją akcję, by wygasić ją wcześniej.<br><br>Zmiany spowodowane tym zaklęciem nie wpływają na interakcje fizyczne. Przykładowo, jeśli strój wybranej osoby wzbogacisz o iluzoryczny kapelusz, inne przedmioty będą przez niego przenikać, a dotykająca go osoba nie  poczuje pod palcami nic, albo wymaca głowę i włosy noszącej go osoby. Jeśli użyjesz tego zaklęcia, by wydać się szczuplejszym, niż jesteś, to sięgająca ku tobie dłoń zderzy się z tobą, choć<br>będzie wyglądać, jakby właściciel zatrzymał ją w powietrzu. Istota może w ramach swojej akcji zbadać cel objęty iluzją i wykonać test Inteligencji (Śledztwo) o ST rzutu obronnego przeciw twoim czarom. Jeśli jej się powiedzie, zorientuje się, że cel jest przebrany.";"Mag"
"5";"PRZEJŚCIE W MURZE";" Przemiany, 5. krąg";" 1 akcja";" 9 metrów";" W, S, M (szczypta ziaren sezamu)";" 1 godzina";" We wskazanym, widocznym miejscu w zasięgu czaru, tworzysz przejście w drewnianej, murowanej lub kamiennej powierzchni (np. w ścianie, suficie lub posadzce), które utrzymuje się dopóki działa czar.<br><br>Określasz rozmiary przejścia: do 1,5 metra szerokości, do 2,4 metra wysokości i do 6 metrów głębokości. Przejście nie powoduje niestabilności struktury, w której je otwierasz.<br><br>Kiedy przejście znika, wszelkie istoty i obiekty wciąż w nim przebywające, zostają bezpiecznie przeniesione do najbliższego wolnego miejsca poza strukturą, w której było otwarte.";"Mag"
"5";"PRZYWOŁANIE ŻYWIOŁAKA";" Przywoływanie, 5. krąg";" 1 minuta";" 27 metrów";" W, S, M (płonące kadzidło dla powietrza, miękka glina dla ziemi, siarka i fosfor dla ognia lub woda z piaskiem dla wody)";" Koncentracja, do 1 godziny";" Wybierz obszar powietrza, ziemi, wody lub ognia<br>wypełniające sześcian o boku 3 metrów. Żywiołak o stopniu wyzwania nie większym niż 5, odpowiadający wybranemu obszarowi, pojawia się w obrębie 3 metrów. Istota znika, kiedy jego PW spadną do 0. Istota jest przyjazna tobie i twoim sprzymierzeńcom. Wykonujesz za nią rzut na inicjatywę. Jest posłuszna twoim poleceniom, dopóki są zgodne z jej charakterem. Jeśli nie wydasz jej polecenia, ogranicza się do obrony przed wrogami. Gdy twoja koncentracja zostanie przerwana, żywiołak nie znika, lecz tracisz nad nim kontrolę. Stworzenie staje się wrogie tobie i twoim sprzymierzeńcom, może też was zaatakować. Nie możesz odwołać niekontrolowanej istoty, znika dopiero godzinę po przywołaniu. Na wyższych kręgach. Jeśli rzucasz ten czar, wykorzystując komórkę co najmniej 6. kręgu, za każdy krąg powyżej 5. maksymalny stopień wyzwania przywołanej istoty wzrasta o 1.";"Mag"
"5";"SEN";" Iluzje, 5. krąg";" 1 minuta";" Specjalny";" W, S, M (garść piasku, odrobina inkaustu i pióro wyrwane śpiącemu ptakowi)";" 8 godzin";" Istoty, które nie śpią, nie mogą być celem tego zaklęcia. Istota, której dotkniesz (możesz być nią ty), wpada w trans, przyjmując rolę posłańca. Nie może wykonywać akcji ani się przemieszczać.<br>Jeśli istota będąca celem zaklęcia śpi, to posłaniec pojawia się w jej śnie i może z nią rozmawiać, dopóki cel śpi i trwa zaklęcie. Posłaniec wpływa również na wizje senne,może w każdej chwili wyjść z transu, kończąc czar. Po przebudzeniu, cel zaklęcia pamięta sen. Jeśli natomiast cel nie śpi, kiedy rzucasz zaklęcie, to posłaniec dowiaduje się o tym i może albo zakończyć trans (i zaklęcie), albo poczekać, aż cel zaśnie. Możesz nadać posłańcowi potworny wygląd. Jeśli tak zrobisz, będzie mógł przekazać najwyżej 10 słów, po których cel zaklęcia musi wykonać rzut obronny na Mądrość. W przypadku niepowodzenia, echo urojonych potworności będzie męczyć go w koszarach aż do przebudzenia. Co więcej, po obudzeniu otrzyma 1k6 obrażeń psychicznych...<br><br>Podręcznik gracza str.261<br>";"Mag"
"5";"SFERALNE WIĄZANIE";" Odpychanie, 5. krąg";" 1 godzina";" 18 metrów";" W, S, M (klejnot o wartości co najmniej 1000 sz, zużywany przez zaklęcie)";" 24 godziny";" Zmuszasz czarta, fey, niebianina lub żywiołaka, by ci służył. Musi przebywać w zasięgu czaru. Pod koniec rzucania, cel wykonuje rzut obronny na Charyzmę. W przypadku niepowodzenia,zostaje zmuszony,by ci służyć. Jeżeli jest istotą przywołaną lub stworzoną za pomocą innego zaklęcia, to jego działanie zostaje wydłużone o czas sferalnego wiązania. Możesz rozkazać jej towarzyszyć ci, strzec jakiegoś miejsca albo dostarczyć wiadomość. Jest posłuszna twoim rozkazom, ale jeśli jest ci wroga, to będzie próbowała interpretować twoje wytyczne na swoją korzyść. Jeżeli istota ukończy wypełnianie twoich rozkazów przed końcem czaru, to wraca do ciebie powiadomić cię o tym, o ile znajduje się w tej samej sferze egzystencji. Jeżeli znajdujesz się w innej sferze, to istota powraca w miejsce swego magicznego związania i pozostaje tam do zakończenia czaru...<br><br>Podręcznik gracza str.262";"Mag"
"5";"STOŻEK ZIMNA";" Wywoływanie, 5. krąg";" 1 akcja";" Na siebie (stożek o długości 18 metrów)";" W, S, M (niewielki kryształ albo szklany stożek)";" Natychmiastowy";" Z twoich dłoni bucha fala mrozu. Każda istota na obszarze stożka o długości 18 metrów, musi wykonać rzut obronny na Kondycję. W przypadku niepowodzenia, otrzymuje 8k8 obrażeń od zimna. Udany rzut zmniejsza obrażenia o połowę.<br><br>Istota zabita tym czarem, staje się zlodowaciałym posągiem do czasu, aż się roztopi.<br><br>Na wyższych kręgach. Jeśli rzucasz ten czar,<br>wykorzystując komórkę co najmniej 6. kręgu, za każdy krąg powyżej 5. zwiększasz zadawane obrażenia o 1k8.";"Mag"
"5";"ŚCIANA ENERGII";" Wywoływanie, 5. krąg";" 1 akcja";" 36 metrów";" W, S, M (szczypta pyłu ze zgniecionego przejrzystego klejnotu)";" Koncentracja, do 10 minut";" We wskazanym punkcie w zasięgu czaru przywołujesz niewidzialną ścianę energii. Pojawia się ona ustawiona zgodnie z twoim życzeniem – poziomo, pionowo lub pod innym kątem. Może unosić się swobodnie lub spoczywać na stałej powierzchni. Możesz ją ukształtować w półkulistą kopułę lub sferę o promieniu maksymalnie 3 metrów, albo w płaską powierzchnię składającą się z maksymalnie 10 segmentów o wymiarach 3 x 3 metry. Każdy segment musi przy tym przylegać do innego. Niezależnie od kształtu, ściana ma grubość pół centymetra i utrzymuje się przez cały czas działania czaru. Jeśli w momencie pojawienia się przecina miejsce, w którym przebywa jakieś stworzenie, to zostaje ono odepchnięte na jedną ze stron świata (wedle twojej decyzji). Nic nie może fizycznie przekroczyć tej ściany. Jest ona niepodatna na wszystkie rodzaje obrażeń i nie może zostać usunięta rozproszeniem magii, ale zaklęcie dezintegracji ją niszczy. Bariera rozciąga się również na Sferę Eteryczną, uniemożliwiając jej ominięcie przy pomocy podróży eterycznej.";"Mag"
"5";"ŚCIANA KAMIENIA";" Wywoływanie, 5. krąg";" 1 akcja";" 36 metrów";" W, S, M (mała granitowa kostka)";" Koncentracja, do 10 minut";" Tworzysz magiczny mur o grubości 15 cm, który składa się z dziesięciu przylegających segmentów o wymiarach 3x3m. Możesz stworzyć też segmenty 3x6cm, grubości 7,5cm. Jeśli w momencie pojawiania się muru, przechodzi przez to miejsce istota, zostaje odepchnięta na jedną ze stron muru. Nie można otoczyć murem istoty, która zda rzut obronny na Zręczność i może ona w ramach reakcji przemieścić się. Ściana nie może przechodzić przez zajęte miejsca i musi łączyć się z istniejącą formą kamienną. Jeżeli tworzysz odcinek muru o długości większej niż 6m, musisz zmniejszyć o połowę rozmiar każdego segmentu, by stworzyć wzmocnienia. Możesz z grubsza uformować w murze blanki, np. strzelnicę.<br>Ścianę można uszkodzić lub zrobić w niej wyłom. Każdy segment posiada KP 15 oraz po 30 PW za każde 2,5 cm grubości. Segment, którego PW spadają do 0, zostaje zniszczony i może spowodować zapadnięcie się sąsiadujących segmentów, zależnie od decyzji MP. Jeśli utrzymasz koncentrację na zaklęciu przez 10 minut, to ściana utrwali się i nie będzie można jej rozproszyć. W innym przypadku zniknie, gdy zaklęcie dobiegnie końca.";"Mag"
"5";"TELEKINEZA";" Przemiany, 5. krąg";" 1 akcja";" 18 metrów";" W, S";" Koncentracja, do 10 minut";" Możesz objąć zaklęciem obiekt lub istotę w zasięgu czaru i wywołać jeden z poniższych efektów. Możesz co rundę zmieniać cel (wtedy uwalniasz poprzedni od działania czaru), albo wpływać na ten sam cel.<br><br>*Istota. Wielka lub mniejsza. Wykonaj sporny test swojej cechy bazowej przeciw Sile istoty. Jeśli wygrasz, przenosisz ją maksymalnie o 9m. Cel jest unieruchomiony do końca twojej następnej tury. Możesz przeznaczyć swoją akcję na próbę utrzymania tego uścisku (ponowny test sporny).<br>*Obiekt. Nie więcej niż 500kg. Jeśli nie jest przez kogoś noszony lub trzymany, przemieszczasz go do 9m. Jeśli obiekt jest trzymany lub noszony, to musisz wykonać sporny test swojej cechy bazowej przeciw Sile tej istoty. Jeśli wygrywasz, to odrywasz obiekt od właściciela i możesz przemieścić go na odległość do 9 metrów w dowolnym kierunku, ale nie poza zasięg czaru. Trzymane telekinetyczne obiekty możesz<br>precyzyjnie kontrolować, co pozwala ci na użycie prostego narzędzia, otwarcie drzwi lub pojemnika, włożenie przedmiotu do otwartego pojemnika lub jego wyjęcie, albo wylanie zawartości fiolki.";"Mag"
"5";"TELEPATYCZNA WIĘŹ RARY'EGO";" Wieszczenie, 5. krąg (rytuał)";" 1 akcja";" 9 metrów";" W, S, M (kawałki skorup jaj dwóch różnych gatunków stworzeń)";" 1 godzina";" Tworzysz telepatyczną więź między maksymalnie ośmioma przychylnymi ci stworzeniami, które wybierasz w zasięgu czaru, i łączysz umysł każdego z nich z pozostałymi. Zaklęcie nie działa na stworzenia o Inteligencji 2 lub mniejszej.<br><br>Podczas działania czaru, jego cele mogą komunikować się telepatycznie, niezależnie od tego, czy mówią w tym samym języku. Komunikacja jest możliwa na dowolną odległość, ale nie rozciąga się na inne sfery egzystencji.";"Mag"
"5";"UNIERUCHOMIENIE POTWORA";" Uroki, 5. krąg";" 1 akcja";" 27 metrów";" W, S, M (mały, prosty kawałek żelaza)";" Koncentracja, do 1 minuty";" Wybierasz stworzenie, które widzisz w zasięgu czaru. Cel musi wykonać rzut obronny na Mądrość. W przypadku niepowodzenia, zostaje sparaliżowany na czas trwania czaru. Zaklęcie nie działa na nieumarłych. Pod koniec każdej swojej tury, cel może ponowić rzut na Mądrość. Udany rzut oznacza wyzwolenie się z efektu czaru.<br><br>Na wyższych kręgach. Jeśli rzucasz ten czar,<br>wykorzystując, komórkę co najmniej 6. kręgu, za każdy krąg powyżej 5. możesz objąć czarem jedno dodatkowe stworzenie. Wszystkie cele zaklęcia muszą znajdować się w obrębie 9 metrów od siebie.";"Mag"
"5";"WIZJA";" Wieszczenie, 5. krąg";" 10 minut";" Na siebie";" W, S, M (fokus o wartości co najmniej 1000sz, taki jak kryształowa kula, srebrne lustro, lub misa z wodą święconą)";" Koncentracja, do 10 minut";" Jesteś w stanie zobaczyć i usłyszeć określoną istotę przebywającą w tej samej sferze egzystencji co ty. Cel musi wykonać rzut obronny na Mądrość, modyfikowany stopniem twojej znajomości celu i rodzajem fizycznego powiązania, które z nim posiadasz( str. 278). Jeżeli cel zdaje sobie sprawę, że rzucasz ten czar, może dobrowolnie poddać się obserwacji i ponosi automatyczną porażkę w rzucie obronnym. Udany rzut obronny = wieszczenie się nie udało, a ty nie możesz ponowić go na tej istocie przez najbliższe 24 godziny. W przypadku nieudanego rzutu, czar tworzy niewidzialny czujnik w obrębie 3 metrów od celu. Możesz patrzeć i słuchać za jego pośrednictwem, tak jakbyś tam był...<br><br>Podręcznik gracza str.279";"Mag"
"5";"ZABÓJCZA CHMURA";" Przywoływanie, 5. krąg";" 1 akcja";" 36 metrów";" W, S";" Koncentracja, do 10 minut";" Przywołujesz obłok trującej, żółto-zielonej mgły w kształcie sfery o promieniu 6 metrów z punktem wyjścia w wybranym miejscu w zasięgu czaru. Mgła rozprzestrzenia się za załomy i<br>tworzy obszar pozbawiony widoczności. Utrzymuje się do końca działania czaru, chyba że wcześniej zostanie rozwiana silnym wiatrem, co również kończy zaklęcie.<br><br>Stworzenie wchodzące w obszar mgły po raz pierwszy w swojej turze lub rozpoczynające w niej swoją turę, musi wykonać rzut obronny na Kondycję. W przypadku niepowodzenia, otrzymuje 5k8 obrażeń od trucizny. Udany<br>rzut zmniejsza obrażenia o połowę. Zaklęcie działa nawet, gdy objęte nim istoty wstrzymają oddech lub nie muszą oddychać.<br><br>Na początku każdej twojej tury, mgła oddala się od ciebie o 3 metry, przelewając się po powierzchni gruntu. Opary są cięższe od powietrza, więc spływają na niższe poziomy<br>również przez otwory.";"Mag"
"5";"ZMYŁKA";" Iluzje, 5. krąg";" 1 akcja";" Na siebie";" S";" Koncentracja, do 1 godziny";" Stajesz się niewidzialny i w tej samej chwili pojawia się w zajmowanym przez ciebie miejscu twój iluzoryczny sobowtór. Kopia istnieje przez cały czas trwania czaru, ale twoja niewidzialność kończy się, jeśli zaatakujesz lub rzucisz zaklęcie.<br><br>W ramach swojej akcji, możesz przemieścić sobowtóra z maksymalną szybkością równą twojej podwójnej szybkości i sprawić, by gestykulował, mówił i zachowywał się w określony przez ciebie sposób.<br><br> Jesteś w stanie patrzeć i słuchać, korzystając z jego zmysłów, tak jakbyś był w jego miejscu. W ramach akcji dodatkowej w każdej swojej turze możesz przełączać się między zmysłami swoimi a sobowtóra. Gdy używasz jego zmysłów, twoje własne zmysły wzroku i słuchu nie działają.";"Mag"
"6";"BŁYSKAWICZNE PRZYWOŁANIE DRAWMIJA";" Przywoływanie, 6. krąg (rytuał)";" 1 minuta";" Dotyk";" W, S, M (szafir o wartości 1000 sz)";" Do rozproszenia";" Dotykasz obiektu, którego największy wymiar nie przekracza 1,8m, a masa-5kg. Czar pozostawia na jego powierzchni niewidzialny ślad, a na użytym do zaklęcia szafirze powstaje niewidoczny zapis nazwy przedmiotu. Przy każdym rzucaniu tego zaklęcia potrzebujesz nowego szafiru.<br><br>Przez cały czas trwania czaru możesz w ramach swojej akcji podstawowej przywołać obiekt, wypowiadając jego nazwę i krusząc szafir. Przedmiot natychmiast pojawia się w twojej dłoni, niezależnie od odległości i sfery egzystencji, w której się znajdował. W chwili przywołania, czar dobiega końca. <br><br>Jeżeli przedmiot jest akurat trzymany lub noszony przez kogoś innego, to skruszenie kryształu nie powoduje przywołania, ale w zamian dowiadujesz się, kim jest obecny właściciel i gdzie mniej więcej znajduje się w tym momencie.<br><br>Efekt zaklęcia można usunąć, rzucając na kryształ rozproszenie magii lub podobny czar.";"Mag"
"6";"CIAŁO W KAMIEŃ";" Przemiany, 6. krąg";" 1 akcja";" 18 metrów";" W, S, M (odrobina wapna, wody i ziemi)";" Koncentracja, do 10 minut";" Próbujesz zmienić w kamień jedną istotę, którą widzisz w zasięgu zaklęcia. Jeśli posiada ona organiczne ciało (składające się z mięśni, kości, ścięgien itd.), musi wykonać rzut obronny na Kondycję. Udany rzut oznacza, że udało jej się odeprzeć zaklęcie, natomiast po nieudanym staje się unieruchomiona, gdyż jej ciało zaczyna tężeć.<br><br>Stworzenie unieruchomione zaklęciem wykonuje kolejne rzuty obronne pod koniec każdej swojej tury. Jeśli zda je trzy razy, zaklęcie się kończy. Jeśli natomiast trzy razy poniesie porażkę, zostaje zamienione w kamień i do końca trwania<br>czaru jest skamieniałe, Sukcesy i porażki nie muszą następować kolejno po sobie - notuj je do momentu zebrania przez cel trzech wymaganych wyników.<br><br>Jeśli skamieniała istota zostanie uszkodzona fizycznie, to zachowa te deformacje, powracając do swojej naturalnej formy.<br><br>Jeśli utrzymasz koncentrację na zaklęciu przez pełną minutę, skamienienie utrwali się i utrzyma aż do czasu usunięcia efektu.";"Mag"
"6";"DEZINTEGRACJA";" Przemiany, 6. krąg";" 1 akcja";" 18 metrów";" W, S, M (magnetyt i szczypta pyłu)";" Natychmiastowy";" Wąski zielony promień strzela z twojego palca wskazującego w kierunku celu, który widzisz w zasięgu czaru. Celem może być istota, obiekt albo wytwór magii, np. mur stworzony zaklęciem ściana energii. Istota będąca celem zaklęcia, musi wykonać rzut obronny na Zręczność. W przypadku niepowodzenia, otrzymuje 10k6 + 40 obrażeń od energii. Zostaje zdezintegrowana, jeśli te obrażenia sprowadzają jej PW do 0. Zdezintegrowana istota wraz z całym swoim ekwipunkiem i niesionymi rzeczami (oprócz magicznych przedmiotów), zostaje zredukowana do kupki drobnego szarego pyłu. Można ją przywrócić do życia tylko zaklęciami prawdziwe<br>zmartwychwstanie lub życzenie. Duże lub mniejsze niemagiczne obiekty i twory magii zostają zdezintegrowane automatycznie. Jeżeli cel zaklęcia ma rozmiar Wielki lub większy, to dezintegracji ulega jego część, nie większa niż sześcian o boku 3 metrów. Zaklęcie nie działa na magiczne przedmioty. Na wyższych kręgach. Jeśli rzucasz ten czar, wykorzystując komórkę co najmniej 7. kręgu, za każdy krąg powyżej 6. zwiększasz zadawane obrażenia o 3k6.";"Mag"
"6";"KĄŚLIWY WZROK";" Nekromancja, 6. krąg";" 1 akcja";" Na siebie";" W, S";" Koncentracja, do 1 minuty";" Twoje oczy stają się czarnymi jak atrament jeziorami pustki nasyconymi straszliwą mocą. Wybrana istota, którą widzisz w obrębie 18 metrów, musi wykonać rzut obronny na Mądrość. W przypadku niepowodzenia, nakładasz na nią efekt wybrany z poniższych, utrzymujący się do końca trwania czaru. Póki zaklęcie trwa, możesz w każdej swojej akcji podstawowej wybrać kolejną ofiarę, przy czym nie możesz ponownie wskazać istoty, która zdała rzut obronny przeciw aktualnie trwającemu kąśliwemu wzrokowi.<br>*Choroba. Ofiara ma utrudnienie w testach ataku i cech. Pod koniec każdej swojej tury może ponowić rzut obronny na Mądrość, by spróbować wyrwać się spod działania czaru. <br>*Panika.  W każdej swojej turze musi wykonać akcję Sprintu, by jak najbardziej oddalić się od ciebie najbezpieczniejszą i najkrótszą drogą, chyba że nie ma dokąd się poruszyć. Jeśli cel znajduje się w miejscu oddalonym od ciebie co najmniej o 18 metrów, z którego nie będzie mógł cię zobaczyć, efekt ustaje.<br>*Uśpienie. Ofiara pada nieprzytomna. Obudzi się w momencie otrzymania obrażeń albo gdy inna istota w ramach swojej akcji nią potrząśnie.";"Mag"
"6";"KRĄG ŚMIERCI";" Nekromancja, 6. krąg";" 1 akcja";" 45 metrów";" W, S, M (sproszkowana czarna perła o wartości co najmniej 500 sz)";" Natychmiastowy";" Z punktu, który wskazujesz w zasięgu czaru, wyłania się sfera negatywnej energii o promieniu 18 metrów. Każde objęte nią stworzenie musi wykonać rzut obronny na Kondycję. W przypadku niepowodzenia otrzymuje 8k6 obrażeń nekrotycznych. Udany rzut zmniejsza obrażenia o połowę.<br><br>Na wyższych kręgach. Jeśli rzucasz ten czar,<br>wykorzystując komórkę co najmniej 7. kręgu, za każdy krąg powyżej 6. zwiększasz obrażenia o 2k6.";"Mag"
"6";"ŁAŃCUCH BŁYSKAWIC";" Wywoływanie, 6. krąg";" 1 akcja";" 45 metrów";" W, S, M (trochę futra , kawałek bursztynowego, szklanego lub kryształowego pręta oraz trzy srebrne szpilki)";" Natychmiastowy.";" Tworzysz piorun, który skacze ku widocznemu w zasięgu celowi, po czym dzieli się na trzy i przeskakuje na kolejne cele oddalone od niego o nie więcej niż 9 metrów. Celami mogą być istoty lub przedmioty, przy czym każde z nich może być<br>celem tylko raz.<br><br>Ofiara pioruna musi wykonać rzut obronny na Zręczność. W przypadku niepowodzenia, otrzymuje 10k8 obrażeń od elektryczności. Udany rzut zmniejsza obrażenia o połowę.<br><br>Na wyższych kręgach. Jeśli rzucasz ten czar,<br>wykorzystując komórkę co najmniej 7. kręgu, za każdy krąg powyżej 6. tworzysz dodatkową odnogę pioruna odchodzącą od pierwszego celu.";"Mag"
"6";"MAGICZNE WROTA";" Przywoływanie, 6. krąg";" 1 akcja";" 150 metrów";" W, S";" Koncentracja, do 10 minut";" Tworzysz powiązane portale teleportacyjne, które pozostają czynne przez czas trwania zaklęcia. Wybierasz dwa miejsca na ziemi, które widzisz: jedno w obrębie 3 metrów od ciebie, a drugie w obrębie 150 metrów. W obu miejscach otwiera się okrągły portal o średnicy 3 metrów. Jeśli miałoby to oznaczać otwarcie portalu w miejscu zajętym przez jakąś istotę, to czar się nie udaje, a komórka czaru zostaje zużyta.<br><br>Portale są dwuwymiarowymi świecącymi pierścieniami wypełnionym magią, unoszącymi się kilkanaście centymetrów nad ziemią, prostopadle do niej. Widoczne są tylko z jednej strony (ty wybierasz), i to ona pełni funkcję<br>portalu. <br><br>Istoty i przedmioty wchodzące do jednego z portali wychodzą z drugiego z nich tak, jakby portale do siebie przylegały. Wejście w okrąg od jego niewidocznej strony nie przynosi żadnych efektów. Mgła wypełniająca każdy z portali jest nieprzezroczysta i nie można jej przejrzeć W ramach akcji dodatkowej w swojej turze możesz obrócić okręgi, by ich aktywne strony zwrócone były w innym kierunku.";"Mag"
"6";"MAGICZNY SŁÓJ";" Nekromancja, 6. krąg";" 1 minuta";" Na siebie";" W, S, M (klejnot,kryształ,relikwiarz lub inny zdobiony pojemnik o wartości minimum 500 sz)";" Do rozproszenia";" Twoja dusza opuszcza ciało i przechodzi do pojemnika. Gdy go zamieszkuje, widzisz wszystko, jakbyś przebywał w miejscu pojemnika. Nie możesz się poruszać, wykonywać reakcji, jedynie możesz przenieść duszę do 30 metrów poza pojemnik w celu powrotu do ciała, albo opętania innego humanoidalnego ciała. Istoty chronione zaklęciem ochrona przed dobrem i złem lub magicznym kręgiem są niepodatne. Cel musi wykonać rzut obronny na Charyzmę. W przypadku niepowodzenia, twoja dusza przejmuje jego ciało, a jego dusza trafia do pojemnika. Udany rzut=cel opiera się. Gdy opętasz czyjeś ciało, masz jego statystyki z wyjątkiem swojego charakteru oraz wartości Mądrości, Inteligencji i Charyzmy. Korzystasz z własnych zdolności klasowych. Możesz powrócić do pojemnika,jeśli jest w obrębie 30m. Jeśli to ciało zginie, musisz wykonać rzut obronny na Charyzmę o ST rzutu przeciw twoim czarom. Nie uda się-umierasz...<br><br>Podręcznik gracza str.234";"Mag"
"6";"MASOWA SUGESTIA";" Uroku, 6. krąg";" 1 akcja";" 18 metrów";" W, M (wężowy język, kawałek plastra miodu lub kropla słodkiego olejku)";" 24 godziny";" Wybierasz do 12 istot, mogących cię usłyszeć i zrozumieć. Wpływasz na ich umysł i w jednym lub dwóch zdaniach sugerujesz im kierunek działań. Istoty odporne na zauroczenia są niepodatne na ten czar. Sugestia musi być sformułowana w taki sposób, by brzmiała rozsądnie. Nie można kazać się zranić. Każdy cel musi wykonać rzut obronny na Mądrość. W przypadku niepowodzenia, spełnia twoją sugestię. Możesz określić warunki, w których sugerowane działanie ma być rozpoczęte. Przykładowo, możesz zasugerować grupie żołnierzy, by oddali wszystkie swoje pieniądze pierwszemu żebrakowi, jakiego spotkają. Jeśli w czasie trwania czaru okoliczności nie występują, to działanie nie zostaje podjęte...<br><br>Podręcznik gracza str.235";"Mag"
"6";"MROŻĄCA SFERA OTILUKE'A";" Wywoływanie, 6. krąg";" 1 akcja";" 90 metrów";" W, S, M (niewielka kryształowa kula)";" Natychmiastowy";" Z twoich palców mknie lodowa kula zimnej energii, która eksploduje, tworząc sferę o promieniu 18 metrów. Każda znajdująca się w jej obrębie istota, musi wykonać rzut obronny na Kondycję. W przypadku niepowodzenia, otrzymuje 10k6 obrażeń od zimna. Udany rzut – połowa. Jeżeli uderzy w zbiornik wody, to zamraża na głębokość 15cm w obszarze kwadratu o boku 9m. Lód utrzymuje się przez 1 minutę i więzi istoty, pływające na powierzchni. Aby się uwolnić, muszą w ramach swojej akcji wykonać udany test Siły o ST rzutu obronnego przeciw twoim czarom. Możesz też powstrzymać eksplozję. W twojej dłoni pojawia się wtedy niewielka kulka wielkości pocisku do procy. Ty, lub istota, której ją przekażesz, możecie rzucić tą kulką na odległość 12m, albo wystrzelić ją z procy, w ramach normalnego zasięgu. Kulka wybuchnie przy uderzeniu, wywołując taki sam efekt, jak w normalnym wariancie tego zaklęcia. Możesz także odłożyć kulkę bez jej rozbijania. Jeśli nic nie skruszy jej wcześniej, eksploduje po 1 minucie. Na wyższych kręgach. Jeśli rzucasz ten czar, wykorzystując komórkę co najmniej 7. kręgu, za każdy krąg powyżej 6. zwiększasz obrażenia o 1k6.";"Mag"
"6";"NIEODPARTY TANIEC OTTONA";" Uroki, 6. krąg";" 1 akcja";" 9 metrów";" W";" Koncentracja, do 1 minuty";" Wybrane stworzenie, które widzisz w zasięgu, rozpoczyna w miejscu zabawny taniec, powłócząc nogami, stepując i podskakując przez cały czas trwania zaklęcia. Czar nie zadziała na stworzenia odporne na zauroczenia. <br><br>Tańcząca istota zużywa cały swój ruch na taniec, pozostając w miejscu, i ma utrudnienie w rzutach obronnych oraz testach ataku opartych na Zręczności. Inne stworzenia mają ułatwienie w testach ataku przeciwko tańczącemu.<br><br>Aby odzyskać nad sobą kontrolę i zakończyć czar, zauroczona istota musi w ramach swojej akcji wykonać udany rzut obronny na Mądrość.";"Mag"
"6";"OCHRONNE GLIFY";" Odpychanie, 6. krąg";" 10 minut";" Dotyk";" W, S, M (płonące kadzidło, miarka siarki i oliwy, sznurek z węzełkami, odrobina krwi umbrowego kolosa i niewielki srebrny pręt o wartości minimum 10sz)";" 24 godziny";" Ustawiasz zabezpieczenie, którym obejmujesz do 225m kwadratowych posadzki (obszar kwadratu o boku 15m albo 100 kwadratów o boku 1,5m, albo 25 kwadratów o boku 3m). Zabezpieczony obszar może mieć wysokość do 6 metrów i dowolny kształt. Możesz rozciągnąć go na kilka kondygnacji twierdzy, dzieląc między nie maksymalny metraż zabezpieczenia, o ile możesz wejść w każdy z chronionych obszarów w trakcie rzucania czaru. Podczas rzucania zaklęcia możesz określić osoby, które nie uruchomią jednego lub żadnego z wybranych efektów. Możesz także ustalić hasło, które ochroni wymawiającą je osobę przed tymi efektami...<br><br>Podręcznik gracza str.239";"Mag"
"6";"PORUSZENIE ZIEMI";" Przemiany, 6. krąg";" 1 akcja";" 36 metrów";" W, S, M (żelazne ostrze i woreczek z mieszanką gliny,iłu i piasku)";" Koncentracja, do 2 godzin";" Podczas działania czaru możesz dowolnie kształtować ziemię, piasek lub glinę na obszarze do 12 metrów. Rozmiar żadnej ze stosowanych zmian (kolumna, obniżenie gruntu, stworzenie lub wypełnienie rowu, wzniesienie lub zrównanie z powierzchnią ziemi muru, itp.), nie może przekraczać połowy największego wymiary tego obszaru. Jeśli zatem obejmujesz czarem kwadrat o boku 12 metrów, możesz wznieść na nim kolumnę o wysokości do 6 metrów. Zmiany<br>trwają 10 minut. Na początku każdych 10 minut spędzonych na koncentracji na tym zaklęciu, możesz wybrać nowy obszar, który chcesz zmienić. Teren przekształca się powoli, zatem w ten sposób raczej nie zdołasz nikogo uwięzić ani zranić poruszającą się ziemią.<br><br>Zaklęcie nie może wpływać na naturalny kamień lub kamienne konstrukcje. Skały i struktury dopasowują się do zmienionego obszaru. Jeżeli przekształcenie terenu spowodowałoby niestabilność struktury, to może się ona zawalić. Czarem tym nie wpłyniesz też bezpośrednio na rośliny. Przemieszczają się one wraz z poruszaną ziemią.";"Mag"
"6";"PRAWDZIWE WIDZENIE";" Wieszczenie, 6. krąg";" 1 akcja";" Dotyk";" W, S, M (maść na oczy o wartości 25 sz, sporządzona ze sproszkowanych grzybów, szafranu i tłuszczu, zużywana przez zaklęcie)";" 1 godzina";" Tym czarem zapewniasz dotkniętej, przychylnej istocie umiejętność postrzegania rzeczy takimi, jakimi są w rzeczywistości. Podczas działania zaklęcia, jego cel ma zdolność prawdziwego widzenia, dostrzega magicznie ukryte tajne przejścia i ma wgląd w Sferę Eteryczną na odległość 36 metrów";"Mag"
"6";"PROMIEŃ SŁOŃCA";" Wywoływanie, 6. krąg";" 1 akcja";" Na siebie (prosta o długości 18 metrów)";" W, S, M (szkło powiększające)";" Koncentracja, do 1 minuty";" Snop jasnego światła wystrzeliwuje z twojej dłoni, tworząc prostą o długości 18 metrów i szerokości 1,5 metra. Każde stworzenie na jego drodze musi wykonać rzut obronny na Kondycję. W przypadku niepowodzenia otrzymuje 6k8 obrażeń od światłości i zostaje oślepione do twojej następnej tury. Przy udanym rzucie, otrzymuje połowę tych obrażeń i nie zostaje oślepione. Nieumarli i szlamy mają utrudnienie w tym rzucie obronnym.<br><br>W czasie działania czaru, w każdej swojej turze możesz wykorzystać akcję, aby stworzyć nowy snop światła.<br><br>Podczas trwania czaru, w twojej dłoni świeci odrobiona olśniewającego blasku. Zapewnia ona jasne światło o promieniu 9 metrów oraz słabe w promieniu kolejnych 9 metrów. Jest to światło słoneczne.";"Mag"
"6";"PRZEZORNOŚĆ";" Wywoływanie, 6. krąg";" 10 minut";" Na siebie";" W, S, M (figurka przedstawiająca ciebie, wykonana z kości słoniowej i ozdobiona klejnotami o wartości co najmniej 1500 sz)";" 10 dni";" Wybierz ze swoich czarów zaklęcie najwyżej 5. kręgu, którego rzucenie trwa jedną akcję oraz którego celem możesz być ty. Możesz rzucić to zaklęcie jako zaklęcie awaryjne, jako część rzucania przezorności, wydając komórki czaru dla obu zaklęć, ale zaklęcie awaryjne nie działa od razu. Uruchomi się dopiero w określonych okolicznościach, które ustalasz. Zaklęcie awaryjne uruchamia się natomiast po pierwszym<br>zaistnieniu wymaganych okoliczności, niezależnie, czy sobie tego w danym momencie życzysz i wówczas działanie przezorności dobiega końca. Przykładowo, przezorność rzucona razem z oddychaniem pod wodą może powodować że oddychanie pod wodą włączy się, kiedy zostaniesz zanurzony w wodzie. Zaklęcie awaryjne działa tylko na ciebie, nawet jeśli normalnie może objąć również inne cele. Możesz używać tylko jednej przezorności naraz. Jeśli rzucisz to zaklęcie po raz drugi, efekt poprzedniej przezorności się kończy. Poza tym, czar kończy się także, jeśli przestaniesz mieć przy sobie jej komponent materialny.";"Mag"
"6";"SFERA NIEPODATNOŚCI";" Odpychanie, 6. krąg";" 1 akcja";" Na siebie (sfera o promieniu 3 metrów)";" W, S, M (szklany lub kryształowy koralik, roztrzaskujący się pod koniec trwania czaru)";" Koncentracja, do 1 minuty";" Wokół ciebie pojawia się nieruchoma bariera o lekko migoczącej powierzchni, przyjmująca kształt sfery o promieniu 3 metrów i utrzymująca się do końca działania czaru.<br><br>Każde rzucone spoza niej zaklęcie z kręgu 5. lub niższego, nie może objąć działaniem istot lub obiektów znajdujących się wewnątrz, nawet jeśli zostało rzucone z użyciem komórki wyższego kręgu. Takie zaklęcia mogą zostać wycelowane w<br>istoty lub obiekty wewnątrz bariery, ale nie wywierają na nie żadnych efektów. Przestrzeń wewnątrz bariery jest także wyłączona z działania efektów obszarowych tych zaklęć.<br><br>Na wyższych kręgach. Jeśli rzucasz ten czar,<br>wykorzystując komórkę co najmniej 7. kręgu, za każdy krąż powyżej 6. bariera blokuje zaklęcia z kręgu wyższego o 1.";"Mag"
"6";"STWORZENIE NIEUMARŁEGO";" Nekromancja, 6. krąg";" 1 minuta";" 3 metry";" W, S, M (po jednym glinianym dzbanie z grobową ziemią, jednym glinianym dzbanie ze słonawą wodą oraz jednym czarnym onyksie o wartości 15sz na każde zwłoki";" Natychmiastowy";" Możesz rzucić tylko nocą. Wybierz do trzech zwłok Średnich lub Małych humanoidów. Stają się kontrolowanymi ghulami. W ramach akcji dodatkowej w swojej turze, możesz wydać telepatyczny rozkaz słudze, o ile znajduje się w obrębie 36m. Decydujesz o kierunku ruchu i akcji podejmowanej przez stworzenie w jego następnej turze, albo wydajesz ogólne polecenie – np. strzeżenia komnaty, czy korytarza. Gdy nie wydasz rozkazu, sługa ograniczy się do obrony własnej. Sługa wypełnia polecenie aż do ukończenia zadania. Masz kontrolę przez 24h...<br><br>Podręcznik gracza str.267";"Mag"
"6";"ŚCIANA LODU";" Wywoływanie, 6. krąg";" 1 akcja";" 36 metrów";" W, S, M (kawałek kwarcu)";" Koncentracja, do 10 minut";" Stawiasz ścianę lodu na stałej powierzchni. Możesz nadać jej formę półkulistej kopuły albo sfery o promieniu do 3 metrów, albo stworzyć płaską powierzchnię złożoną maksymalnie z 10 kwadratowych segmentów o boku 3m. Każdy segment musi łączyć się z innym. Ściana ma 30cm grubości. Jeśli w momencie pojawienia się, ściana przecina miejsce zajmowane przez jakieś stworzenie, to zostaje ono odepchnięte i musi wykonać rzut obronny na Zręczność. W przypadku niepowodzenia, otrzymuje 10k6 obrażeń od zimna. Udany rzut zmniejsza obrażenia o połowę. Ściana jest obiektem, który można uszkodzić i zrobić w niej wyłom. Posiada KP 12 oraz po 30 PW na każdy 3-metrowy fragment i jest podatna na obrażenia od ognia. Segment, którego PW spadną do 0, zostaje zniszczony, a w jego miejscu pozostaje warstwa lodowatego powietrza. Istota przemieszczająca się przez tę warstwę po raz pierwszy w swojej turze, musi wykonać rzut obronny na Kondycję. W przypadku niepowodzenia, otrzymuje 5k6 obrażeń od zimna. Udany rzut zmniejsza obrażenia o połowę...<br><br>Podręcznik gracza str.270";"Mag"
"6";"ZAPLANOWANA ILUZJA";" Iluzje, 6. krąg";" 1 akcja";" 36 metrów";" W,S,M (odrobina runa i jadeitowy pył o wartości 25 sz)";" Do rozproszenia";" Wywołujesz iluzję obiektu, istoty lub innego widzialnego zjawiska, która aktywuje się w określonych okolicznościach. Iluzja nie może być większa niż sześcian o boku 9 metrów. Określasz sposób jej zachowania i wydawane przez nią dźwięki. Zaplanowane w ten sposób zachowanie może trwać do 5 minut. W momencie zaistnienia wymaganych okoliczności iluzja pojawia się i zachowuje w zaplanowany sposób. Kiedy skończy swoje przedstawienie, znika i pozostaje stanie spoczynku przez 10 minut, po których może się ponownie aktywować. Okoliczności uruchamiające mogą być sformułowane ogólnie lub szczegółowo, choć muszą opierać się na widzialnych lub słyszalnych warunkach, które występują w obrębie 9 metrów od miejsca iluzji. Możesz stworzyć iluzję siebie, by pojawiła się i ostrzegła tych, którzy spróbują otworzyć zabezpieczone pułapką drzwi...<br><br>Podręcznik gracza str.284";"Mag"
"7";"CELA MOCY";" Wywoływanie, 7. krąg";" 1 akcja";" 30 metrów";" W, S, M (rubinowy pył o wartości 1500 sz)";" 1 godzina";" Wokół wybranego obszaru, pojawia się niewidzialna, nieruchoma cela w kształcie sześcianu. Zależnie od twojego wyboru, więzienie może być klatką lub skrzynią. Więzienie w kształcie klatki, ma ściany o długości do 6 metrów i składa się z prętów o średnicy centymetra oddalonych od siebie o centymetr.<br>Więzienie w formie skrzyni, ma ściany o długości do 3 metrów, tworzące zwartą barierę nieprzepuszczalną dla żadnego rodzaju materii i blokującą zaklęcia rzucane do wewnątrz lub z wewnątrz celi. Gdy rzucasz ten czar, każda istota, która przebywa w całości wewnątrz celi, zostaje uwięziona. Stworzenia przebywające częściowo na obszarze czaru albo za duże, by zmieścić się do celi, zostają wypchnięte na zewnątrz. Uwięziona istota nie może wydostać się niemagicznymi sposobami. Jeżeli spróbuje użyć teleportacji lub podróży międzysferalnej, żeby opuścić celę, musi najpierw wykonać udany rzut obronny na Charyzmę. W przypadku niepowodzenia, nie może opuścić celi, a czar lub efekt zostaje zmarnowany. Cela rozciąga się również na Sferę Eteryczną, blokując możliwość ucieczki tą drogą.To zaklęcie nie może zostać zniwelowane rozproszeniem magii.";"Mag"
"7";"ETERYCZNOŚĆ";" Przemiany, 7. krąg";" 1 akcja";" Na siebie";" W, S";" Do 8 godzin";" Wkraczasz na Eteryczne Pogranicze w miejscu przenikania się Sfery Eterycznej ze sferą egzystencji, w której przebywasz. Pozostajesz tam do końca trwania czaru lub do jego zakończenia przy użyciu akcji. Możesz się przemieszczać. Ruch w górę kosztuje Cię podwójnie. Widzisz i słyszysz co się dzieje w twojej sferze egzystencji, ale tylko na 18m i szaro. W Sferze Eterycznej możesz wchodzić w interakcje jedynie z innymi stworzeniami tam przebywającymi. Ignorujesz wszystkie obiekty i efekty spoza Sfery Eterycznej, co pozwala ci na przemieszczanie się przez obiekty znajdujące się w sferze, z której przybyłeś. Kiedy czar się kończy, wracasz do swojej sfery, w miejscu, w którym aktualnie się znajdujesz. Jeśli znajduje się tam w tym czasie jakieś stworzenie lub ciało stałe, zostajesz przeniesiony do wolnego miejsca i za każde przebyte 30cm otrzymujesz 2 obrażenia od mocy. Zaklęcie nie przynosi żadnego efektu, jeśli rzucisz je w Sferze Eterycznej albo takiej, która się z nią nie przenika, np. w jednej ze Sfer Zewnętrznych...<br><br>Podręcznik gracza str.221";"Mag"
"7";"MIECZ MORDENKAINENA";" Wywoływanie, 7. krąg";" 1 akcja";" 18 metrów";" W, S, M (miniaturowy platynowy miecz z rękojeścią i głowicą z miedzi i cynku o wartości 250 sz)";" Koncentracja, do 1 minuty";" Tworzysz z magicznej energii dwuwymiarowy miecz, który unosi się w zasięgu czaru przez czas jego trwania.<br><br>Gdy miecz się pojawi, wykonujesz atak wręcz czarem przeciwko wybranej istocie znajdującej się do 1,5 metra od niego.<br><br>Przy trafieniu, zadaje 3k10 obrażeń od mocy.<br><br>Podczas trwania czaru możesz w każdej swojej turze w ramach akcji dodatkowej, przemieścić miecz na odległość do 6 metrów w miejsce, które widzisz, i przeprowadzić kolejny atak na ten sam lub nowy cel.";"Mag"
"7";"MIRAŻ";" Iluzje, 7. krąg";" 10 minut";" Wzroku";" W, S";" 10 dni";" Sprawiasz, że teren na obszarze nie większym niż kwadrat o boku 1,5 km w wyglądzie, brzmieniu, zapachu, a nawet dotyku, robi wrażenie terenu innego rodzaju. Pole albo droga mogą wydać się bagniskiem, wzgórzem, rozpadliną lub innym trudnym albo wręcz nieprzebytym terenem. Staw możesz skryć pod iluzją wonnej łąki, przepaść pokazać jako łagodny stok, skalisty wąwóz może zostać szeroką i równą drogą. W ten sam sposób możesz zmieniać wygląd budynków, lub stworzyć ich iluzje tam, gdzie ich nie było. Zaklęciem tym jednak nie możesz zmienić, ukryć ani dodać żadnych stworzeń.<br><br>Iluzja oszukuje słuch, wzrok, dotyk i węch, dlatego może zmienić zwyczajną okolicę w trudny teren (i odwrotnie), bądź w inny sposób spowolnić podróż po nim. Elementy iluzorycznego terenu (jak kamień czy patyk) natychmiast znikają, jeśli usunie się je z obszaru działania czaru.<br><br>Istota ze zdolnością prawdziwego widzenia potrafi przejrzeć iluzję i widzi prawdziwy teren, lecz wszystkie pozostałe iluzoryczne wrażenia pozostają w mocy, zatem mimo świadomości iluzji, taka istota nadal może fizycznie wchodzić z nią w interakcje.";"Mag"
"7";"ODOSOBNIENIE";" Przemiany, 7. krąg";" 1 akcja";" Dotyk";" W, S, M (mieszanka sproszkowanych diamentów, szmaragdów, rubinów i szafirów o wartości co najmniej 5000 sz, zużywana przez zaklęcie)";" Do rozproszenia";" Przy pomocy tego zaklęcia można ukryć przychylną istotę lub przedmiot i zabezpieczyć je przed wykryciem. Gdy rzucasz czar i dotykasz celu, staje się on niewidzialny i niemożliwy do<br>wykrycia zaklęciami wieszczenia ani czujnikami<br>wytworzonymi przez zaklęcie tej szkoły.<br>Jeśli celem zaklęcia jest stworzenie, wchodzi ono w stan wstrzymania funkcji życiowych. Czas przestaje dla niego płynąć, więc przestaje się ono starzeć. Możesz ustalić warunek zakończenia zaklęcia – cokolwiek, co wydarzy się lub będzie widoczne w odległości do 1,5 kilometra od celu zaklęcia. Przykłady to: „za 1000 lat” albo „kiedy obudzi się tarrasque). Czar kończy się również wtedy, kiedy jego cel otrzyma obrażenia.";"Mag"
"7";"ODWRÓCENIE GRAWITACJI";" Przemiany, 7. krąg";" 1 akcja";" 30 metrów";" W, S, M (magnetyty i żelazne opiłki)";" Koncentracja, do 1 minuty";" Tym czarem odwracasz grawitację w obrębie walca o średnicy 15 metrów i wysokości 30 metrów, z punktem wyjścia znajdującym się w zasięgu. Wszystkie istoty i obiekty, które nie są w jakiś sposób przytwierdzone do ziemi, spadają<br>w górę aż na szczyt obszaru zaklęcia. Objęta czarem istota może wykonać rzut obronny na Zręczność, aby złapać się jakiegoś stałego obiektu i uniknąć upadku.<br><br>Jeżeli na drodze upadku znajduje się jakaś twarda przeszkoda lub powierzchnia (np. sufit), to spadające obiekty i istoty uderzają o nią z takim samym skutkiem, jak podczas normalnego upadku w dół. Jeśli obiekt lub istota osiągnie szczyt obszaru odwróconej grawitacji bez zderzenia z przeszkodą, to pozostaje tam do końca działania czaru, nieznacznie zmieniając wysokość.<br><br>Gdy zaklęcie dobiegnie końca, objęte nim istoty i obiekty spadają z powrotem.";"Mag"
"7";"OPÓŹNIONA KULA OGNIA";" Wywoływanie, 7. krąg";" 1 akcja";" 45 metrów";" W, S, M (kulka nietoperzowego guana i siarki)";" Koncentracja, do 1 minuty";" Z twojego palca wskazującego bucha promień żółtego światła, który gęstnieje i skupia się w miejscu wybranym w zasięgu czaru, tworząc tam świecący ładunek w formie niewielkiej kulki. Kiedy zaklęcie się kończy – na skutek przerwanej<br>koncentracji lub twojej decyzji – ładunek z hukiem eksploduje ogniem, który rozprzestrzenia się za rogi i załomy. Istoty znajdujące się w otaczającej ładunek sferze o promieniu 6 metrów, muszą wykonać rzut obronny na Zręczność. W przypadku niepowodzenia otrzymują pełne zgromadzone obrażenia. Udany rzut, zmniejsza je o połowę. Podstawowe obrażenia z tego zaklęcia to 12k6. Jeśli pod koniec twojej tury ładunek nie został jeszcze zdetonowany, obrażenia wzrastają o 1k6...<br><br>Podręcznik gracza str.241";"Mag"
"7";"PALEC ŚMIERCI";" Nekromancja, 7. krąg";" 1 akcja";" 18 metrów";" W, S";" Natychmiastowy";" Wywołujesz u istoty, którą widzisz w zasięgu czaru, przepływ negatywnej energii powodujący przeszywający ból. Ofiara musi wykonać rzut obronny na Kondycję. W przypadku niepowodzenia otrzymuje 7k8 + 30 obrażeń nekrotycznych. Udany rzut zmniejsza obrażenia o połowę.<br><br>Jeżeli tym zaklęciem zabijesz humanoida, to na początku twojej następnej tury powstanie on jako zombi będący pod twoją trwałą kontrolą i wypełniający twoje słowne rozkazy najlepiej, jak tylko potrafi.";"Mag"
"7";"PROJEKCJA OBRAZU";" Iluzje, 7. krąg";" 1 akcja";" 750 kilometrów";" W, S, M (mała kopia ciebie wykonana z materiałów o wartości co najmniej 5 sz)";" Koncentracje, do 1 dnia";" Tworzysz iluzoryczną kopię samego siebie, która pojawia się w zasięgu czaru. Iluzja wygląda i brzmi jak ty, ale jest niematerialna. Znika w momencie otrzymania obrażeń. W ramach swojej akcji możesz przemieścić tę iluzję z szybkością nie większą niż twoja podwójna prędkość, a także sprawić, że będzie mówić, gestykulować i zachowywać się wedle twojego uznania. Pozostaje twoim wiernym odbiciem.<br><br>Możesz patrzeć jej oczyma i słuchać jej uszami, jakbyś przebywał na jej miejscu. W ramach akcji dodatkowej w swojej turze, możesz przełączać się między jej zmysłami a swoimi i z powrotem. Gdy używasz jej zmysłów, jesteś oślepiony i ogłuchły względem swojego otoczenia...<br><br>Podręcznik gracza str.252";"Mag"
"7";"PRYZMATYCZNY ROZPRYSK";" Wywoływanie, 7. krąg";" 1 akcja";" Na siebie (stożek o długości 18 metrów)";" W, S";" Natychmiastowy";" Z twojej dłoni wystrzeliwuje osiem promieni światła. Każdy z nich ma odmienną barwę, moc i zastosowanie. Stworzenia znajdujące się wewnątrz stożka o długości . 18 metrów muszą wykonać rzut obronny na Zręczność. Dla każdego z nich rzucasz osobno k8, by określić, który promień na nie Wpłynął...<br><br>Podręcznik gracza str.253";"Mag"
"7";"SFERALNY PRZESKOK";" Przywoływanie, 7. krąg";" 1 akcja";" Dotyk";" W, S, M (rozwidlony metalowy pręt o wartości co najmniej 250sz, dostrojony do konkretnej sfery egzystencji)";" Natychmiastowy";" Zostajesz przeniesiony do innej sfery (+max 8 istot – musicie utworzyć krąg, trzymając się za ręce). Możesz ogólnie określić miejsce przeznaczenia (np. Pałac Dispatera w drugim kręgu Dziewięciu Piekieł, albo Mosiężne Miasto w Sferze Ognia) i pojawiasz się w nim albo w jego pobliżu.<br><br>Jeżeli znasz sekwencję pieczęci kręgu teleportacyjnego z innej sfery egzystencji, możesz także rzucić to zaklęcie tak, by przeniosło cię do tego kręgu. Jeśli ów krąg jest za mały, by pomieścić wszystkie przychylne istoty, to pojawiają się one w najbliższym wolnym miejscu w jego pobliżu...<br><br>Podręcznik gracza str.262";"Mag"
"7";"SYMBOL";" Odpychanie, 7. krąg";" 1 minuta";" Dotyk";" W, S, M (rtęć, fosfor oraz sproszkowany diament i opal o łącznej wartości co najmniej 1000 sz, zużywane)";" Do rozproszenia lub uruchomienia";" Kreślisz glif pokrywający powierzchnię o średnicy do 3m. Obiekt lub przedmiot z glifem nie może być przemieszczony. Wykrycie glifu wymaga udanego testu Inteligencji (Śledztwo) o ST rzutu obronnego przeciw twoim czarom. Określasz, w jakich okolicznościach glif zostaje uruchomiony. Wybierasz jeden z poniższych efektów.<br>Po uruchomieniu glif rozbłyska przez 10 minut, wypełniając słabym światłem sferę o promieniu 18m, po czym działanie czaru się kończy. Jego efekt obejmuje każdą istotę przebywającą w tym obszarze podczas uruchomienia glifu oraz każdą wchodzącą na ten obszar po raz pierwszy w swojej turze, lub kończącą tam swoją turę.<br><br>Dostępne efekty: beznadzieja, ból, konflikt, obłęd, ogłuszenie, strach, śmierć, uśpienie (dokładny opis na str. 267).";"Mag"
"7";"SYMULAKRUM";" Iluzje, 7. krąg";" 12 godzin";" Dotyk";" W, S, M (śnieg do ulepienie naturalnej wielkości sobowtóra, kawałek ciała umieszczony w tym sobowtórze, sproszkowany rubin o wartości 1500 sz, zużywany przez zaklęcie)";" Do rozproszenia";" Tworzysz iluzoryczną kopię bestii lub humanoida<br>przebywającego w zasięgu czaru. Sobowtór jest częściowo prawdziwą istotą uformowaną z lodu lub śniegu, mogącą podejmować akcje i udawać normalne stworzenie. Posiada połowę maksymalnych PW oraz te same statystyki co<br>oryginał. Nie posiada żadnego wyposażenia. Symulakrum jest przyjazne względem ciebie i stworzeń, które mu wskażesz. Wykonuje twoje słowne polecenia, a w walce działa w swojej<br>turze. Nie ma zdolności uczenia się i zdobywania<br>doświadczenia...<br><br>Podręcznik gracza str.268";"Mag"
"7";"TELEPORTACJA";" Przywoływanie, 7. krąg";" 1 akcja";" 3 metry";" W";" Natychmiastowy";" Ten czar natychmiast przenosi ciebie i do ośmiu<br>przychylnych stworzeń, które widzisz w zasięgu czaru, w wybrane przez ciebie miejsce docelowe. Jeśli wskażesz obiekt jako cel zaklęcia, musi on mieścić się w sześcianie o boku 3 metrów i nie może być trzymany ani noszony przez nieprzychylną istotę. <br><br>Miejsce docelowe musi być ci znane i położone w tej samej sferze egzystencji. Stopień znajomości tego miejsca wpływa na szansę udanego dotarcia do celu.<br><br>MP rzuca k100 i sprawdza wynik w tabeli na str. 273.";"Mag"
"7";"WSPANIAŁA POSIADŁOŚĆ MORDENKAINENA";" Przywoływanie, 7. krąg";" 1 minuta";" 90 metrów";" W, S, M (miniaturowy portal z kości słoniowej, kawałek marmuru, srebrna łyżka – każde warte co najmniej 5sz)";" 24 godziny";" Wyczarowujesz pozawymiarową siedzibę. Wybierasz miejsce wejścia. Połyskujący portal ma 1,5m szerokości i 3m wysokości. Póki jest otwarty, do posiadłości możesz wejść ty i istoty wskazane podczas rzucania zaklęcia. Możesz zamykać i otwierać portal, gdy znajdujesz się do 9m od niego. Zamknięty jest niewidzialny. Przestrzeń posiadłości nie może przekroczyć 50 sześcianów o boku 3m. Możesz ją dowolnie rozplanować i urządzić. Zawiera pożywienie wystarczające do tego, by urządzić<br>bankiet złożony z 9 dań dla 100 osób...<br><br>Podręcznik gracza str.280";"Mag"
"8";"ANTYPATIA/SYMPATIA";" Uroki, 8. krąg";" 1 godzina";" 18 metrów";" W, S, M (grudka ałunu nasączonego octem -antypatia, kropla miodu - sympatia)";" 10 dni";" Wybierasz Większy lub mniejszy obiekt lub stworzenie, znajdujące się w zasięgu czaru Określasz rodzaj inteligentnych stworzeń: czerwone smoki, gobliny lub wampiry. Nakładasz na cel aurę:<br>*Antypatia. Wskazane przez ciebie stworzenia czują nieodpartą potrzebę opuszczenia obszaru i unikania celu zaklęcia. Gdy zbliża się na co najmniej 18 metrów, musi wykonać udany rzut obronny na Mądrość, albo staje się przerażone dopóki cel znajduje się 18m od niego. Przerażone stworzenie musi przeznaczyć swój ruch na przemieszczenie się do miejsca, z którego nie widać celu.<br>*Sympatia. Wskazane przez ciebie stworzenia czują nieodpartą potrzebę zbliżenia się do celu, jeśli znajduje się co najmniej 18m od niego. Gdy zbliży się lub zobaczy cel, musi wykonać udany rzut obronny na Mądrość. W przypadku niepowodzenia, będzie zmuszone przeznaczyć swój ruch w każdej turze na zbliżenie się do celu. Jeśli cel zaklęcia zrani zauroczoną istotę, może ona wykonać rzut obronny na Mądrość, by spróbować wyzwolić się spod uroku. Zakończenie efektu opisane na str. 211.";"Mag"
"8";"CHMURA ŻARU";" Przywoływanie, 8. krąg";" 1 akcja";" 45 metrów";" W, S";" Koncentracja, do 1 minuty";" Tworzysz wypełniony rozpalonymi do białości kawałkami żaru, wirujący obłok dymu w kształcie sfery o promieniu 6 metrów, ze środkiem w wybranym punkcie w zasięgu czaru. Obłok rozprzestrzenia się za załomy i stanowi obszar pozbawiony widoczności. Utrzymuje się do 1 minuty, chyba że wcześniej rozproszy go wiatr o umiarkowanej bądź większej prędkości (co najmniej 15 km/h).<br><br>Gdy obłok się pojawia, każda istota na jego obszarze musi wykonać rzut obronny na Zręczność. W przypadku niepowodzenia otrzymuje 10k8 obrażeń od ognia. Udany rzut<br>zmniejsza obrażenia o połowę. Istoty muszą wykonać również rzut obronny, gdy wchodzą w obszar działania czaru po raz pierwszy w swojej turze lub kończą w nim swoją turę.<br><br>Na początku każdej twojej tury, chmura oddala się od ciebie o 3 metry w wybranym przez ciebie kierunku.";"Mag"
"8";"CZYSTY UMYSŁ";" Odpychanie, 8. krąg";" 1 akcja";" Dotyk";" W, S";" 24 godziny";" Pod twoim dotknięciem przychylna istota staje się niepodatna na obrażenia psychiczne, próby wykrycia emocji lub czytania myśli, magię wieszczenia oraz zauroczenie. <br><br>Czarem tym powstrzymujesz nawet zaklęcie Życzenie oraz inne zaklęcia i efekty o podobnej mocy, jeśli użyto ich do wpłynięcia na umysł chronionej czarem istoty albo do zdobycia informacji na jej temat.";"Mag"
"8";"DEMISFERA";" Przywoływanie, 8. krąg";" 1 akcja";" 18 metrów";" S";" 1 godzina";" Tworzysz cieniste drzwi na płaskiej, twardej powierzchni, którą widzisz w zasięgu czaru. Są one wystarczająco duże, aby bez przeszkód mogła przez nie przejść istota rozmiaru Średniego. Po otwarciu drzwi można dostać się do demisfery wyglądającej jak pusty pokój w kształcie sześcianu o boku 9 metrów, wykonany z drewna lub kamienia. Pod koniec trwania czaru drzwi znikają, a istoty i obiekty znajdujące się w demisferze zostają tam uwięzione, gdyż drzwi znikają również od środka.<br><br>Za każdym razem, gdy rzucasz to zaklęcie, tworzysz nową demisferę, albo łączysz cieniste drzwi z demisferą stworzoną przez ciebie ostatnio. Co więcej, jeżeli znasz naturę i<br>zawartość demisfery stworzonej tym zaklęciem przez kogoś innego, to możesz stworzyć cieniste drzwi do jego demisfery.";"Mag"
"8";"DOMINACJA NAD POTWOREM";" Uroki, 8. krąg";" 1 akcja";" 18 metrów";" W, S";" Koncentracja, do 1 godziny";" Jeśli stworzenie, które widzisz w zasięgu, nie zda rzutu obronnego na Mądrość, zostanie zauroczone. Ma ułatwienie, jeśli akurat walczyło z tobą lub twoimi sojusznikami. Gdy cel jest zauroczony, łączy was telepatyczna więź, dopóki przebywacie w tej samej sferze egzystencji. Będąc przytomnym, możesz dzięki tej więzi bez użycia akcji, wydawać telepatyczne polecenia zauroczonemu stworzeniu. Możesz posłużyć się prostym i ogólnym rozkazem, np. „Zaatakuj go”, „Pobiegnij tam”, „Przynieś przedmiot”. Jeśli stworzenie po wypełnieniu polecenia nie otrzyma kolejnego, będzie ograniczało się do obrony własnej. W ramach swojej akcji możesz przejąć nad zauroczonym stworzeniem całkowitą kontrolę. Do końca twojej następnej tury, będzie ono wówczas wykonywało tylko wybrane przez ciebie akcje i nie zrobi niczego bez twojej zgody. Przez ten czas możesz zmusić je też do podjęcia reakcji, ale musisz na to zużyć również swoją. Za każdym razem, gdy zniewolone stworzenie otrzyma obrażenia, ponawia rzut obronny na Mądrość. Jeśli odniesie sukces, czar się kończy. Na wyższych kręgach. Jeśli rzucasz ten czar, wykorzystując komórkę co najmniej 9. kręgu, wydłużasz maksymalny czas trwania do 8 godzin (przy koncentracji).";"Mag"
"8";"KLON";" Nekromancja, 8. krąg";" 1 godzina";" Dotyk";" W,S,M (diament warty co najmniej 1000sz, 16cm³ ciała klonowanej istoty, naczynie z pokrywą mieszczące Średnią istotę, o wartości 2000 sz – wielka urna, trumna, wypełniona błotem cysta w ziemi, kryształowy pojemnik wypełniony słoną wodą)";" Natychmiastowy";" Tworzysz bezwładną kopię istoty, jako jej zabezpieczenie na wypadek śmierci. Klon powstaje w szczelnie zamkniętym naczyniu i w ciągu 120 dni osiąga pełną dojrzałość i właściwy rozmiar. Możesz też stworzyć klon będący młodszą wersją tej samej istoty. Póki naczynie pozostaje nienaruszone, klon trwa w uśpieniu...<br><br>Podręcznik gracza str.225";"Mag"
"8";"KONTROLA POGODY";" Przemiany, 8. krąg";" 10 minut";" Na siebie (krąg o promieniu 7,5 kilometra)";" W, S, M (płonące kadzidło i wymieszane z wodą kawałki drewna i ziemi)";" Koncentracja, do 8 godzin";" Aby rzucić to zaklęcie, musisz znajdować się pod otwartym niebem. Jeśli przemieścisz się w miejsce, z którego nie masz widoku na niebo, to zaklęcie zakończy się przedwcześnie. Możesz zmienić temperaturę, wiatr lub występowanie<br>opadów. Na zmianę pogody musisz poczekać 1k4 +10 minut. Po tym czasie możesz ponownie ją zmienić. Gdy zmieniasz warunki pogodowe, odszukaj aktualne warunki w tabelach i zmień je o jeden stopień w górę lub w dół. Możesz nadać też nowy kierunek wiatrowi. OPADY/TEMPERATURA/WIATR:<br>1 : Czyste niebo/Nieznośny upał/Cisza.<br>2: Lekkie Zachmurzenie/Gorąco/Umiarkowany wiatr.<br>3: Całkowite zachmurzenie lub zamglenie/ Ciepło/Silny wiatr.<br>4: Deszcz, grad, śnieg/Chłodno/Wichura.<br>5: Ulewny deszcz, gradobicie, zamieć/<br>Zimno/Huragan.<br>6: Lodowato (temperatura)";"Mag"
"8";"LABIRYNT";" Przywoływanie, 8. krąg";" 1 akcja";" 18 metrów";" W, S";" Koncentracja, do 10 minut";" Wypędzasz istotę, którą widzisz w zasięgu czaru, i umieszczasz ją w demisferze o strukturze labiryntu. Pozostaje tam przez czas trwania czaru, lub dopóki nie ucieknie. <br><br>Cel czaru w ramach swojej akcji może próbować się wydostać. Aby to zrobić, wykonuje test Inteligencji o ST 20. Jeśli test się powiedzie, istota ucieka, a zaklęcie dobiega końca (test automatycznie udaje się miniaturom oraz demonom goristro).<br><br>Po wygaśnięciu czaru, jego cel pojawia się w miejscu, z którego zniknął, lub w najbliższym wolnym, jeśli tamto jest zajęte.";"Mag"
"8";"OSŁABIENIE UMYSŁU";" Uroki, 8. krąg";" 1 akcja";" 45 metrów";" W, S, M (garść kulek z gliny, kryształu, szkła lub minerałów)";" Natychmiastowy";" Uderzasz w umysł istoty, którą widzisz w zasięgu czaru, próbując rozbić w pył jej intelekt i osobowość. Cel otrzymuje 4k6 obrażeń psychicznych i musi wykonać rzut obronny na<br>Inteligencję. <br><br>W przypadku niepowodzenia jego Inteligencja i Charyzma przyjmują wartość 1. W tym stanie cel nie może rzucać zaklęć i aktywować magicznych przedmiotów. Nie rozumie języków i nie potrafi porozumieć się w zrozumiały sposób, ale rozpoznaje swoich przyjaciół i jest w stanie za nimi podążać, a nawet ich bronić.<br><br>Na koniec każdych 30 dni cel zaklęcia może ponowić rzut obronny. W przypadku powodzenia, zaklęcie się kończy. Czar można również zakończyć przy pomocy większego przywrócenia, uleczenia lub życzenia.";"Mag"
"8";"POLE ANTYMAGII";" Odpychanie, 8. krąg";" 1 akcja";" Na siebie (sfera o promieniu 3 metrów)";" W, S, M (szczypta sproszkowanego żelaza)";" Koncentracja, do 1 godziny";" Otacza cię niewidzialna sfera antymagii o promieniu 3m. Jest ona odcięta od magicznej energii wypełniającej Wieloświat. W jej obrębie nie da się rzucać czarów, znikają przywołane istoty, a magiczne przedmioty stają się niemagiczne. Obszar antymagii przemieszcza się razem z tobą. Komórka wydana na rzucanie wygaszanego czaru, ulega zużyciu. Wygaszony efekt nie działa, ale czas jego wygaszenia wlicza się do czasu jego trwania.<br>*Zaklęcia ani magiczne efekty nie mają wpływu na swój cel.<br>*Jeżeli pole zaklęcia nakłada się na pole antymagii, to na części wspólnej, magia zostaje wygaszona.<br>*Każde zaklęcie lub efekt działające na istotę lub obiekt znajdujący się w polu antymagii, zostaje wygaszone.<br>*Pole antymagii wygasza magiczne przedmioty.<br>*Nie działają teleportacje ani podróże sferalne. Żadne.<br>*Przywołane stworzenia znikają.<br>*Rozproszenie magii nie działa w polu antymagii.<br>Obszary stworzone przez różne wystąpienia zaklęcia pole antymagii, nie anulują się wzajemnie.";"Mag"
"8";"SŁONECZNY BLASK";" Wywoływanie, 8. krąg";" 1 akcja";" 45 metrów";" W, S, M (ogień i kawałek awenturynu)";" Natychmiastowy";" W promieniu 18 metrów od wskazanego punktu w zasięgu czaru, rozbłyskuje olśniewające światło słoneczne. Każda istota skąpana w tym świetle musi wykonać rzut obronny na Kondycję. W przypadku niepowodzenia otrzymuje 12k6<br>obrażeń od światłości i zostaje oślepiona na 1 minutę. Jeśli rzut się powiedzie, to istota otrzymuje połowę obrażeń i nie zostaje oślepiona. Nieumarli i śluzy mają utrudnienie w tym rzucie.<br><br>Oślepiona tym czarem istota, pod koniec każdej swojej tury, ponawia rzut obronny na Kondycję. Sukces uwalnia ją z efektu oślepienia.<br><br>Tym zaklęciem rozpraszasz każdą magicznie stworzoną ciemność występującą w jego obszarze działania.";"Mag"
"8";"SŁOWO MOCY 'STÓJ'";" Uroki, 8. krąg";" 1 akcja";" 18 metrów";" W";" Natychmiastowy";" Wypowiadasz słowo mocy przytłaczające umysł istoty, którą widzisz w zasięgu czaru, i wprawiasz ją w osłupienie. Jeżeli ma do 150 PW, zostaje ogłuszona. W przeciwnym wypadku zaklęcie nie przynosi efektu.<br><br>Ogłuszona istota pod koniec każdej swojej tury wykonuje rzut obronny na Kondycję. Sukces wyzwala ją z efektu ogłuszenia.";"Mag"
"8";"TELEPATIA";" Wywoływanie, 8. krąg";" 1 akcja";" Nieograniczony";" W, S, M (para połączonych srebrnych pierścieni)";" 24 godziny";" Tworzysz telepatyczną więź między sobą i znajomą, przychylną istotą. Może ona przebywać  gdziekolwiek, póki znajdujecie się w tej samej sferze egzystencji. Kiedy znajdziecie się w różnych sferach, czar dobiega końca. W czasie trwania telepatycznej więzi możecie na bieżąco wymieniać słowa, obrazy, dźwięki i przekazy oparte na wrażeniach z innych zmysłów, a twój rozmówca rozpoznaje ciebie jako istotę, z którą się komunikuje. Czar umożliwia stworzeniu o Inteligencji 1 lub wyższej na zrozumienie znaczenia twoich słów i przyswojenia zakresu wysłanych przez ciebie wiadomości sensorycznych.";"Mag"
"9";"BRAMA";" Przywoływanie, 9. krąg";" 1 akcja";" 18 metrów";" W, S, M (diament o wartości co najmniej 5000 sz)";" Koncentracja, do 1 minuty";" Przywołujesz portal łączący wolne miejsce, które widzisz w zasięgu czaru, z konkretnym miejscem w innej sferze egzystencji. Portal działa przez cały czas trwania czaru i ma kształt koła. Możesz wybrać jego średnicę – od 1,5m do 6m – i ustawić go w dowolnym kierunku. Końce portalu w obu sferach egzystencji posiadają stronę przednią i tylną. Aby podróżować portalem, należy przekroczyć go od przodu. Wszystko, co w ten sposób przejdzie przez bramę na jednym jej końcu, pojawi się natychmiast w najbliższym wolnym miejscy koło drugiego. Bóstwa i inni władcy sfer, mogą blokować możliwość otwierania portali tworzonych tym zaklęciem bezpośrednio w ich obecności lub gdziekolwiek w ich domenie...<br><br>Podręcznik gracza str.214";"Mag"
"9";"DZIWO";" Iluzje, 9. krąg";" 1 akcja";" 36 metrów";" W, S";" Koncentracja, do 1 minuty";" Czerpiąc z najgłębiej zakorzenionych leków grupy istot, tworzysz w ich umysłach iluzje stworów widoczne tylko dla nich. Każda istota znajdująca się w obrębie sfery o promieniu 9 metrów i środku w zasięgu czaru, musi wykonać rzut obronny na Mądrość. W przypadku niepowodzenia, staje się przerażona na czas trwania czaru.<br><br>Iluzja wydobywa największe lęki celu, przedstawiając jego najstraszniejsze koszmary jako realne zagrożenie. Przerażona istota pod koniec każdej swojej tury, musi wykonać rzut obronny na Mądrość. W przypadku niepowodzenia, otrzymuje 4k10 obrażeń psychicznych. Udany rzut wyzwala daną istotę spod działania czaru.";"Mag"
"9";"PRAWDZIWA POLIMORFIA";" Przemiany, 9. krąg";" 1 akcja";" 9 metrów";" W, S, M (kropla rtęci, łyżka gumy arabskiej i smużka dymu)";" Koncentracja, do 1 godziny";" Wybierz jedną istotę lub jeden niemagiczny obiekt (musi mieć powyżej 0 PW), który widzisz w zasięgu czaru. Przekształcasz istotę w inną istotę, istotę w niemagiczny obiekt, albo obiekt w istotę (nie może on być jednak noszony ani trzymany przez inne stworzenie). Przemiana trwa przez cały czas działania czaru, albo do chwili, w której cel umrze lub jego PW spadną do 0. Jeżeli koncentrujesz się przez pełną godzinę, to  przemiana się utrwala i zakończy się w momencie rozproszenia czaru. <br><br>Zaklęcie nie działa na zmiennokształtnych i na istoty mające 0 punktów wytrzymałości. Istota opierająca się zaklęciu musi wykonać udany rzut obronny na Mądrość. Możliwe przekształcenia (dokładny opis na str. 250):<br>*Istota w istotę.<br>*Obiekt w istotę.<br>*Istota w obiekt.";"Mag"
"9";"PROFETYZM";" Wieszczenie, 9. krąg";" 1 minuta";" Dotyk";" W, S, M (pióro kolibra)";" 8 godzin";" Dotykasz przychylnej istoty i obdarzasz ją ograniczoną zdolnością spoglądania w najbliższą przyszłość. Przez czas trwania czaru nie będzie można jej zaskoczyć i będzie miała ułatwienie w testach ataku, w testach cech i w rzutach obronnych. Ponadto, przez ten czas inni będą mieli utrudnienie w testach ataku przeciwko niej.<br><br>Zaklęcie kończy się natychmiast, jeśli przed jego<br>wygaśnięciem rzucisz je ponownie.";"Mag"
"9";"PROJEKCJA ASTRALNA";" Nekromancja, 9. krąg";" 1 godzina";" 3 metry";" W, S, M (jacynt o wartości co najmniej 1000sz oraz sztabka srebra o wartości co najmniej 100sz – na 1 istotę)";" Specjalny";" Ty i do ośmiu przychylnych ci istot przenosicie swoje ciała astralne do Sfery Astralnej. Zostawiasz swoje ciało fizyczne nieprzytomne, w stanie zawieszonych czynności życiowych. Za twoim ciałem astralnym ciągnie się spomiędzy łopatek srebrzysty sznur, łączący cię z twoim fizycznym ciałem i znikający w przestrzeni za tobą. Dzięki niemu, możesz odnaleźć drogę do domu, jeśli zostanie przerwany-umierasz.<br>Twoja forma astralna może swobodnie przechodzić przez portale do innych sfer. To odrębne wcielenie-obrażenia lub cokolwiek innego, nie mają wpływu na twoją fizyczną formę...<br><br>Podręcznik gracza str.251";"Mag"
"9";"PRYZMATYCZNY MUR";" Odpychanie, 9. krąg";" 1 akcja";" 18 metrów";" W,S";" 10 minut";" Pojawia się wielokolorowa płaszczyzna migoczącego światła, tworząca pionowy mur o długości 27m, wysokości do 9m i grubości 2,5cm. Możesz także stworzyć mur w kształcie sfery o średnicy 9m. Jeśli umieścisz go tak, że musiałby przechodzić przez miejsce zajęte przez jakieś stworzenie, to zaklęcie się nie powiedzie, a akcja i komórka czaru przepadają. Mur świeci jasnym światłem na odległość 30m i słabym na kolejne 30m. Ty i istoty wskazane przez ciebie podczas rzucania czaru, monecie przez niego bez uszczerbku przechodzić i przebywać w jego pobliżu. Jeśli inna widząca ten mur istota przemieszcza się na odległość do 6m od niego, lub rozpoczyna swoją turę, musi wykonać rzut obronny na Kondycję. W przypadku niepowodzenia, zostaje oślepiona na 1 minutę. Mur składa się z 7 warstw o różnych barwach. Gdy jakieś stworzenie próbuje przejść przez mur lub przez niego sięgnąć, musi pokonać kolejno wszystkie warstwy. Przechodząc każdą z nich, wykonuje rzut obronny na Zręczność. W przypadku niepowodzenia, zostaje objęte efektem odpowiedniej warstwy. (Efekty opisane na str. 253). ";"Mag"
"9";"RÓJ METEORYTÓW";" Wywoływanie, 9. krąg";" 1 akcja";" 1,5 kilometra";" W, S";" Natychmiastowy";" W czterech różnych punktach, które widzisz w zasięgu czaru, spadają na ziemię jaśniejące kule ognia. Każda istota znajdująca się w obrębie sfery o promieniu 12m ze środkiem we wskazanym miejscu, musi wykonać rzut obronny na Zręczność. Sfera rozprzestrzenia się za rogi i załomy. Porażka w rzucie obronnym oznacza otrzymanie 20k6 obrażeń od ognia i 20k6 obrażeń obuchowych, a sukces zmniejsza obrażenia o połowę. Istota przebywająca w więcej niż jednym obszarze rażenia, otrzymuje je tylko raz. <br><br>Zaklęcie uszkadza obiekty na obszarze działania i podpala łatwopalne przedmioty, które nie są przez kogoś noszone lub trzymane.";"Mag"
"9";"SŁOWO MOCY 'GIŃ'";" Uroki, 9. krąg";" 1 akcja";" 18 metrów";" W";" Natychmiastowy";" Wypowiadasz słowo mocy, zmuszając istotę, którą widzisz w zasięgu, by natychmiast umarła.<br><br>Jeżeli wybrana istota ma do 100 PW, ginie na miejscu. W przeciwnym wypadku zaklęcie nie przynosi efektu.<br>";"Mag"
"9";"UWIĘZIENIE";" Odpychanie, 9. krąg";" 1 minuta";" 9 metrów";" W, S, M (podobizna na welinie lub rzeźbiona figurka przedstawiająca cel zaklęcia oraz specjalny komponent o wartości co najmniej 500 sz za każdą Kość Wytrzymałości celu)";" Do rozproszenia";" Tworzysz magiczne więzy trzymające istotę, którą widzisz w zasięgu czaru. Cel zaklęcia musi wykonać rzut obronny na Mądrość. W przypadku niepowodzenia, zostaje spętany zaklęciem. Udany rzut oznacza, że cel jest niepodatny na to zaklęcie, jeśli rzucisz je ponownie. Objęta działaniem czaru<br>istota nie musi oddychać, jeść i pić, a także się nie starzeje. Nie można jej namierzyć ani dostrzec magią wieszczenia. Gdy rzucasz ten czar, wybierasz jeden z rodzajów uwięzienia (dokładny opis na str 276): Izolatka, Miniaturowa cela, Pogrzebanie, Spętanie, Wieczny sen.";"Mag"
"9";"ZATRZYMANIE CZASU";" Przemiany, 9. krąg";" 1 akcja";" Na siebie";" W";" Natychmiastowy";" Na krótką chwilę wstrzymujesz upływ czasu dla wszystkich oprócz ciebie. Dla innych, czas stoi w miejscu, podczas gdy ty rozgrywasz 1k4 + 1 tur z rzędu, w których możesz wykonywać akcje i poruszać się w normalny sposób.<br><br>Zaklęcie dobiega końca, jeśli jakakolwiek z twoich akcji lub któryś z wytworzonych przez ciebie efektów wpłynie na istotę inną niż ty lub na przedmioty przez nią noszone albo trzymane.<br><br>Czar kończy swoje działanie również wtedy, gdy oddalisz się od miejsca inkantacji na ponad 300 metrów.";"Mag"
"9";"ZMIENNOKSZTAŁTNOŚĆ";" Przemiany, 9. krąg";" 1 akcja";" Na siebie";" W,S,M (jadeitowy diament o wartości 1500sz, umieszczony na głowie przed rzucaniem czaru)";" Koncentracja, do 1 godziny";" Przyjmujesz formę dowolnego stworzenia o stopniu wyzwania równym twojemu poziomowi lub niższym. Forma nie może być konstruktem ani nieumarłym i musiałeś ją widzieć chociaż raz. Twoja zmieniona forma nie posiada poziomu w żadnej klasie ani nie potrafi rzucać czarów. Zachowujesz swoje wartości Inteligencji, Charyzmy, Mądrości oraz wszystkie biegłości w umiejętnościach i rzutach obronnych. Jeśli istota ma te same biegłości co ty, ale z większą premią, to używasz jej premii. Nie możesz korzystać z żadnych akcji legendarnych ani związanych z leżem istoty, w którą się zamieniasz...<br><br>Podręcznik gracza str.287";"Mag"
"9";"ŻYCZENIE";" Przywoływanie, 9. krąg";" 1 akcja";" Na siebie";" W";" Natychmiastowy";" Wystarczy, że powiesz, czego chcesz, by zmienić fundamenty rzeczywistości wedle własnych kaprysów. Podstawowym zastosowaniem tego zaklęcia jest duplikacja dowolnego czaru z kręgu 8. lub niższego. Skopiowane tym sposobem zaklęcie rzucasz bez potrzeby spełnienia jego wymagań, w tym kosztownych komponentów. Czar po prostu zaczyna działać.<br><br>Alternatywnie możesz wywołać efekt z podanych na stronie 288, lub sięgnąć po więcej, mówiąc MP swoje życzenie.<br><br>Rzucenie tego zaklęcia, by osiągnąć efekt inny niż<br>zduplikowanie innego czaru, jest źródłem wielkiego stresu, który bardzo cię osłabia. Gdy po przeżyciu tego stresu rzucasz jakiś czar przed ukończeniem długiego odpoczynku, otrzymujesz 1k10 obrażeń nekrotycznych za każdy krąg czaru. Obrażeń tych nie można w żaden sposób zredukować ani uniknąć. Co więcej, twoja Siła na 2k4 dni spada do 3 (o ile wcześniej była większa). Każdy dzień spędzony na odpoczynku i lekkiej aktywności, skraca o 2 liczbę dni potrzebną ci na dojście do siebie. I wreszcie, istnieje 33% ryzyka, że po przeżyciu tego stresu, już nigdy nie będziesz w stanie rzucić życzenia.";"Mag"
"0";"GRZMOT";" Wywoływanie, sztuczka";" 1 akcja";" 1,5 metry";" S";" Natychmiastowy";" Tworzysz odgłos gromu słyszalny z odległości 30 metrów. Każde stworzenie znajdujące się w zasięgu czaru  (oprócz ciebie) musi wykonać rzut obronny na Kondycję. W przypadku niepowodzenia otrzymuje 1k6 obrażeń od dźwięku.<br><br>Obrażenia z tego zaklęcia zwiększają się o lk6, gdy osiągniesz 5. poziom (do 2k6), 11. poziom (do 3k6)i 17. poziom (do 4k6).";"Mag (XGE)"
"0";"KONTROLA PŁOMIENI";" Przemiany, sztuczka";" 1 akcja";" 18 metrów";" S";" Natychmiastowy lub 1 godzina (patrz poniżej)";" Wybierasz niemagiczny płomień, który widzisz w zasięgu czaru i który mieści się w sześcianie o boku 1,5 metra. Możesz na niego oddziaływać w jeden z następujących sposobów:<br><br>-Natychmiast podsycasz płomień, który rośnie o 1,5 metra w jednym kierunku, pod warunkiem, że w nowym miejscu znajduje się drewno lub inne paliwo.<br>-Natychmiast gasisz płomienie w tym obszarze.<br>-Dwukrotnie zwiększasz albo o połowę zmniejszasz obszar jasnego i słabego światła emitowanego przez płomień, albo zmieniasz jego kolor. Możesz też wykonać. obie zmiany naraz Efekt trwa przez 1 godzinę<br>-Powodujesz pojawienie się w płomieniach prostych kształtów - takich jak uproszczone formy istot, nieruchome przedmioty lub miejsca i możesz nimi poruszać. Efekt trwa przez 1 godzinę<br><br>Jeśli rzucisz tę sztuczkę wielokrotnie, jednocześnie aktywne mogą być najwyżej 3 jej nienatychmiastowe efekty. Każdy z nich możesz zakończyć w ramach akcji.";"Mag (XGE)"
"0";"KSZTAŁTOWANIE WODY";" Przemiany, sztuczka";" 1 akcja";" 9 metrów";" S";" Natychmiastowy or 1 godzina (patrz poniżej)";" Wybierasz obszar wody, który widzisz w zasięgu czaru i który mieści się w sześcianie o boku 1,5 metra. Możesz na niego oddziaływać w jeden z następujących sposobów:<br><br>-Natychmiast przesuwasz lub winny sposób zmieniasz ruch wody do 1,5 metra w dowolnym kierunku. Ruch ten nie wystarcza do zadania obrażeń.<br>-Sprawiasz, że woda przybiera proste kształty, którymi możesz poruszać. Efekt trwa przez 1 godzinę.<br>-Zmieniasz kolor albo przejrzystość wody. Zmiana musi być jednolita na całym obszarze wody. Efekt trwa przez 1 godzinę.<br>-Zamrażasz wodę, o ile nie ma w niej żadnych stworzeń. Lód topnieje po 1 godzinie.<br><br>Jeśli rzucisz tę sztuczkę wielokrotnie, jednocześnie aktywne mogą być najwyżej dwa jej nienatychmiastowe efekty. Każdy z nich możesz zakończyć w ramach akcji.";"Mag (XGE)"
"0";"KSZTAŁTOWANIE ZIEMI";" Przemiany, sztuczka";" 1 akcja";" 9 metrów";" S";" Natychmiastowy lub 1 godzina (patrz poniżej)";" Wybierasz fragment ziemi albo kamienia, który Widzisz w zasięgu czaru i który mieści się w sześcianie o boku 1,5 metra. Możesz na niego oddziaływać w jeden z następujących sposobów:<br><br>-Jeśli celem czaru jest luźna ziemia, możesz ją natychmiast wydobyć, przemieścić po podłożu i złożyć 1,5 metra dalej. Ruch ten nie wystarcza do zadania obrażeń.<br>-Sprawiasz, że na ziemi albo kamieniu pojawiają się kształty, kolory albo oba te efekty. Możesz w ten sposób tworzyć słowa, obrazy lub wzory. Efekt trwa przez 1 godzinę.<br>-Jeśli wybrany fragment ziemi albo kamienia znajduje się na podłożu, możesz zmienić ten obszar w trudny teren. Możesz także zmienić podłoże w normalny teren, jeśli już jest trudnym terenem. Efekt trwa przez 1 godzinę.<br><br>Jeśli rzucisz tę sztuczkę wielokrotnie, jednocześnie aktywne mogą być najwyżej dwa jej nienatychmiastowe efekty. Każdy z nich możesz zakończyć w ramach akcji";"Mag (XGE)"
"0";"ODMROŻENIE";" Wywoływanie, sztuczka";" 1 akcja";" 18 metrów";" W, S";" Natychmiastowy";"   Powodujesz, że porażający mróz otacza jedno stworzenie, które widzisz w zasięgu czaru. Cel musi wykonać rzut obronny na Kondycję. W przypadku niepowodzenia otrzymuje 1k6  obrażeń od zimna i ma utrudnienie w następnym teście ataku bronią wykonanym przed końcem swojej następnej tury.<br><br>Obrażenia z tego zaklęcia zwiększają się o 1k6,<br>gdy osiągniesz 5. poziom (do 2k6), 11. poziom (do 3k6) i 17. poziom (do 4k6).";"Mag (XGE)"
"0";"PODMUCH";" Przemiany, sztuczka";" 1 akcja";" 9 metrów";" W, S";" Natychmiastowy";" Przejmujesz kontrolę nad powietrzem i rozkazujesz mu stworzyć jeden z następujących efektów w punkcie, który widzisz w zasięgu czaru:<br><br>-Jedna Średnia lub mniejsza istota musi wykonać rzut obronny na Siłę. W przypadku niepowodzenia zostaje odepchnięta do 1,5 metra od ciebie.<br><br>-Tworzysz podmuch powietrza zdolny przesunąć jeden obiekt, który nie jest noszony ani trzymany i waży nie więcej niż 2,5 kilograma. Obiekt zostaje odepchnięty na odległość do 3 metrów od ciebie. Ruch ten nie wystarcza do zadania obrażeń.<br><br>-Tworzysz nieszkodliwy efekt sensoryczny z użyciem powietrza, na przykład szelest liści, powodujesz zatrzaśnięcie okiennic lub łopotanie odzieży na wietrze.";"Mag (XGE)"
"0";"ROBACTWO";" Przywoływanie, sztuczka";" 1 akcja";" 9 metrów";" W, S, M (żywa pchła)";" Natychmiastowy";"   Powodujesz chwilowe pojawienie się chmury roztoczy, pcheł i innych pasożytów na istocie, którą widzisz w zasięgu czaru. Cel musi wykonać rzut obronny na Kondycje. W przypadku niepowodzenia otrzymuje 1k6 obrażeń od ,<br>trucizny przemieszcza się 1,5 metra w losowym kierunku, o ile może się poruszać, a jego szybkość wynosi co najmniej 1,5 metra. Określ kierunek, rzucając k4: 1 - północ, 2 -  południe, 3 - wschód, 4 - zachód. Ruch ten nie prowokuje ataków okazyjnych. Jeśli wybrany kierunek jest zablokowany, 15, to cel pozostaje w miejscu. 7<br><br>Obrażenia z tego zaklęcia zwiększają się o 1k6, .<br>gdy osiągniesz 5. poziom (do 2k6), 11. poziom (do 3k6) i 17. poziom (do 4116)";"Mag (XGE)"
"0";"STWORZENIE OGNISKA";" Przywoływanie, sztuczka";" 1 akcja";" 18 metrów";" W, S";" Koncentracja, do 1 minuty";"   Tworzysz ognisko W miejscu na ziemi, które Widzisz w zasięgu czaru. Podczas trwania czaru magiczne ognisko wypełnia obszar sześcianu o boku 1,5 metra. Gdy rzucasz zaklęcie, każde stworzenie znajdujące się w przestrzeni zajmowanej przez ognisko musi wykonać rzut obronny na Zręczność. W przypadku niepowodzenia otrzymuje 1k8 obrażeń od ognia. Stworzenie musi wykonać rzut obronny również wtedy, gdy wchodzi w obszar ogniska po raz pierwszy w swojej turze lub kończy tam swoją turę.<br><br>Ognisko podpala łatwopalne obiekty w swoim obszarze, które nie są noszone ani trzymane.<br><br>Obrażenia z tego zaklęcia zwiększają się o 1k8,<br>gdy osiągniesz 5. poziom (do 2k8), 11. poziom (do 3k8) i 17. poziom (do 4k8).";"Mag (XGE)"
"0";"KOMU BIJE DZWON";" Nekromancja, sztuczka";" 1 akcja";" 18 metrów";" W, S";" Natychmiastowy";"   Wskazujesz stworzenie, które widzisz w zasięgu czaru - przez chwilę jego otoczenie rozbrzmiewa dźwiękiem żałobnego dzwonu. Cel musi wykonać rzut obronny na Mądrość. W przypadku niepowodzenia otrzymuje 1k8 obrażeń nekrotycznych. Jeśli aktualne punkty wytrzymałości celu są mniejsze od maksymalnych, to otrzymuje on 1k12 obrażeń nekrotycznych.<br><br>Obrażenia z tego zaklęcia zwiększają się o jedną kość, gdy osiągniesz 5. poziom (do 2k8 lub 2k12), 11. poziom (do 3k8 lub 3k12) i 17. poziom (do 4k8 lub 4k12).";"Mag (XGE)"
"1";"KATAPULTA";" Przemiany, 1. krąg";" 1 akcja";" 18 metrów";" S";" Natychmiastowy";" Wybierz obiekt, który nie jest noszony lub trzymany, ma masę od 0,5 do 2,5 kilograma i znajduje się w zasięgu czaru. Obiekt ten leci w linii prostej do 27 metrów w wybranym przez ciebie kierunku, po czym spada na ziemię, zatrzymuje się wcześniej przy zderzeniu z twardą powierzchnią. Jeśli leci w kierunku stworzenia, to musi ono wykonać rzut obronny na Zręczność. W przypadku niepowodzenia obiekt uderza w cel i się zatrzymuje. Przy uderzeniu zarówno obiekt, jaki cel otrzymują 3k8 obrażeń obuchowych.<br><br>Na wyższych kręgach. Jeśli rzucasz ten czar, wykorzystując komórkę co najmniej 2. kręgu, za każdy krąg powyżej 1. zwiększasz zadawane obrażenia o 1k8, a maksymalna masa obiektu wzrasta o 2,5 kilograma.";"Mag (XGE)"
"1";"LODOWY NÓŻ";" Przywoływanie, 1. krąg";" 1 akcja";" 18 metrów";" S, M (kropla wody lub kawałek lodu)";" Natychmiastowy";" Tworzysz odłamek lodu i rzucasz nim w jedno stworzenie w zasięgu czaru. Wykonujesz atak dystansowy czarem przeciw wybranemu celowi. Przy trafieniu cel otrzymuje 1k10 obrażeń kłutych. Następnie odłamek wybucha, niezależnie od tego, czy udało ci się trafić. Cel i każde stworzenie w obrębie 1,5 metra od niego musi wykonać rzut obronny na Zręczność. W przypadku niepowodzenia otrzymuje 2k6 obrażeń od zimna.<br><br>Na wyższych kręgach. Jeśli rzucasz ten czar, wykorzystując komórkę co najmniej 2. kręgu, za każdy krąg powyżej 1. zwiększasz obrażenia od zimna o 1k6.";"Mag (XGE)"
"1";"POCHŁONIĘCIE ŻYWIOŁÓW";" Odpychanie, 1. krąg";" 1 reakcja podejmowana w odpowiedzi na otrzymanie obrażeń od dźwięku, elektryczności, kwasu, ognia albo zimna";" Na siebie";" S";" 1 runda";" Czar przejmuje część oddziałującej na ciebie energii,<br>zmniejsza jej wpływ i przygotowuje ją do wykorzystania w twoim następnym ataku wręcz. Do początku swojej następnej tury zyskujesz odporność na obrażenia takiego typu, jak te wywołujące twoją reakcję. Co więcej, kiedy po raz pierwszy trafisz atakiem wręcz w swojej następnej turze, cel otrzymuje dodatkowo 1k6 obrażeń tego typu, a czar dobiega końca.<br><br>Na wyższych kręgach. Jeśli rzucasz ten czar, wykorzystując komórkę co najmniej 2. kręgu, za każdy krąg powyżej 1. zwiększasz zadawane obrażenia dodatkowe o 1k6.";"Mag (XGE)"
"1";"SIDŁA";" Odpychanie, 1. krąg";" 1 minuta";" Dotyk";" S, M (7,5 metra liny, zużywane przez zaklęcie)";" 8 godzin";" Podczas rzucania tego czaru układasz z liny okrąg O promieniu 1,5 metra na ziemi lub innym podłożu. Po zakończeniu rzucania lina znika, a okrąg staje się magiczną pułapką.<br><br>Jest ona niemal niewidzialna, a odróżnienie jej Od podłoża wymaga udanego testu Inteligencji (Śledztwo) o ST rzutu obronnego przeciw twoim czarom. <br><br>Pułapka uruchamia się, gdy Małe, Średnie lub Duże stworzenie staje na podłożu w obszarze działania czaru. Musi ono wykonać rzut obronny na Zręczność. W przypadku niepowodzenia zostaje magicznie wyrzucone w powietrze i zawisa głową w dół 90 centymetrów nad miejscem rzucenia czaru. Stworzenie jest tam unieruchomione przez czas trwania czaru...<br><br>Przewodnik Xanathara po wszystkim str.164";"Mag (XGE)"
"1";"WSTRZĄS ZIEMI";" Wywoływanie, 1. krąg";" 1 akcja";" 3 metry";" W, S";" Natychmiastowy";" Wywołujesz wstrząs ziemi W obrębie zasięgu czaru. Każde stworzenie (oprócz ciebie) znajdujące się na tym obszarze musi wykonać rzut obronny na Zręczność. W przypadku niepowodzenia otrzymuje 1k6 obrażeń obuchowych i zostaje powalone. Jeśli obszar ten pokryty jest luźną ziemią lub kamieniami, staje się trudnym terenem, dopóki nie zostanie uprzątnięty. Ręczne oczyszczenie każdego 1,5-metrowego fragmentu wymaga co najmniej 1 minuty.<br><br>Na wyższych kręgach. Jeśli rzucasz ten czar, wykorzystując komórkę co najmniej 2. kręgu, za każdy krąg powyżej 1. zwiększasz zadawane obrażenia o 1k6.";"Mag (XGE)"
"1";"ZASTRASZENIE";" Nekromancja, 1. krąg";" 1 akcja";" 18 metrów";" W";" Koncentracja, do 1 minuty";"   Wywołujesz strach przed śmiercią u stworzenia, które widzisz w zasięgu czaru. Efekt nie działa na konstrukty i nieumarłych. Cel musi wykonać rzut obronny na Mądrość. W przypadku niepowodzenia zostaje przerażony tobą na czas trwania czaru. Pod koniec każdej swojej tury cel może powtórzyć rzut obronny. Udany rzut powoduje zakończenie efektu. <br><br>Na wyższych kręgach. Jeśli rzucasz ten czar, wykorzystując komórkę co najmniej 2. kręgu, za każdy krąg powyżej 1. możesz objąć działaniem czaru dodatkową istotę. Wszystkie cele muszą znajdować się w obrębie 9 metrów od siebie nawzajem w chwili rzucania czaru.";"Mag (XGE)"
"2";"CIENISTE OSTRZE";" Iluzje, 2. krąg";" 1 akcja dodatkowa";" Na siebie";" W, S";" ";" (Koncentracja, do 1 minuty) Splatasz smugi cienia, które w twojej dłoni formują się w miecz z zestalonego mroku. Ten magiczny miecz istnieje do zakończenia czaru.Jest traktowany jak prosta broń biała, w której używaniu masz biegłość. Przy trafieniu zadaje 2k8 obrażeń psychicznych.Jest to broń finezyjna, lekka i rzucana (zasięg 6/18). Ponadto masz ułatwienie w teście ataku, gdy używasz miecza do zaatakowania celu znajdującego się w słabym świetle lub w ciemności. Jeśli rzucisz lub puścisz miecz, to znika on na końcu tury. Podczas trwania czaru w ramach akcji dodatkowej możesz sprawić, aby miecz pojawił się ponownie w twojej dłoni.<br><br> Na wyższych kręgach. Jeśli rzucasz ten czar,  wykorzystując komórkę 3. lub 4. kręgu, zwiększasz zadawane obrażenia do 3k8.Jeśli rzucasz go, wykorzystując komórkę 5. lub 6. kręgu, zwiększasz zadawane obrażenia do 4k8. Jeśli rzucasz go, wykorzystując komórkę co najmniej 7. kręgu, zwiększasz zadawane obrażenia do 5k8.";"Mag (XGE)"
"2";"MYŚLOWY CIERŃ";" Wieszczenie, 2. krąg";" 1 akcja";" 18 metrów";" S";" Koncentracja, do 1 godziny";"   Sięgasz do umysłu stworzenia, które widzisz w zasięgu czaru. Cel musi wykonać rzut obronny na Mądrość. W przypadku niepowodzenia otrzymuje 3k8 obrażeń psychicznych. Udany rzut zmniejsza obrażenia o połowę. Dodatkowo w przypadku niepowodzenia zawsze znasz położenie celu przez czas trwania czaru, o ile znajdujecie się W tej samej sferze egzystencji. Dzięki temu cel nie może  się przed tobą ukryć - nawet jeśli jest niewidzialny, ten stan nie zapewnia mu żadnych korzyści przeciw tobie. <br><br>Na wyższych kręgach. Jeśli rzucasz ten czar, wykorzystując komórkę co najmniej 3. kręgu, za każdy krąg powyżej 2. zwiększasz zadawane obrażenia o 1k8.";"Mag (XGE)"
"2";"OCHRONNY WIATR";" Wywoływanie, 2. krąg";" 1 akcja";" Na siebie";" W";" Koncentracja, do 10 minut";" Otacza cię silny wiatr (30 kilometrów na godzinę) wiejący w obrębie 3 metrów wokół ciebie, wyśrodkowany na tobie i przemieszczający się wraz z tobą. Wiatr utrzymuje się przez czas trwania czaru. Wiatr wywołuje następujące efekty:<br><br>-Powoduje, że stworzenia w tym obszarze (łącznie z tobą) są ogłuchłe.<br><br>-Gasi w tym obszarze niechronione płomienie wielkości pochodni lub mniejsze.<br><br>-Odpycha parę, gaz i mgłę, które mogą zostać rozwiane przez silny Wiatr.<br><br>-Obszar ten stanowi trudny teren dla wszystkich stworzeń oprócz ciebie.<br><br>-Testy ataków dystansowych bronią są wykonywane z utrudnieniem, jeśli taki atak przechodzi przez  ten obszar.";"Mag (XGE)"
"2";"PIROTECHNIKA";" Przemiany, 2. krąg";" 1 akcja";" 18 metrów";" W, S";" Natychmiastowy";" Wybierasz obszar niemagicznego płomienia, który widzisz w zasięgu czaru i który mieści się w sześcianie o boku 1,5 metra. Możesz zgasić ogień w tym obszarze i odpalić przy tym fajerwerki lub stworzyć chmurę dymu.<br><br> Dym. Czarny dym rozprzestrzenia się w promieniu 6 metrów od celu, sięgając za załomy. Obszar ten jest pozbawiony widoczności. Efekt trwa przez 1 minutę lub do momentu rozwiania dymu przez silny wiatr. <br><br>Fajerwerki. Cel wybucha oszałamiającą feerią kolorów. Każde stworzenie znajdujące się w obrębie 3 metrów od celu musi wykonać rzut obronny na Kondycję. W przypadku niepowodzenia zostaje oślepione do końca twojej następnej tury.";"Mag (XGE)"
"2";"PISANIE NA NIEBIE";" Przemiany, 2. krąg (rytuał)";" 1 akcja";" Wzroku";" W, S";" Koncentracja, do 1 godziny";" Powodujesz pojawienie się do dziesięciu słów na części nieba, którą widzisz. Wyglądają na wykonane z chmur i pozostają w jednym miejscu przez czas trwania czaru. Słowa znikają, gdy zaklęcie dobiega końca. Silny wiatr może rozwiać chmury i szybciej zakończyć efekt.";"Mag (XGE)"
"2";"PŁOMIENIE AGANAZZARA";" Wywoływanie, 2. krąg";" 1 akcja";" 9 metrów";" W, S, M (łuska czerwonego smoka)";" Natychmiastowy";" Ryczące płomienie wystrzeliwują od ciebie w wybranym kierunku, tworząc prostą o długości 9 metrów i szerokości 1,5 metra. Każde stworzenie, które znajdzie się w tym obszarze, musi wykonać rzut obronny na Zręczność. W przypadku niepowodzenia otrzymuje 3k8 obrażeń od ognia. Udany rzut zmniejsza obrażenia o połowę.<br><br>Na wyższych kręgach. Jeśli rzucasz ten czar, wykorzystując komórkę co najmniej 3. kręgu, za każdy krąg powyżej 2. zwiększasz zadawane obrażenia o 1k8.";"Mag (XGE)"
"2";"PYŁOWY WIR";" Przywoływanie, 2. krąg";" 1 akcja";" 18 metrów";" W, S, M (szczypta pyłu)";" Koncentracja, do 1 minuty";" Wybierasz obszar powietrza, który widzisz w zasięgu czaru i który mieści się W sześcianie o boku 1,5 metra. Energia żywiołów przypominająca wir pyłu pojawia się tam i utrzymuje się przez czas trwania czaru.<br><br>Każda istota kończąca swoją turę w obrębie 1,5 metra od niego musi wykonać rzut obronny na Siłę. W przypadku niepowodzenia otrzymuje 1k8 obrażeń obuchowych i zostaje odepchnięta o 3 metry od pyłowego wiru. Udany rzut zmniejsza obrażenia o połowę i zapobiega odepchnięcia.<br><br>W ramach akcji dodatkowej możesz przemieścić wir na odległość do 9 metrów w dowolnym kierunku.Jeśli wir porusza się nad piaskiem, pyłem, sypką ziemią lub lekkim żwirem, zasysa je i tworzy wokół siebie chmurę o promieniu 3 metrów, która utrzymuje się do początku twojej następnej tury. Obszar ten jest pozbawiony widoczności.<br><br>Na wyższych kręgach. Jeśli rzucasz ten czar, wykorzystując komórkę co najmniej 3. kręgu, za każdy krąg powyżej 2. zwiększasz zadawane obrażenia o 1k8.";"Mag (XGE)"
"2";"RÓJ ŚNIEŻEK SNILLOCA";" Wywoływanie, 2. krąg";" 1 akcja";" 27 metrów";" W, S, M (kawałek lodu lub mały odłamek białej skały)";" Natychmiastowy";" Wybrany przez ciebie punkt w zasięgu czaru eksploduje chmarą magicznych śnieżek. Każde stworzenie w obszarze sfery o promieniu 1,5 metra i środku w tym punkcie musi wykonać rzut obronny na Zręczność. W przypadku niepowodzenia otrzymuje 3k6 obrażeń od zimna. Udany rzut zmniejsza obrażenia o połowę.<br><br>Na wyższych kręgach. Jeśli rzucasz ten czar, wykorzystując komórkę co najmniej 3. kręgu, za każdy krąg powyżej 2. zwiększasz zadawane obrażenia o 1k6.";"Mag (XGE)"
"2";"SMOCZE ZIONIĘCIE";" Przemiany, 2. krąg";" 1 akcja dodatkowa";" Dotyk";" W, S, M (ostra papryczka)";" Koncentracja, do 1 minuty";" Dotykasz przychylnego stworzenia i dajesz mu moc ziania z ust magiczną energią (pod warunkiem, że je posiada). Wybierasz typ obrażeń: od elektryczności, kwasu, ognia, trucizny albo zimna. Podczas trwania czaru stworzenie może w ramach swojej akcji zionąć wybranym typem energii W kształcie stożka o długości 4,5 metra. Każda istota w tym obszarze musi wykonać rzut obronny na Zręczność. W przypadku niepowodzenia otrzymuje 3k6 obrażeń wybranego typu. Udany rzut zmniejsza obrażenia o połowę.<br><br>Na wyższych kręgach. Jeśli rzucasz ten czar, wykorzystując komórkę co najmniej 3. kręgu, za każdy krąg powyżej 2. zwiększasz zadawane obrażenia o 1k6.";"Mag (XGE)"
"2";"UZIEMIENIE";" Przemiany, 2. krąg";" 1 akcja";" 90 metrów";" W";" Koncentracja, do 1 minuty";"   Wybierasz stworzenie, które widzisz w zasięgu czaru. Oplatają je żółte wstęgi magicznej energii. Cel musi wykonać rzut obronny na Siłę. W przypadku niepowodzenia jego szybkość lotu (jeśli ją posiada) spada do 0 na czas trwania czaru. Stworzenie znajdujące się W powietrzu - objęte działaniem tego czaru - opada bezpiecznie z prędkością 18 metrów na rundę do chwili zetknięcia z ziemią lub zakończenia czaru.";"Mag (XGE)"
"2";"ZIEMNY UŚCISK MAXIMILIANA";" Przemiany, 2. krąg";" 1 akcja";" 9 metrów";" W, S, M (miniaturowa ręka ulepiona z gliny)";" Koncentracja, do 1 minuty";" Wybierasz wolne miejsce na ziemi będące kwadratem o boku 1,5 metra, które widzisz w zasięgu czaru. Z tego miejsca powstaje Średnia ręka z ubitej ziemi i sięga w stronę stworzenia, które widzisz w obrębie 1,5 metra od niej. Cel musi wykonać rzut obronny na Siłę. W przypadku niepowodzenia otrzymuje 2k6 obrażeń obuchowych i zostaje unieruchomiony na czas trwania czaru.<br><br>W ramach akcji możesz sprawić, by ręka zgniotła unieruchomiony cel. Musi on wtedy wykonać rzut obronny na Siłę. W przypadku niepowodzenia otrzymuje 2k6 obrażeń obuchowych. Udany rzut zmniejsza obrażenia o połowę.<br><br>Aby się uwolnić, unieruchomiony cel może w ramach akcji wykonać test Siły o ST rzutu obronnego przeciw twoim czarom. Udany rzut kończy unieruchomienie.<br><br>W ramach akcji możesz sprawić, by ręka sięgnęła po inną istotę albo przemieściła się na inne wolne miejsce w zasięgu czaru. W obu przypadkach ręka uwalnia obecnie unieruchomiony cel.";"Mag (XGE)"
"3";"DRZEMKA";" Uroki, 3. krąg";" 1 akcja";" 9 metrów";" S, M (szczypta piasku)";" 10 minut";" Wykonujesz uspokajający gest i wybierasz do trzech przychylnych stworzeń, które widzisz W zasięgu czaru. Padają one nieprzytomne na czas trwania zaklęcia.Jeśli cel otrzyma obrażenia lub ktoś w ramach akcji obudzi go uderzeniem lub potrząśnięciem, to czar zakończy się dla niego przedwcześnie. Jeśli cel będzie nieprzytomny przez cały czas trwania czaru, to otrzymuje korzyści równoważne z odbyciem krótkiego odpoczynku i nie może zostać ponownie objęty działaniem tego zaklęcia, dopóki nie ukończy długiego odpoczynku.  <br><br>Na wyższych kręgach. Jeśli rzucasz ten czar, wykorzystując komórkę co najmniej 4. kręgu, za każdy krąg powyżej 3. możesz objąć czarem jedno dodatkowe przychylne  stworzenie.";"Mag (XGE)"
"3";"FALA PRZYPŁYWU";" Przywoływanie, 3. krąg";" 1 akcja";" 36 metrów";" W, S, M (kropla wody)";" Natychmiastowy";" Przywołujesz falę wody, która uderza w obszar w zasięgu czaru. Obszar ten może mieć do 9 metrów długości, do 3 metrów szerokości i do 3 metrów wysokości. Każde stworzenie w tym obszarze musi wykonać rzut obronny na Zręczność. W przypadku niepowodzenia otrzymuje 4k8 obrażeń obuchowych i zostaje powalone. Udany rzut zmniejsza obrażenia o połowę i zapobiega powaleniu. Następnie woda rozlewa się po ziemi we wszystkich kierunkach,<br>gasząc niechronione płomienie w tym obszarze i w obrębie 9 metrów od niego, po czym znika.";"Mag (XGE)"
"3";"GRZMIĄCY KROK";" Przywoływanie, 3. krąg";" 1 akcja";" 27 metrów";" W";" Natychmiastowy";"   Teleportujesz się w wolne miejsce, które widzisz w zasięgu czaru. Natychmiast po twoim zniknięciu z poprzednio zajmowanego przez ciebie miejsca rozlega się donośny huk, a każde stworzenie w obrębie 3 metrów od tego miejsca i musi wykonać rzut obronny na Kondycję. W przypadku niepowodzenia otrzymuje 3k10 obrażeń od dźwięku. Udany rzut zmniejsza obrażenia o połowę. Grzmot jest słyszalny z odległości 90 metrów.  Możesz przemieścić się razem z przedmiotami, których, łączny ciężar nie przekracza twojego udźwigu, a także zabrać ze sobą jedną przychylną istotę w rozmiarze nieprzekraczającym twojego, której wyposażenie nie przekracza jej udźwigu. W momencie rzucania czaru musi znajdować się ona nie dalej niż 1,5 metra od ciebie. Dodatkowo w obrębie 1,5 metra od twojego miejsca docelowego musi znajdować się drugie wolne miejsce, aby mogła się tam przenieść. W przeciwnym razie istota nie rusza się z miejsca.<br>Na wyższych kręgach. Jeśli rzucasz ten czar, wykorzystując komórkę co najmniej 4. kręgu, za każdy krąg powyżej3. zwiększasz obrażenia o 1k10.";"Mag (XGE)"
"3";"MALUTKI SŁUGA";" Przemiany, 3. krąg";" 1 minuta";" Dotyk";" W, S";" 8 godzin";" Dotykasz Malutkiego, niemagicznego obiektu, który nie jest przymocowany do innej rzeczy ani powierzchni i nie jest trzymany przez inne stworzenie. Cel ożywa i wyrastają mu małe rączki i nóżki. Pozostaje pod twoją kontrolą przez czas trwania czaru albo do chwili, gdy jego punkty wytrzymałości spadną do 0.Jego statystyki znajdziesz obok. <br><br>W ramach akcji dodatkowej możesz wydawać mu mentalnie rozkazy, jeśli znajduje się on W obrębie 36 metrów od ciebie. (Jeśli kontrolujesz grupę istot, polecenie kierujesz do jednej z nich bądź do całej grupy, wydając wszystkim ten sam rozkaz). Decydujesz o kierunku ruchu i akcji podejmowanej przez sługę W jego następnej turze albo wydajesz ogólne polecenie, na przykład przyniesienia klucza, stania na straży czy ułożenia książek. Jeśli nie wydasz mu żadnego rozkazu, ograniczy się do obrony przed wrogimi stworzeniami. Otrzymawszy polecenie, będzie je wypełniać aż do ukończenia zadania...<br><br>Przewodnik Xanathara po wszystkim str.156";"Mag (XGE)"
"3";"MINIATUROWE METEORY MELFA";" Wywoływanie, 3. krąg";" l akcja";" Na siebie";" W, S, M (saletra, siarka i smoła drzewna  uformowane w koralik)";" Koncentracja, do 10 minut";" Tworzysz sześć malutkich meteorów w zajmowanym przez siebie miejscu. Unoszą się one i krążą wokół ciebie  przez czas trwania czaru. Gdy rzucasz zaklęcie, a także w ramach akcji dodatkowej w każdej swojej następnej turze możesz wysłać jeden lub dwa meteory w wybrane miejsce lub miejsca znajdujące się w obrębie 36 metrów od ciebie. Meteor wybucha po dotarciu do celu lub zderzeniu ze stałą powierzchnią. Każde stworzenie w obrębie 1,5 metra od miejsca wybuchu musi wykonać rzut obronny na Zręczność. W przypadku niepowodzenia otrzymuje 2k6 obrażeń od ognia. Udany rzut zmniejsza obrażenia o połowę. <br><br>Na wyższych kręgach. Jeśli rzucasz ten czar, wykorzystując komórkę co najmniej 4. kręgu, za każdy krąg powyżej 3. zwiększasz liczbę stworzonych meteorów o 2.";"Mag (XGE)"
"3";"MROWIE WROGOW";" Uroki, 3.krąg";" 1 akcja";" 36 metrów";" W, S";" Koncentracja, do 1 minuty";" Sięgasz do umysłu jednego stworzenia, które widzisz, i zmuszasz je do wykonania rzutu obronnego na Inteligencję. Stworzenie niepodatne na przerażenie automatycznie odnosi sukces w tym rzucie. W przypadku niepowodzenia traci zdolność odróżniania wrogów od przyjaciół ina czas trwania czaru uważa za wrogów wszystkie stworzenia, które widzi. Cel może powtórzyć rzut obronny za każdym razem, gdy otrzymuje obrażenia. Udany rzut powoduje zakończenie efektu. <br><br>Gdy objęte czarem stworzenie wybiera inną istotę jako cel ataku, czaru lub zdolności, za każdym razem musi określić go losowo spośród istot, które widzi w zasięgu. Gdy Zostanie sprowokowane przez wroga do wykonania ataku okazyjnego, to musi to zrobić, jeśli może.";"Mag (XGE)"
"3";"PŁOMIENNE STRZAŁY";" Przemiany, 3. krąg";" 1 akcja";" Dotyk";" W, S";" Koncentracja, do 1 godziny";" Dotykasz kołczanu ze strzałami lub bełtami. Przy trafieniu atakiem dystansowym bronią z użyciem amunicji wyciągniętej z kołczanu cel otrzymuje 1k6 dodatkowych obrażeń od ognia. Działanie czaru na pocisk kończy się niezależnie od tego, czy udało ci się trafić, a samo zaklęcie kończy się po wyciągnięciu z kołczanu 12 sztuk amunicji. <br><br>Na wyższych kręgach. Jeśli rzucasz ten czar, wykorzystując komórkę co najmniej 4. kręgu, za każdy krąg powyżej 3. możesz zwiększyć liczbę sztuk amunicji objętych tym czarem o 2.";"Mag (XGE)"
"3";"PRZENIESIENIE ŻYCIA";" Nekromancja, 3. krąg";" 1 akcja";" 9 metrów";" W, S";" Natychmiastowy";" Poświęcasz część swojego zdrowia, by leczyć rany innego stworzenia. Otrzymujesz 4k8 obrażeń nekrotycznych, których nie można w żaden sposób zredukować, a wybrane stworzenie, które widzisz w zasięgu czaru, odzyskuje PW równe dwukrotności otrzymanych przez ciebie obrażeń nekrotycznych.<br><br>Na wyższych kręgach. Jeśli rzucasz ten czar, wykorzystując komórkę co najmniej 4. kręgu, za każdy krąg powyżej 3. zwiększasz obrażenia o 1k8.";"Mag (XGE)"
"3";"PRZYWOŁANIE POMNIEJSZYCH DEMONÓW";" Przywoływanie, 3. krąg";" 1 akcja";" 18 metrów";" W, S, M (fiołka świeżej krwi humanoida zabitego w ciągu ostatnich 24 godzin)";" Koncentracja, do 1 godziny";"   Wypowiadasz bluźniercze słowa, przywołując demony z chaosu Otchłani. Skorzystaj z poniższej tabeli, by wylosować, co się pojawia...<br><br>Przewodnik Xanathara po wszystkim str.162";"Mag (XGE)"
"3";"ŚCIANA PIASKU";" Wywoływanie, 3. krąg";" 1 akcja";" 27 metrów";" W, S, M (garść piasku)";" Koncentracja, do 10 minut";" Tworzysz ścianę wirującego piasku na ziemi w punkcie który widzisz w zasięgu czaru. Ściana może mieć do 9 metrów długości, do 3 metrów wysokości ido 3 metrów grubości. Znika, gdy zaklęcie dobiegnie końca. Blokuje pole widzenia, ale nie uniemożliwia ruchu. Stworzenie znajdujące się w przestrzeni zajmowanej przez ścianę zostaje oślepione i musi zużyć 3 metry szybkości za każdy przebyty metr.";"Mag (XGE)"
"3";"ŚCIANA WODY";" Wywoływanie, 3. krąg";" 1 akcja";" 18 metrów";" W, S, M (kropla wody)";" Koncentracja, do 10 minut";" Tworzysz ścianę wody na ziemi W punkcie, który widzisz w zasięgu czaru. Możesz nadać jej formę płaskiego- muru o długości do 9 metrów, wysokości do 3 metrów i grubości do 30. centymetrów albo pierścienia o średnicy do 6 metrów, wysokości do 6 metrów i grubości do 30 centymetrów. Ściana znika, gdy zaklęcie dobiegnie końca. Przestrzeń zajmowana przez ścianę stanowi trudny teren.<br><br>Każdy test ataku dystansowego bronią, który wchodzi w przestrzeń zajmowaną przez ścianę, jest wykonywany z utrudnieniem, a obrażenia od ognia są zmniejszone o połowę, jeśli wywołujący je efekt przechodzi przez ścianę, aby dosięgnąć celu. Czary, które zadają obrażenia od zimna i przechodzą przez ścianę, powodują zamarznięcie odpowiedniego jej fragmentu (wielkości co najmniej kwadratu o boku 1,5 metra). Każdy zamarznięty kwadrat o boku 1,5 metra ma KP 5 i 15 PW. Ulega zniszczeniu, jeśli jego PW spadną do 0. Gdy fragment zostaje zniszczony, woda nie wypełnia ponownie tego obszaru.";"Mag (XGE)"
"3";"WYBUCH ZIEMI";" Przemiany, 3. krąg";" 1 akcja";" 36 metrów";" W, S, M (kawałek obsydianu)";" Natychmiastowy";" Wybierasz punkt na ziemi, który widzisz w zasięgu czaru. Fontanna kamieni i rozrytej ziemi wybucha w obszarze sześcianu o boku 6 metrów i środku W tym punkcie. Każde stworzenie W tym obszarze musi wykonać rzut obronny na Zręczność. W przypadku niepowodzenia otrzymuje 3k12 obrażeń obuchowych. Udany rzut zmniejsza obrażenia o połowę. Ponadto obszar ten zmienia się w trudny teren, dopóki nie zostanie uprzątnięty. Ręczne oczyszczenie każdego 1,5-metrowego fragmentu wymaga co najmniej 1 minuty.<br><br>Na wyższych kręgach. Jeśli rzucasz ten czar, wykorzystując komórkę co najmniej 4. kręgu, za każdy krąg powyżej 3. zwiększasz obrażenia o 1k12.";"Mag (XGE)"
"4";"BURZOWA KULA";" Wywoływanie, 4. krąg";" 1 akcja";" 45 metrów";" W, S";" Koncentracja, do 1 minuty";" Wywołujesz sferę wirującego powietrza o promieniu 6 metrów i środku w wybranym przez ciebie miejscu w zasięgu czaru. Sfera utrzymuje się przez czas trwania czaru. Każde stworzenie znajdujące się w sferze W momencie jej powstania lub kończące tam swoją turę musi wykonać rzut obronny na Siłę. W przypadku niepowodzenia otrzymuje 2k6 obrażeń obuchowych. Przestrzeń zajmowana przez sferę stanowi trudny teren. Podczas trwania czaru w ramach akcji dodatkowej w każdej swojej turze możesz sprawić, że ze środka sfery w wybrane przez ciebie stworzenie znajdujące się w obrębie 18 metrów od środka sfery uderzy piorun. Wykonaj atak dystansowy czarem. Masz ułatwienie w teście ataku, jeśli cel znajduje się w sferze. Przy trafieniu cel otrzymuje 4k6 obrażeń od elektryczności. Stworzenia znajdujące się w obrębie 9 metrów od sfery mają utrudnienie w testach Mądrości (Percepcja) przeprowadzanych, by coś usłyszeć. <br><br>Na wyższych kręgach. Jeśli rzucasz ten czar,   wykorzystując komórkę co najmniej 5. kręgu, za każdy krąg powyżej 4. zwiększasz obrażenia zadawane przez każdy jego efekt o 1k6.";"Mag (XGE)"
"4";"PRZYWOŁANIE WIĘKSZEGO DEMONA";" Przywoływanie, 4. krąg";" 1 akcja";" 18 metrów";" W, S, M (fiołka krwi humanoida zabitego w ciągu ostatnich 24 godzin)";" Koncentracja, do 1 godziny";"   Wypowiadasz bluźniercze słowa, przywołując demona z chaosu Otchłani. Wybierasz typ demona o stopniu wyzwania 5 lub niższym, na przykład cienistego demona lub barlgurę. Demon pojawia się w wolnym miejscu, które widzisz w zasięgu czaru. Znika, kiedy jego punkty wytrzymałości spadają do 0 lub gdy czar dobiega końca...<br><br>Przewodnik Xanathara po wszystkim str.163";"Mag (XGE)"
"4";"SKAŻONE PROMIENIOWANIE";" Wywoływanie, 4. krąg";" 1 akcja";" 36 metrów";" W, S";" Koncentracja, do 10 minut";"   Słabe, zielonkawe światło rozchodzi się w obszarze sfery. O promieniu 9 metrów i środku w wybranym przez ciebie miejscu w zasięgu czaru. Światło sięga za załomy i utrzymuje się do zakończenia czaru.  <br><br>Gdy stworzenie wchodzi w ten obszar po raz pierwszy w swojej turze lub rozpoczyna w nim swoją turę, musi wykonać rzut obronny na Kondycję. W przypadku niepowodzenia otrzymuje 4k10 obrażeń od światłości i jeden poziom wyczerpania, a także zaczyna świecić słabym, zielonkawym światłem w promieniu 1,5 metra. To światło uniemożliwia mu czerpanie korzyści z bycia niewidzialnym. Światło i poziomy wyczerpania znikają, gdy czar dobiega końca. ";"Mag (XGE)"
"4";"WODNA KULA";" Przywoływanie, 4. krąg";" 1 akcja";" 27 metrów";" W, S, M (kropelka wody)";" Koncentracja, do 1 minuty";" Przywołujesz sferę wody o promieniu 1,5 metra ze środkiem w punkcie, który widzisz w zasięgu czaru. Sfera może się unosić, ale najwyżej 3 metry nad podłożem. Sfera utrzymuje się przez czas trwania czaru.<br><br>Każde stworzenie znajdujące się w sferze musi wykonać rzut obronny na Siłę. Udany rzut powoduje bezpieczne przeniesienie stworzenia poza sferę na wybrane przez nie najbliższe wolne miejsce. Wielkie lub większe stworzenia odnoszą automatyczny sukces w tym rzucie, a Duże lub mniejsze mogą zdecydować się na porażkę. W przypadku niepowodzenia stworzenie zostaje unieruchomione przez sferę i otoczone wodą. Pod koniec każdej swojej tury stworzenie może powtórzyć rzut obronny. Udany rzut oznacza wyzwolenie się spod działania efektu...<br><br>Przewodnik Xanathara po wszystkim str.169<br><br>";"Mag (XGE)"
"4";"ZAUROCZENIE POTWORA";" Uroki, 4. krąg";" 1 akcja";" 9 metrów";" W, S";" 1 godzina";" Próbujesz zauroczyć stworzenie, które widzisz w zasięgu czaru. Musi ono wykonać rzut obronny na Mądrość, w którym ma ułatwienie, jeśli walczy z tobą lub którymś z twoich towarzyszy. przypadku niepowodzenia zostaje przez ciebie zauroczone na czas trwania zaklęcia lub do momentu, w którym ty lub któryś twoich towarzyszy   zadziałacie na jego szkodę. Zauroczone stworzenie jest przyjazne wobec ciebie. Gdy czar dobiega końca, cel ma świadomość, że został przez ciebie zauroczony. <br><br>Na wyższych kręgach. Jeśli rzucasz ten czar, wykorzystując komórkę co najmniej 5. kręgu, za każdy krąg powyżej 4. możesz objąć czarem dodatkową istotę. Wszystkie cele muszą znajdować się w obrębie 9 metrów od siebie nawzajem w chwili rzucania czaru.";"Mag (XGE)"
"4";"ŻRĄCA KULA";" Wywoływanie, 4. krąg";" l akcja";" 45 metrów";" W, S, M (kropla żółci olbrzymiego ślimaka)";" Natychmiastowy";" Wskazujesz miejsce w zasięgu czaru. Połyskliwa kula szmaragdowego kwasu o średnicy 30 centymetrów dolatuje tam i wybucha, tworząc sferę o promieniu 6 metrów. Każde stworzenie w tym obszarze musi wykonać rzut obronny na Zręczność. W przypadku niepowodzenia otrzymuje 10k4 obrażeń od kwasu i kolejne 5k4 obrażeń od kwasu na koniec swojej następnej tury. Udany rzut zmniejsza obrażenia początkowe o połowę i zapobiega otrzymaniu dodatkowych obrażeń na koniec następnej tury.<br><br>Na wyższych kręgach. Jeśli rzucasz ten czar, wykorzystując komórkę co najmniej 5. kręgu, za każdy krąg powyżej 4. zwiększasz obrażenia początkowe o 2k4.";"Mag (XGE)"
"4";"ŻYWIOŁ ZGUBY";" Przemiany, 4. krąg";" 1 akcja";" 27 metrów";" W, S";" Koncentracja, do 1 minuty";" Wybierasz stworzenie, które widzisz w zasięgu czaru, i jeden z następujących typów obrażeń: od dźwięku, elektryczności, kwasu, ognia albo zimna. Cel musi wykonać rzut obronny na Kondycję. W przypadku niepowodzenia zostaje objęty działaniem czaru na czas jego trwania. Gdy cel będący pod wpływem tego czaru po raz pierwszy w każdej turze otrzymuje obrażenia wybranego typu, otrzymuje dodatkowo 2k6 obrażeń tego samego typu. Co więcej, na czas trwania czaru cel traci odporność na ten typ obrażeń. <br><br>Na wyższych kręgach. Jeśli rzucasz ten czar, wykorzystując komórkę co najmniej 5. kręgu, za każdy krąg powyżej 4. 7 możesz objąć czarem dodatkową istotę. Wszystkie cele muszą znajdować się w obrębie 9 metrów od siebie nawzajem w chwili rzucania czaru.";"Mag (XGE)"
"5";"DALEKI KROK";" Przywoływanie, 5. krąg";" 1 akcja dodatkowa";" Na siebie";" W";" Koncentracja, do 1 minuty";"   Teleportujesz się w wolne miejsce, które widzisz w obrębie 18 metrów od siebie. W każdej swojej turze podczas trwania czaru możesz teleportować się w ten sposób w ramach akcji dodatkowej.";"Mag (XGE)"
"5";"DANSE MACABRE";" Nekromancja, 5. krąg";" 1 akcja";" 18 metrów";" W, S";" Koncentracja, do 1 godziny";"   Pasma mrocznej energii strzelają z twoich palców i przeszywają do pięciu Małych lub Średnich zwłok, które widzisz w zasięgu czaru. Wszystkie ciała natychmiast wstają i stają się nieumarłymi. Decydujesz, czy są to zombi, czy szkielety (ich statystyki znajdziesz w Księdze Potworów. Otrzymują one premię do testów ataku i rzutów na obrażenia równą modyfikatorowi z twojej cechy bazowej. <br><br>W ramach akcji dodatkowej możesz mentalnie rozkazywać istotom stworzonym tym czarem, wydając wszystkim ten sam rozkaz. Aby go otrzymać, istota musi się znajdować : w obrębie 18 metrów od ciebie. Decydujesz o tym, dokąd się przemieszczą i jakie akcje wykonają istoty w swojej następnej turze, albo wydajesz ogólne polecenie, na przykład strzeżenia komnaty czy korytarza przed wrogami. Jeśli nie wydasz istotom żadnego rozkazu, ograniczą się do bronienia się przed wrogimi stworzeniami. Otrzymawszy polecenie, będą je wypełniały aż do ukończenia zadania... <br><br>Przewodnik Xanathara po wszystkim str.152";"Mag (XGE)"
"5";"KONTROLA WIATRU";" Przemiany, 5. krąg";" 1 akcja";" 90 metrów";" W, S";" Koncentracja, do 1 godziny";" Przejmujesz kontrolę nad powietrzem, które widzisz w zasięgu czaru i które mieści się w sześcianie o boku 30 metrów. Podczas rzucania czaru wybierz jedną z podanych możliwości. Efekt utrzymuje się przez czas trwania czaru, chyba że zmienisz go na inny w ramach akcji w późniejszej turze. Możesz również w ramach akcji tymczasowo wstrzymać efekt lub wznowić efekt uprzednio wstrzymany.<br><br>Podmuchy. W wybranym obszarze wiatr zaczyna wiać poziomo we wskazanym przez ciebie kierunku. Wybierasz moc wiatru - słaby, umiarkowany lub silny. Przy umiarkowanym lub silnym wietrze testy ataków dystansowych bronią są wykonywane z utrudnieniem, jeśli atak ma swoje źródło lub cel w tym obszarze lub jeśli przez niego przechodzi. Przy silnym wietrze poruszanie się pod wiatr kosztuje dodatkowy metr szybkości za każdy przebyty metr...<br><br>Przewodnik Xanathara po wszystkim str.155";"Mag (XGE)"
"5";"ODEBRANIE SIŁ";" Nekromancja, 5. krąg";" 1 akcja";" 18 metrów";" W, S";" Koncentracja, do 1 minuty";"  Wić atramentowej ciemności sięga od ciebie ku stworzeniu,  które widzisz w zasięgu czaru, by wyssać z niego życie.  Cel musi wykonać rzut obronny na Zręczność. Przy udanym rzucie otrzymuje 2k8 obrażeń nekrotycznych, a zaklęcie dobiega końca. W przypadku niepowodzenia cel  otrzymuje 4k8 obrażeń nekrotycznych i przez czas trwania  czaru możesz W ramach akcji w każdej swojej turze automatycznie zadać mu 4k8 obrażeń nekrotycznych. Zaklęcie się kończy, jeśli wykorzystasz swoją akcję do czegokolwiek innego lub jeśli twój cel znajdzie się poza jego zasięgiem albo za całkowitą osłoną.  Za każdym razem, gdy czar zadaje celowi obrażenia, odzyskujesz punkty wytrzymałości równe połowie otrzymanych przez cel obrażeń nekrotycznych.Na wyższych kręgach. Jeśli rzucasz ten czar, wykorzystując komórkę co najmniej 6. kręgu, za każdy krąg powyżej 5. zwiększasz zadawane obrażenia o 1k8.";"Mag (XGE)"
"5";"PIEKIELNE WEZWANIE";" Przywoływanie, 5. krąg";" 1 minuta";" 27 metrów";" W, S, M (rubin o wartości co najmniej 999 sz)";" Koncentracja, do 1 godziny";"   Wypowiadając mroczną inkantację, wzywasz diabła z Dziewięciu Piekieł. Wybierasz typ diabła o stopniu wyzwania 6 lub niższym, na przykład haczykowatego diabla lub brodatego diabła. Pojawia się on w wolnym miejscu, które widzisz w zasięgu czaru. Znika, kiedy jego punkty wytrzymałości spadają do 0 lub gdy czar dobiega końca. <br><br>Diabeł jest nastawiony wrogo do ciebie i twoich towarzyszy. Wykonujesz za niego rzut na inicjatywę, gdyż działa w swoich własnych turach. Znajduje się on pod kontrolą MP i podczas swoich tur zachowuje się zgodnie ze swoją naturą. Może to oznaczać, że cię zaatakuje - jeśli uzna, że ma szansę wygrać - albo spróbuje nakłonić cię do złego w zamian za niewielką przysługę. MP dysponuje statystykami przywołanego stworzenia.<br>Przewodnik Xanathara po wszystkim str.159";"Mag (XGE)"
"5";"PRZEMIANA SKAŁY";" Przemiany, 5. krąg";" 1 akcja";" 36 metrów";" W, S, M (glina i woda)";" Do rozproszenia";" Wybierasz obszar kamienia lub błota, który widzisz w zasięgu czaru i który mieści się w sześcianie o boku 12 metrów, a także jeden z następujących efektów. <br><br>Przemiana skały w błoto. <br><br>Przemiana błota w skałę<br><br>Przewodnik Xanathara po wszystkim str.162";"Mag (XGE)"
"5";"SPOPIELENIE";" Wywoływanie, 5. krąg";" 1 akcja";" 27 metrów";" W";" Koncentracja, do 1 minuty";" Płomienie oplatają jedno stworzenie, które widzisz w zasięgu czaru. Cel musi wykonać rzut obronny na Zręczność. W przypadku niepowodzenia otrzymuje 8k6 obrażeń od ognia.<br>Udany rzut zmniejsza obrażenia o połowę. W przypadku niepowodzenia cel płonie również przez czas trwania czaru. Płonący cel świeci jasnym światłem w promieniu 9 metrów i słabym światłem w promieniu, kolejnych 9 metrów. Pod koniec każdej swojej tury cel może powtórzyć rzut obronny. W przypadku niepowodzenia otrzymuje 4k6 obrażeń od ognia. Udany rzut powoduje zakończenie czaru. Tych magicznych płomieni nie można zgasić w niemagiczny sposób.<br><br>Jeśli obrażenia od tego zaklęcia zabiją cel, obraca się on w popiół.";"Mag (XGE)"
"5";"SZUM SYNAPTYCZNY";" Uroki, 5. krąg";" 1 akcja";" 36 metrów";" W, S";" Natychmiastowy";" Wybierasz punkt, który widzisz w zasięgu czaru, i wywołujesz w tym miejscu wybuch psychicznej energii. Każde stworzenie w obszarze sfery o promieniu 6 metrów i środku w tym punkcie musi wykonać rzut obronny na Inteligencję. Czar nie działa na stworzenia o Inteligencji 2 lub niższej. W przypadku niepowodzenia cel otrzymuje 8k6 obrażeń psychicznych. Udany rzut zmniejsza obrażenia o połowę.<br><br>W przypadku niepowodzenia stworzenie ma również ”,problemy z pozbieraniem myśli przez 1 minutę. Za każdym razem, gdy wykonuje w tym okresie test ataku, test cechy lub rzut obronny na Kondycję, aby utrzymać koncentracje odejmuje k6 od wyniku. Pod koniec każdej swojej tury cel może powtórzyć rzut obronny na Inteligencję. Udany rzut powoduje zakończenie efektu.";"Mag (XGE)"
"5";"ŚCIANA ŚWIATŁA";" Wywoływanie, 5. krąg";" 1 akcja";" 36 metrów";" W, S, M (ręczne lusterko)";" Koncentracja, do 10 minut";"   Lśniąca ściana jasnego światła pojawia się w punkcie, który widzisz w zasięgu czaru. Wybierasz jej ustawienie - poziomo, pionowo lub pod innym kątem. Może unosić się swobodnie lub spoczywać na stałej powierzchni. Ściana może mieć do 18 metrów długości, do 3 metrów wysokości i do 1,5 metra grubości. Blokuje pole widzenia, ale nie możliwość ruchu stworzeń i obiektów. Świeci jasnym światłem w promieniu 36 metrów i słabym światłem w promieniu kolejnych 36 metrów. <br><br>W momencie pojawienia się ściany każde stworzenie przebywające w jej obszarze musi wykonać rzut obronny na Kondycję. W przypadku niepowodzenia otrzymuje 4k8 obrażeń od światłości i zostaje oślepione na 1 minutę. Udany rzut zmniejsza obrażenia o połowę i zapobiega oślepieniu. Pod koniec każdej swojej tury oślepione stworzenie może powtórzyć rzut obronny. Udany rzut powoduje zakończenie efektu. Stworzenie kończące swoją turę w obszarze ściany otrzymuje 4k8 obrażeń od światłości...<br>Przewodnik Xanathara po wszystkim str.166";"Mag (XGE)"
"5";"ŚWIT";" Wywoływanie, 5. krąg";" 1 akcja";" 18 metrów";" W, 5, M (wisiorek w kształcie słońca o wartości co najmniej 100 sz)";" Koncentracja, do 1 minuty";" Powodujesz, że na wybrane miejsce, które widzisz w zasięgu czaru, pada światło poranka. Podczas trwania czaru jasne światło świeci na obszarze walca o średnicy 9 metrów i wysokości 12 metrów. Jest to światło słoneczne.<br><br>W momencie jego pojawienia się każde stworzenie znajdujące się w tym obszarze musi wykonać rzut obronny na Kondycję. W przypadku niepowodzenia otrzymuje 4k10 obrażeń od światłości. Udany rzut zmniejsza obrażenia o połowę. Stworzenie musi wykonać rzut obronny również wtedy, gdy kończy swoją turę w tym obszarze.<br><br>Jeśli znajdujesz się obrębie 18 metrów od walca, w ramach akcji dodatkowej w swojej turze możesz przesunąć go do 18 metrów.";"Mag (XGE)"
"5";"UDERZENIE STALOWEGO WICHRU";" Przywoływanie, 5. krąg";" 1 akcja";" 9 metrów";" S, M (broń biała o wartości co najmniej 1 ss)";" Natychmiastowy";" Bierzesz zamach bronią będącą komponentem tego czaru, po czym znikasz, by uderzyć z prędkością wiatru. Wybierz maksymalnie pięć istot, które widzisz w zasięgu czaru. Wykonujesz atak wręcz czarem przeciw każdemu celowi. Przy trafieniu cel otrzymuje 6k10 obrażeń od mocy.<br><br>Następnie możesz teleportować się na wolne miejsce, które widzisz w obrębie 1,5 metra od jednego z celów, niezależnie od tego, czy udało ci się go trafić.";"Mag (XGE)"
"5";"WYLEW NEGATYWNEJ ENERGII";" Nekromancja, 5. krąg";" 1 akcja";" 18 metrów";" W, M (złamana kość i kwadrat czarnego jedwabiu)";" Natychmiastowy";"   Wysyłasz wstęgi negatywnej energii ku stworzeniu, które widzisz w zasięgu czaru. Jeśli cel nie jest nieumarłym, musi wykonać rzut obronny na Kondycję. W przypadku niepowodzenia otrzymuje 5k12 obrażeń nekrotycznych. Udany rzut zmniejsza obrażenia o połowę. Cel zabity tymi obrażeniami powstaje jako zombi na początku twojej następnej tury. Zombie ściga najbliższą istotę, którą widzi. Jego statystyki znajdziesz w Księdze Potworów.<br><br>Jeśli celem tego czaru jest nieumarły, to nie wykonuje on rzutu obronnego. Zamiast tego rzuć 5k12. Cel zyskuje tymczasowe punkty wytrzymałości równe połowie tej wartości.";"Mag (XGE)"
"5";"WZMOCNIENIE UMIEJĘTNOŚCI";" Przemiany, 5. krąg";" 1 akcja";" Dotyk";" W, S";" Koncentracja, do 1 godziny";" Twoja magia pomaga stworzeniu pogłębić zrozumienie jego własnego talentu. Dotykasz przychylnego stworzenia i zapewniasz mu doskonałą znajomość wybranej przez ciebie umiejętności. Podczas trwania czaru cel ma podwójną premię z biegłości w testach cechy wykonywanych z użyciem tej umiejętności.<br><br>Musisz wybrać umiejętność, w której cel jest biegły i która nie korzysta już z innego efektu podwajającego premię z biegłości (takiego jak zdolność Znawstwo).";"Mag (XGE)"
"6";"INWESTYTURA KAMIENIA";" Przemiany, 6. krąg";" 1 akcja";" Na siebie";" W, S";" Koncentracja, do 10 minut";"   Podczas trwania czaru twoje ciało pokrywa warstwa kamieni i zyskujesz następujące korzyści:<br>-Masz odporność na obrażenia cięte, kłute i obuchowe z niemagicznych ataków.<br>-W ramach akcji możesz wywołać małe trzęsienie ziemi w promieniu 4,5 metra wokół siebie. Inne stworzenia znajdujące się na ziemi w tym obszarze muszą wykonać rzut obronny na Zręczność. W przypadku niepowodzenia zostają powalone.<br>-Pokonywanie trudnego terenu spowodowanego ziemią lub skałą nie kosztuje cię dodatkowej szybkości. Możesz przechodzić przez ubitą ziemię lub litą skałę jak przez powietrze bez naruszania ich struktury, ale nie możesz zakończyć w nich swojego ruchu. Jeśli to zrobisz, zostajesz wypchnięty w najbliższe wolne miejsce i ogłuszony do końca swojej następnej tury, a zaklęcie dobiega końca. ";"Mag (XGE)"
"6";"INWESTYTURA LODU";" Przemiany, 6. krąg";" 1 akcja";" Na siebie";" W, S";" Koncentracja, do 10 minut";"   Podczas trwania czaru twoje ciało pokrywa warstwa szronu i zyskujesz następujące korzyści:<br>-Masz niepodatność na obrażenia od zimna i odporność na obrażenia od ognia.<br>-Pokonywanie trudnego terenu spowodowanego lodem lub śniegiem nie kosztuje cię dodatkowej szybkości.<br>-Obszar w promieniu 3 metrów od ciebie pokrywa się , lodem i stanowi trudny teren dla wszystkich stworzeń oprócz ciebie. Obszar ten przemieszcza się wraz z tobą.<br>-W ramach akcji możesz wyciągnąć rękę w wybranym kierunku i stworzyć stożek lodowatego wiatru o długości 4,5 metra. Każde stworzenie w tym obszarze musi wykonać rzut obronny na Kondycję, W Przypadku niepowodzenia otrzymuje 4k6 obrażeń od zimna. Udany rzut zmniejsza obrażenia o połowę. Szybkość stworzenia, które poniosło porażkę w rzucie obronnym, zmniejsza się o połowę do początku twojej następnej tury.";"Mag (XGE)"
"6";"INWESTYTURA OGNIA";" Przemiany, 6. krąg";" 1 akcja";" Na siebie";" W, S";" Koncentracja, do 10 minut";"   Twoje ciało pokrywają płomienie, które emanują jasnym światłem w promieniu 9 metrów i słabym światłem w promieniu kolejnych 9 metrów przez czas trwania czaru. Płomienie nie wyrządzają ci krzywdy. Podczas trwania czaru zyskujesz następujące korzyści:<br>-Masz niepodatność na obrażenia od ognia i odporność na obrażenia od zimna.<br>-Każde stworzenie wchodzące po raz pierwszy w swojej turze w obszar w obrębie 1,5 metra od ciebie lub kończące tam swoją turę otrzymuje 1k10 obrażeń od ognia. <br>-W ramach akcji możesz stworzyć linię ognia - w kształcie prostej o długości 4,5 metra i szerokości 1,5 metra rozciągającą się od ciebie w wybranym kierunku. Każde stworzenie, które znajdzie się w tym obszarze, musi wykonać rzut obronny na Zręczność. W przypadku niepowodzenia otrzymuje 4k8 obrażeń od ognia. Udany rzut zmniejsza obrażenia o połowę.";"Mag (XGE)"
"6";"INWESTYTURA WIATRU";" Przemiany, 6. krąg";" 1 akcja";" Na siebie";" W, S";" Koncentracja, do 10 minut";"   Podczas trwania czaru wokół ciebie wiruje wiatr i zyskujesz następujące korzyści:<br>-Testy ataków dystansowych bronią przeciw tobie są wykonywane z utrudnieniem.<br>-Masz szybkość lotu 18 metrów. Jeśli zaklęcie dobiega końca, a ty nadal znajdujesz się w powietrzu, spadasz, chyba że możesz jakoś temu zapobiec. <br>-W ramach akcji możesz stworzyć sześcian wirującego wiatru o boku 4,5 metra i środku w punkcie, który widzisz w obrębie 18 metrów od siebie. Każde stworzenie w tym obszarze musi wykonać rzut obronny na Kondycję. W przypadku niepowodzenia otrzymuje 2k10 obrażeń obuchowych. Udany rzut zmniejsza obrażenia o połowę. Jeśli Duże lub mniejsze stworzenie poniesie porażkę w rzucie obronnym, to zostaje również odepchnięte na odległość do 3 metrów od środka sześcianu.";"Mag (XGE)"
"6";"MENTALNE WIĘZIENIE";" Iluzje, 6. krąg";" 1 akcja";" 18 metrów";" S";" Koncentracja, do 1 minuty";"   Próbujesz zamknąć stworzenie w iluzorycznej celi, którą widzi tylko ono. Wybrana istota w zasięgu czaru musi wykonać rzut obronny na Inteligencję. Cel niepodatny na zauroczenie automatycznie odnosi sukces w tym rzucie. Udany rzut powoduje, że cel otrzymuje 5k10 obrażeń psychicznych, a zaklęcie dobiega końca. W przypadku niepowodzenia cel otrzymuje 5k10 obrażeń psychicznych, a obszar bezpośrednio wokół niego wydaje mu się nagle niebezpieczny z jakiegoś powodu. Możesz sprawić, że cel będzie widział otaczające go płomienie, latające w powietrzu brzytwy lub przeraźliwe paszcze najeżone kłami. Bez  względu na formę iluzji cel nie widzi ani nie słyszy niczego poza nią i zostaje unieruchomiony na czas trwania czaru Jeśli zostanie przemieszczony poza iluzję, wykona przez nią atak wręcz albo któraś część jego ciała przejdzie przez iluzję, to cel otrzymuje 10k10 obrażeń psychicznych a zaklęcie dobiega końca";"Mag (XGE)"
"6";"PRZEMIANA TENSERA";" Przemiany, 6. krąg";" 1 akcja";" Na siebie";" W, S, M (kilka włosów byka)";" Koncentracja, do 10 minut";" Zapewniasz sobie dzięki magii niezwykłą wytrzymałość i sprawność bojową, Podczas trwania czaru nie możesz rzucać czarów, ale zyskujesz następujące korzyści:<br>-Zyskujesz 50 tymczasowych punktów wytrzymałości. Jeśli nie zostaną zużyte, przepadają, gdy czar dobiega końca.<br>-Masz ułatwienie w testach ataku wykonywanych przy użyciu broni prostych i żołnierskich.<br>-Gdy trafiasz cel atakiem bronią, otrzymuje on dodatkowo 2k12 obrażeń od mocy.<br>-Masz biegłość we wszystkich pancerzach, tarczach, broniach prostych i żołnierskich.<br>- Masz biegłość w rzutach obronnych na Siłę i Kondycję. <br>-Gdy wykonujesz w swojej turze akcję Ataku, możesz wykonać dwa ataki zamiast jednego. Ignorujesz tę korzyść, jeśli masz już podobną właściwość zapewniającą ci więcej ataków, taką jak Dodatkowy atak.  Natychmiast po zakończeniu czaru musisz wykonać rzut obronny na Kondycję o ST 15. W przypadku niepowodzenia otrzymujesz jeden poziom wyczerpania.";"Mag (XGE)"
"6";"ROZRZUCENIE";" Przywoływanie, 6. krąg";" 1 akcja";" 9 metrów";" W";" Natychmiastowy";"   Powietrze wibruje wokół maksymalnie pięciu wybranych stworzeń, które widzisz w zasięgu czaru. Jeśli cel chce się oprzeć działaniu zaklęcia, musi wykonać udany rzut obronny na Mądrość. Teleportujesz każdy cel objęty zaklęciem na wolne miejsce, które widzisz w obrębie 36 metrów od ciebie. Miejsce to musi znajdować się na ziemi lub innym podłożu.";"Mag (XGE)"
"6";"STWORZENIE HOMUNKULUSA";" Przemiany, 6. krąg";" 1 godzina";" Dotyk";" W, S, M (glina, popiół 1 korzeń mandragory, wszystkie zużywane przez zaklęcie, a także inkrustowany klejnotami sztylet o wartości co najmniej 1000 sz)";" ";" Wypowiadasz zawiłą inkantację i nacinasz swoją skórę sztyletem inkrustowanym klejnotami, otrzymując 2k4 obrażeń kłutych, których nie można w żaden sposób zredukować. Następnie skrapiasz krwią pozostałe składniki zaklęcia i dotykasz ich, przekształcając je w specjalny konstrukt zwany homunkulusem. Jego statystyki znajdziesz w Księdze Potworów...<br><br>Przewodnik Xanathara po wszystkim str.165";"Mag (XGE)"
"6";"WIĘZIENIE DUSZY";" Nekromancja, 6. krąg";" 1 reakcja, podejmowana w odpowiedzi na śmierć humanoida, którego widzisz w obrębie 18 metrów od ciebie";" 18 metrów";" W, S, M (malutka srebrna klatka o wartości 100 sz)";" 8 godzin";"   To zaklęcie porywa duszę umierającego humanoida i więzi ją w niewielkiej klatce będącej komponentem materialnym czaru. Skradziona dusza pozostaje w klatce na czas trwania czaru lub dopóki nie zniszczysz klatki, co zakończy zaklęcie. Dopóki dusza znajduje się w klatce, możesz wykorzystać ją w jeden z następujących sposobów. Możesz to zrobić maksymalnie sześć razy. Po szóstym razie dusza zostaje uwolniona, a czar dobiega końca. Kiedy dusza jest uwięziona, nie da się ożywić martwego humanoida, z którego pochodzi...<br><br>Xanathara przewodnik po wszystkim str.168<br>";"Mag (XGE)"
"7";"GWIEŻDZISTA KORONA";" Wywoływanie, Z krąg";" 1 akcja";" Na siebie";" W, S";" 1 godzina";"   Siedem świetlistych iskier przypominających gwiazdy  pojawia się i krąży wokół twojej głowy przez czas trwania czaru. W ramach akcji dodatkowej możesz wysłać jedną  z nich w stronę stworzenia lub obiektu znajdującego si ęw obrębie 36 metrów od ciebie. Gdy to robisz, wykonaj atak dystansowy czarem. Przy trafieniu cel otrzymuje 4k12 obrażeń od światłości. Niezależnie od tego, czy udało ci się trafić, iskra zostaje zużyta. Czar kończy się szybciej, gdy wykorzystasz ostatnią iskrę.  Jeśli masz przy sobie co najmniej cztery iskry, świecą one jasnym światłem w promieniu 9 metrów i słabym światłem w promieniu kolejnych 9 metrów. Jeśli jest ich od jednej do trzech, świecą słabym światłem w promieniu 9 metrów.<br><br>Na wyższych kręgach. Jeśli rzucasz ten czar, wykorzystując komórkę co najmniej 8. kręgu, za każdy krąg powyżej 7. zwiększasz liczbę stworzonych iskier o 2. ";"Mag (XGE)"
"7";"SŁOWO MOCY BÓL";" Uroki, 7. krąg";" 1 akcja";" 18 metrów";" W";" Natychmiastowy";"   Wypowiadasz słowo mocy wywołujące fale intensywnego bólu u stworzenia, które widzisz w zasięgu czaru. Jeśli cel ma do 100 punktów wytrzymałości, zostaje przytłoczony obezwładniającym bólem. W przeciwnym wypadku czar nie przynosi efektu. Zaklęcie nie działa również na stworzenia niepodatne na zauroczenie.<br><br>Podczas gdy cel jest dotknięty bólem, jego szybkość może wynosić maksymalnie 3 metry. Ma on również utrudnienie w testach ataku, testach cech i rzutach obronnych (poza rzutami obronnymi na Kondycję). Co więcej, jeśli próbuje rzucić czar, musi najpierw wykonać rzut obronny na Kondycję. W przypadku niepowodzenia czar się nie udaje, a komórka czaru zostaje zużyta.<br><br>Pod koniec każdej swojej tury cel dotknięty bólem może wykonać rzut obronny na Kondycję. Udany rzut kończy działanie czaru.";"Mag (XGE)"
"7";"TRĄBA POWIETRZNA";" Wywoływanie, 7. krąg";" 1 akcja";" 90 metrów";" W, M (kawałek słomy)";" Koncentracja, do 1 minuty";" Z punktu, który widzisz W zasięgu czaru, unosi się wyjąca trąba powietrzna. Ma kształt walca o promieniu 3 metrów, wysokości 9 metrów i punkcie wyjścia we wskazanym miejscu. Podczas trwania czaru w ramach akcji możesz przesunąć trąbę powietrzną do 9 metrów po podłożu w dowolnym kierunku. Wciąga ona Średnie lub mniejsze obiekty, które nie są o niczego przymocowane, noszone ani trzymane...<br><br>Przewodnik Xanathara po wszystkim str.167";"Mag (XGE)"
"8";"CIEMNOŚĆ OBŁĘDU";" Wywoływanie, 8. krąg";" 1 akcja";" 45 metrów";" W, M (kropla smoły zmieszana z kroplą rtęci)";" Koncentracja, do 10 minut";"   Wskazujesz punkt w zasięgu czaru i wysnuwasz z niego magiczną ciemność, wypełniając nią na czas trwania czaru sferę o promieniu 18 metrów. Ciemność sięga za załomy. Stworzenia mające zdolność widzenia w ciemności nie mogą jej przejrzeć. Nie może jej rozświetlić niemagiczne światło ani światło stworzone czarem kręgu 8.<br>lub niższego. <br><br>W obszarze tym słychać wrzaski, bełkot i szaleńczy śmiech. Za każdym razem, gdy stworzenie zaczyna tam swoją turę, musi wykonać rzut obronny ma Mądrość. W przypadku niepowodzenia otrzymuje 8k8 obrażeń  psychicznych. Udany rzut zmniejsza obrażenia o połowę.";"Mag (XGE)"
"8";"PLUGAWY UWIĄD ABI- DALZIMA";" Nekromancja, 8. krąg";" 1 akcja";" 45 metrów";" W, S, M (kawałek gąbki";" Natychmiastowy";" Wyciągasz wilgoć ze wszystkich istot w obrębie sześcianu o boku 9 metrów w środku w wybranym przez ciebie punkcie w zasięgu czaru. Każde stworzenie w tym obszarze musi wykonać rzut obronny na Kondycję. Czar nie działa na nieumarłych i konstrukty, a rośliny i żywiołaki wody mają utrudnienie w rzucie obronnym. W przypadku niepowodzenia stworzenie otrzymuje 12k8 obrażeń nekrotycznych. Udany rzut zmniejsza obrażenia o połowę.<br><br>Niemagiczne rośliny, które nie są stworzeniami, na przykład drzewa w krzewy, od razu więdną i umierają.";"Mag (XGE)"
"8";"POTĘŻNA FORTECA";" Przywoływanie, 8. krąg";" 1 minuta";" 1,5 kilometra";" W, 5, M (diament o wartości co najmniej ' 500 sz, zużywany przez zaklęcie)";" Natychmiastowy";" Na wybranym kwadratowym obszarze, który widzisz w zasięgu czaru, z ziemi wyrasta kamienna forteca. Obszar musi mieć boki o długości co najmniej 36 metrów i nie mogą się na nim znajdować żadne budynki ani inne konstrukcje. Wszelkie stworzenia przebywające na tym obszarze zostają bezpiecznie podniesione, gdy powstaje forteca.<br><br>Forteca ma cztery kwadratowe baszty o bokach długości 6 metrów i wysokości 9 metrów - po jednej w każdym rogu. Baszty połączone są ze sobą kamiennymi murami o długości 24 metrów tworzącymi zamknięty dziedziniec. Mury mają 30 centymetrów grubości i składają się 2 segmentów każdy o długości 3 metrów i wysokości 6 metrów...<br><br>Przewodnik Xanathara po wszystkim str.161<br><br><br>";"Mag (XGE)"
"8";"SMOCZE WIDMO";" Iluzje, 8. krąg";" 1 akcja";" 36 metrów";" S";" Koncentracja, do 1 minuty";" Zbierając wątki cienistej materii z Shadowfell, tworzysz Wielkiego smoka utkanego z cienia w wolnym miejscu, które widzisz W zasięgu czaru. Iluzja utrzymuje się przez czas trwania zaklęcia i zajmuje swoją przestrzeń, jakby była stworzeniem.<br><br>Wszyscy wrogowie, którzy widzą iluzję w momencie jej pojawienia się, muszą wykonać rzut obronny na Mądrość. W przypadku niepowodzenia zostają nią przerażeni na 1 minutę. Jeśli przerażone stworzenie kończy swoją turę w miejscu, w którym nie ma iluzji W zasięgu wzroku, może powtórzyć rzut obronny. Udany rzut powoduje zakończenie efektu...<br><br>Przewodnik Xanathara po wszystkim str.164";"Mag (XGE)"
"9";"MASOWA POLIMORFIA";" Przemiany, 9. krąg";" 1 akcja";" 36 metrów";" W, S, M (kokon gąsienicy)";" Koncentracja, do 1 godziny";" Transformujesz do dziesięciu wybranych stworzeń, które:  zasięgu czaru. Jeśli cel chce się oprzeć działaniu zaklęcia, musi wykonać udany rzut obronny na Mądrość. Automatycznie odnosi sukces w tym rzucie, jeśli jest zmiennokształtnym.<br><br>Każdy cel przyjmuje wybraną przez ciebie zwierzęcą formę - może ona być taka sama dla wszystkich albo inna dla każdego. Nową formą może być postać jakiejkolwiek widzianej wcześniej przez ciebie bestii o stopniu wyzwania nie Większym od SW polimorfowanego stworzenia (lub od połowy jego poziomu, jeśli nie posiada ono stopnia wyzwania). Statystyki nowej formy, w tym wartości cech umysłowych, zostają zastąpione statystykami wybranej bestii. Cel zachowuje swoją liczbę punktów wytrzymałości, charakter i osobowość....<br><br>Xanathara Przewodnik po Wszystkim str.1567 Mag (XGE)";""
"9";"NIEPODATNOŚĆ";" Odpychanie, 9. krąg";" 1 akcja";" Na siebie";" W, S, M (niewielki fragment adamantyny uformowane w koralik) o wartości co najmniej 500 sz, zużywany przez zaklęcie)";" Koncentracja, do 10 minut";" Podczas trwania czaru masz niepodatność na wszystkie obrażenia.";"Mag (XGE)"
"9";"PSYCHICZNY WRZASK";" Uroki, 9. krąg";" 1 akcja";" 27 metrów";" S";" Natychmiastowy";" Wyzwalasz moc swojego umysłu, by uderzyć W jaźń maksymalnie dziesięciu wybranych stworzeń, które widzisz w zasięgu czaru. Zaklęcie nie działa na stworzenia o Inteligencji 2 lub niższej.<br><br> Każdy cel musi wykonać rzut obronny na Inteligencję. W przypadku niepowodzenia otrzymuje 14k6 obrażeń psychicznych i zostaje ogłuszony. Udany rzut zmniejsza obrażenia o połowę i zapobiega ogłuszeniu. Jeśli cel zostanie zabity tymi obrażeniami, jego głowa eksploduje (o ile ją ma).<br><br>Pod koniec każdej swojej tury ogłuszony cel może wykonać rzut obronny na Inteligencję. Udany rzut powoduje zakończenie ogłuszenia.";"Mag (XGE)"
